[1,["88qrzrAjdDkYMBqSil18Oe"],0,[["sp.SkeletonData",["_name","_atlasText","textureNames","_skeletonJson","textures"],-1,3]],[[0,0,1,2,3,4,5]],[[0,"skeleton","\nskeleton.png\nsize: 406,426\nformat: RGBA8888\nfilter: Linear,Linear\nrepeat: none\nhg\n  rotate: false\n  xy: 243, 255\n  size: 161, 169\n  orig: 169, 179\n  offset: 4, 5\n  index: -1\njhc\n  rotate: true\n  xy: 2, 2\n  size: 422, 239\n  orig: 422, 239\n  offset: 0, 0\n  index: -1\nlg\n  rotate: false\n  xy: 243, 92\n  size: 158, 161\n  orig: 168, 171\n  offset: 5, 5\n  index: -1\nluntai\n  rotate: false\n  xy: 243, 24\n  size: 66, 66\n  orig: 66, 66\n  offset: 0, 0\n  index: -1\n",["skeleton.png"],{"skeleton":{"hash":"vzfir6opamHNW6o+WaZ1V7CIhZQ","spine":"3.8.75","x":-211,"width":422,"height":291.71,"images":"../拆解素材/","audio":""},"bones":[{"name":"root"},{"name":"jhc","parent":"root","y":119},{"name":"hg","parent":"jhc","x":87.91,"y":53.82},{"name":"lg","parent":"jhc","x":86.11,"y":86.71},{"name":"luntai","parent":"root","x":145.27,"y":30.05,"scaleY":0.9106},{"name":"lun","parent":"luntai"},{"name":"luntai2","parent":"root","x":-121.54,"y":30.05,"scaleY":0.9106},{"name":"lun2","parent":"luntai2"}],"slots":[{"name":"jhc","bone":"jhc","attachment":"jhc"},{"name":"hg","bone":"hg","attachment":"hg","blend":"additive"},{"name":"lg","bone":"lg","attachment":"lg","blend":"additive"},{"name":"luntai","bone":"lun","attachment":"luntai"},{"name":"luntai2","bone":"lun2","attachment":"luntai"}],"skins":[{"name":"default","attachments":{"luntai2":{"luntai":{"width":66,"height":66}},"jhc":{"jhc":{"y":0.5,"width":422,"height":239}},"luntai":{"luntai":{"width":66,"height":66}},"lg":{"lg":{"y":0.5,"width":168,"height":171}},"hg":{"hg":{"x":0.5,"y":0.5,"width":169,"height":179}}}}],"animations":{"animation":{"slots":{"hg":{"color":[{"color":"ffffffff"},{"time":0.5,"color":"ffffff00"},{"time":1,"color":"ffffffff"}]},"lg":{"color":[{"color":"ffffff00"},{"time":0.5,"color":"ffffffff"},{"time":1,"color":"ffffff00"}]}},"bones":{"lun":{"rotate":[{},{"time":0.5,"angle":180},{"time":1}]},"lun2":{"rotate":[{},{"time":0.5,"angle":180},{"time":1}]},"jhc":{"translate":[{},{"time":0.1667,"y":-4.81},{"time":0.3333},{"time":0.5,"y":-4.81},{"time":0.6667},{"time":0.8333,"y":-4.81},{"time":1}]}}}}},[0]]],0,0,[0],[-1],[0]]