[1,["4623uP+X1K6L3Yv724Gded"],0,[["sp.SkeletonData",["_name","_atlasText","textureNames","_skeletonJson","textures"],-1,3]],[[0,0,1,2,3,4,5]],[[0,"qtn_dj","\nqtn_dj.png\nsize: 2023,893\nformat: RGBA8888\nfilter: Linear,Linear\nrepeat: none\nst\n  rotate: true\n  xy: 2, 306\n  size: 585, 1228\n  orig: 585, 1228\n  offset: 0, 0\n  index: -1\ntf_s\n  rotate: false\n  xy: 1622, 389\n  size: 388, 502\n  orig: 388, 521\n  offset: 0, 19\n  index: -1\ntf_x\n  rotate: false\n  xy: 1232, 348\n  size: 388, 543\n  orig: 388, 543\n  offset: 0, 0\n  index: -1\ntou\n  rotate: false\n  xy: 1722, 84\n  size: 299, 303\n  orig: 301, 304\n  offset: 1, 1\n  index: -1\nymm\n  rotate: false\n  xy: 1823, 31\n  size: 98, 51\n  orig: 99, 52\n  offset: 0, 1\n  index: -1\nys\n  rotate: true\n  xy: 2, 2\n  size: 153, 653\n  orig: 153, 653\n  offset: 0, 0\n  index: -1\nyt\n  rotate: true\n  xy: 1232, 55\n  size: 291, 488\n  orig: 291, 488\n  offset: 0, 0\n  index: -1\nyyj\n  rotate: true\n  xy: 1183, 190\n  size: 69, 45\n  orig: 69, 46\n  offset: 0, 1\n  index: -1\nyyz\n  rotate: true\n  xy: 1183, 142\n  size: 46, 42\n  orig: 46, 43\n  offset: 0, 1\n  index: -1\nzb\n  rotate: false\n  xy: 1622, 350\n  size: 79, 37\n  orig: 81, 41\n  offset: 1, 2\n  index: -1\nzmm\n  rotate: false\n  xy: 1722, 32\n  size: 99, 50\n  orig: 100, 52\n  offset: 1, 1\n  index: -1\nzs\n  rotate: true\n  xy: 2, 157\n  size: 147, 678\n  orig: 147, 678\n  offset: 0, 0\n  index: -1\nzt\n  rotate: true\n  xy: 682, 12\n  size: 292, 499\n  orig: 292, 499\n  offset: 0, 0\n  index: -1\nzyj\n  rotate: false\n  xy: 1923, 33\n  size: 76, 49\n  orig: 76, 49\n  offset: 0, 0\n  index: -1\nzyz\n  rotate: false\n  xy: 1183, 261\n  size: 47, 43\n  orig: 47, 44\n  offset: 0, 1\n  index: -1\n",["qtn_dj.png"],{"skeleton":{"hash":"/YdEPdOD1bvD0JmK5n0a1+zY1s8","spine":"3.8.75","x":-292.5,"y":-1034.18,"width":585.01,"height":2043.31,"fps":24,"images":"../拆解素材/","audio":"C:/Users/Administrator/Desktop/q_前台女待机"},"bones":[{"name":"root"},{"name":"yt","parent":"root","x":145,"y":-790.18},{"name":"st","parent":"root"},{"name":"zt","parent":"root","x":-146.29,"y":-782.72},{"name":"bone73","parent":"st","length":206,"rotation":-89.74,"x":-6.75,"y":54.95},{"name":"bone62","parent":"st","length":228,"rotation":164.28,"x":-8.55,"y":365.75},{"name":"bone77","parent":"st","length":241,"rotation":-59.04,"x":0.95,"y":69.4},{"name":"bone68","parent":"st","length":158,"rotation":-173.4,"x":170.05,"y":188.2},{"name":"tou","parent":"st","x":-21.79,"y":720.74},{"name":"ys","parent":"st","x":206.95,"y":106.9},{"name":"bone69","parent":"st","length":241,"rotation":-120.96,"x":-10.6,"y":64.6},{"name":"bone67","parent":"st","length":159,"rotation":-2.3,"x":-185,"y":177.5},{"name":"zs","parent":"st","x":-216.28,"y":67.15},{"name":"bone78","parent":"bone77","length":152,"rotation":-0.67,"x":241.69},{"name":"zb","parent":"tou","x":-0.41,"y":-88.29},{"name":"zyj","parent":"tou","x":-71.16,"y":23.44},{"name":"bone70","parent":"bone69","length":142,"rotation":-0.45,"x":241.39,"y":-1.35},{"name":"bone74","parent":"bone73","length":155,"rotation":-0.97,"x":206.3},{"name":"bone63","parent":"bone62","length":203,"rotation":-140.68,"x":-7.95,"y":-3.33},{"name":"tf_x","parent":"tou","x":-1.58,"y":15.81},{"name":"yyj","parent":"tou","x":76.75,"y":25.85},{"name":"ymm","parent":"tou","x":73.7,"y":36.59},{"name":"zmm","parent":"tou","x":-83.4,"y":34.74},{"name":"tf_s","parent":"tou","x":-0.43,"y":274.43},{"name":"bone58","parent":"tf_s","length":46,"rotation":-92.2,"x":140.68,"y":-232.56},{"name":"bone64","parent":"bone63","length":188,"rotation":68.36,"x":-2,"y":11.41},{"name":"bone75","parent":"bone74","length":191,"rotation":0.12,"x":155.21},{"name":"bone19","parent":"tf_s","length":44,"rotation":-57.89,"x":-141.22,"y":-335.91},{"name":"zyz","parent":"zyj","x":-6.33,"y":3.12},{"name":"bone43","parent":"tf_s","length":68,"rotation":-33.51,"x":48.78,"y":-2.81},{"name":"bone79","parent":"bone78","length":156,"rotation":-19.62,"x":152.94},{"name":"bone30","parent":"tf_s","length":48,"rotation":-94.18,"x":-2.47,"y":-16.06},{"name":"bone25","parent":"tf_s","length":45,"rotation":-115.57,"x":-17.52,"y":-12.51},{"name":"bone9","parent":"tf_s","length":47,"rotation":-105.04,"x":-142.12,"y":-134.46},{"name":"bone15","parent":"tf_s","length":52,"rotation":-90,"x":-151.82,"y":-280.26},{"name":"yyz","parent":"yyj","x":-10.49,"y":1.2},{"name":"bone35","parent":"tf_s","length":59,"rotation":-84.88,"x":8.98,"y":-25.76},{"name":"bone20","parent":"tf_s","length":52,"rotation":-128.24,"x":-59.07,"y":-29.31},{"name":"bone","parent":"tf_s","length":76,"rotation":-152.55,"x":-31.67,"y":1.64},{"name":"bone39","parent":"tf_s","length":75,"rotation":-57.99,"x":18.73,"y":-4.56},{"name":"bone52","parent":"tf_s","length":73,"rotation":-80.33,"x":142.43,"y":-152.11},{"name":"bone71","parent":"bone70","length":142,"rotation":13.22,"x":142.37},{"name":"bone80","parent":"bone79","length":130,"rotation":-2.59,"x":156.18,"y":0.93},{"name":"bone36","parent":"bone35","length":56,"rotation":7.63,"x":59.44},{"name":"bone53","parent":"bone52","length":69,"rotation":-6.02,"x":73.54},{"name":"bone26","parent":"bone25","length":53,"rotation":5.35,"x":45.06},{"name":"bone1","parent":"bone","length":60,"rotation":21.16,"x":76.68},{"name":"bone44","parent":"bone43","length":72,"rotation":-28.02,"x":68.84},{"name":"bone40","parent":"bone39","length":64,"rotation":-9.33,"x":75},{"name":"bone10","parent":"bone9","length":57,"rotation":7.04,"x":47.58},{"name":"bone59","parent":"bone58","length":43,"rotation":-12.89,"x":46.83},{"name":"bone16","parent":"bone15","length":47,"rotation":8.57,"x":52.15},{"name":"bone21","parent":"bone20","length":59,"rotation":12.79,"x":48.41,"y":-0.05},{"name":"bone65","parent":"bone64","length":177,"rotation":107.02,"x":-20.19,"y":4.99},{"name":"bone76","parent":"bone75","length":93,"rotation":0.58,"x":191.86},{"name":"bone72","parent":"bone71","length":121,"rotation":10.44,"x":142.05},{"name":"bone31","parent":"bone30","length":53,"rotation":5.1,"x":48.73},{"name":"bone17","parent":"bone16","length":47,"rotation":5.47,"x":47.33},{"name":"bone37","parent":"bone36","length":40,"rotation":10.45,"x":56.19},{"name":"bone2","parent":"bone1","length":65,"rotation":17.58,"x":60.12},{"name":"bone27","parent":"bone26","length":39,"rotation":3.39,"x":52.86,"y":-0.29},{"name":"bone41","parent":"bone40","length":53,"rotation":-13.19,"x":64.21},{"name":"bone22","parent":"bone21","length":46,"rotation":13.53,"x":60.5,"y":0.39},{"name":"bone54","parent":"bone53","length":71,"rotation":-9.38,"x":69.94},{"name":"bone45","parent":"bone44","length":78,"rotation":-7.99,"x":72.35},{"name":"bone32","parent":"bone31","length":44,"rotation":5.98,"x":53.01},{"name":"bone11","parent":"bone10","length":59,"rotation":3.7,"x":57.11},{"name":"bone60","parent":"bone59","length":36,"rotation":-3.36,"x":43.75,"y":0.82},{"name":"bone66","parent":"bone65","length":186,"rotation":138.41,"x":-10.48,"y":2.44},{"name":"bone46","parent":"bone45","length":81,"rotation":-12.97,"x":78.3},{"name":"bone28","parent":"bone27","length":40,"rotation":8.04,"x":39.7},{"name":"bone3","parent":"bone2","length":67,"rotation":15.49,"x":65.64},{"name":"bone55","parent":"bone54","length":54,"rotation":-16.22,"x":71.06},{"name":"bone61","parent":"bone60","length":28,"rotation":-25.24,"x":36.32},{"name":"bone42","parent":"bone41","length":47,"rotation":11.27,"x":53.73},{"name":"bone23","parent":"bone22","length":45,"rotation":7.41,"x":46.96},{"name":"bone18","parent":"bone17","length":52,"rotation":4.73,"x":46.98,"y":-1.75},{"name":"bone33","parent":"bone32","length":38,"rotation":14.84,"x":44.52},{"name":"bone12","parent":"bone11","length":53,"rotation":3.4,"x":59.37},{"name":"bone38","parent":"bone37","length":32,"rotation":-4.29,"x":40.36},{"name":"bone34","parent":"bone33","length":33,"rotation":4.86,"x":38.06},{"name":"bone56","parent":"bone55","length":38,"rotation":-13.57,"x":54.29},{"name":"bone24","parent":"bone23","length":52,"rotation":11.29,"x":45.19},{"name":"bone29","parent":"bone28","length":37,"rotation":3.33,"x":40.22},{"name":"bone4","parent":"bone3","length":54,"rotation":2.66,"x":67.01},{"name":"bone13","parent":"bone12","length":46,"rotation":8.53,"x":53.91},{"name":"bone47","parent":"bone46","length":61,"rotation":-4.27,"x":81.1},{"name":"bone57","parent":"bone56","length":35,"rotation":-3.36,"x":38.03},{"name":"bone14","parent":"bone13","length":30,"rotation":10.84,"x":46.36},{"name":"bone48","parent":"bone47","length":49,"rotation":-8.32,"x":61.95},{"name":"bone5","parent":"bone4","length":65,"rotation":3.35,"x":54.16},{"name":"bone49","parent":"bone48","length":48,"rotation":-5.43,"x":49.7},{"name":"bone6","parent":"bone5","length":58,"rotation":2.32,"x":65.45},{"name":"bone7","parent":"bone6","length":53,"rotation":-0.92,"x":58.3},{"name":"bone50","parent":"bone49","length":40,"rotation":-13.82,"x":48.51},{"name":"bone51","parent":"bone50","length":29,"rotation":-12.11,"x":41.55,"y":0.35},{"name":"bone8","parent":"bone7","length":40,"rotation":18.55,"x":53.06}],"slots":[{"name":"tf_x","bone":"tf_x","attachment":"tf_x"},{"name":"zs","bone":"zs","attachment":"zs"},{"name":"ys","bone":"ys","attachment":"ys"},{"name":"yt","bone":"yt","attachment":"yt"},{"name":"zt","bone":"zt","attachment":"zt"},{"name":"st","bone":"st","attachment":"st"},{"name":"tou","bone":"tou","attachment":"tou"},{"name":"tf_s","bone":"tf_s","attachment":"tf_s"},{"name":"zb","bone":"zb","attachment":"zb"},{"name":"zyj","bone":"zyj","attachment":"zyj"},{"name":"zyz","bone":"zyz","attachment":"zyz"},{"name":"zmm","bone":"zmm","attachment":"zmm"},{"name":"yyj","bone":"yyj","attachment":"yyj"},{"name":"yyz","bone":"yyz","attachment":"yyz"},{"name":"ymm","bone":"ymm","attachment":"ymm"}],"skins":[{"name":"default","attachments":{"tou":{"tou":{"width":301,"height":304}},"zmm":{"zmm":{"width":100,"height":52}},"yyj":{"yyj":{"x":-12.82,"y":-1.36,"width":69,"height":46}},"zyj":{"zyj":{"width":76,"height":49}},"ymm":{"ymm":{"width":99,"height":52}},"ys":{"ys":{"x":1.54,"y":-4.62,"width":153,"height":653}},"yt":{"yt":{"width":291,"height":488}},"st":{"st":{"type":"mesh","hull":45,"width":585,"height":1228,"uvs":[0.34718,0.00399,0.35855,0.05725,0.35855,0.07716,0.2959,0.08982,0.17436,0.1044,0.0206,0.15041,0.00162,0.17394,0.12504,0.27439,0.09462,0.32138,0.07564,0.3875,0.12504,0.43624,0.15726,0.46067,0.21427,0.56388,0.19333,0.60358,0.09274,0.68318,0.05094,0.74568,0.01111,0.80448,0,0.85594,0,0.95191,0.17248,0.99251,0.30915,1,0.79521,1,0.91299,0.98538,1,0.95725,0.99274,0.84695,0.96803,0.77011,0.93197,0.70037,0.78385,0.56739,0.79521,0.51572,0.81231,0.46873,0.81231,0.44426,0.88615,0.38013,0.87675,0.32769,0.85017,0.27602,0.9188,0.23441,0.95479,0.19833,0.97376,0.15945,0.94906,0.13591,0.71932,0.09613,0.66615,0.0934,0.61675,0.08607,0.5788,0.06164,0.58453,0.01653,0.58641,0,0.38513,0,0.22889,0.27875,0.21274,0.30774,0.20197,0.34609,0.20017,0.38876,0.21453,0.42712,0.24496,0.45611,0.30761,0.27789,0.27538,0.31201,0.26103,0.3478,0.26821,0.38278,0.28974,0.41942,0.31479,0.45611,0.38812,0.44332,0.3506,0.41262,0.33265,0.3785,0.33085,0.34015,0.35239,0.31201,0.39709,0.29239,0.45436,0.31625,0.42932,0.33758,0.42393,0.34695,0.41496,0.3717,0.42752,0.41604,0.44009,0.44332,0.51162,0.30945,0.53846,0.32394,0.54744,0.34442,0.54385,0.37256,0.55282,0.40835,0.54026,0.42883,0.52598,0.44503,0.59222,0.28559,0.61726,0.30945,0.63872,0.33331,0.64231,0.36144,0.64769,0.39129,0.63154,0.41775,0.62444,0.44674,0.6835,0.26511,0.71214,0.29752,0.73359,0.33074,0.74077,0.33844,0.74436,0.37427,0.74077,0.41177,0.72291,0.44589,0.69419,0.46718,0.76222,0.25741,0.79265,0.29923,0.82487,0.36401,0.81949,0.40493,0.79444,0.43477,0.75863,0.46633,0.49359,0.37414,0.49,0.41421,0.49,0.44381,0.49906,0.33929,0.48632,0.30794,0.48265,0.28359],"triangles":[76,77,83,83,77,84,83,84,91,40,76,83,102,76,40,39,40,83,91,84,92,91,92,33,38,83,91,33,92,32,91,33,34,38,91,35,91,34,35,102,101,69,101,100,69,69,100,70,97,98,73,72,97,73,100,97,71,97,72,71,70,100,71,102,69,76,69,70,76,76,70,77,70,71,78,77,70,78,71,72,79,72,73,80,79,72,80,73,81,80,78,71,79,77,78,84,84,78,85,80,81,88,78,79,86,85,78,86,79,80,87,86,79,87,81,89,88,80,88,87,88,89,95,89,96,95,84,85,92,95,96,30,86,87,93,87,94,93,87,88,94,88,95,94,85,86,92,92,86,32,86,93,32,95,30,94,93,94,31,32,93,31,94,30,31,67,98,97,98,99,74,99,75,74,98,74,73,74,75,82,73,74,81,74,82,81,81,82,89,82,90,89,82,75,90,89,90,96,99,12,75,75,12,27,90,75,27,96,90,28,90,27,28,30,96,29,96,28,29,27,13,26,26,15,25,20,21,25,25,21,24,24,22,23,21,22,24,17,18,19,17,19,20,16,17,20,15,16,20,14,15,26,15,20,25,13,14,26,55,50,56,11,12,50,58,56,57,50,12,56,58,57,67,67,57,68,98,68,99,67,68,98,57,56,68,56,12,68,68,12,99,12,13,27,8,9,47,9,10,48,10,11,49,48,10,49,8,47,46,9,48,47,49,11,50,46,53,52,47,48,54,53,47,54,46,47,53,48,49,54,49,50,55,54,49,55,53,54,59,52,53,60,52,60,61,54,55,59,60,53,59,51,52,61,55,56,58,59,55,58,60,59,66,60,66,65,61,60,64,60,65,64,59,58,66,62,61,64,66,58,67,62,64,63,62,63,102,102,63,101,64,65,100,63,64,100,65,66,97,66,67,97,65,97,100,101,63,100,7,8,46,7,46,45,45,46,52,45,52,51,4,7,45,51,61,62,4,45,51,51,62,102,3,51,102,39,83,38,37,38,35,37,35,36,5,6,7,5,7,4,3,4,51,0,1,44,1,2,41,44,42,43,44,41,42,44,1,41,41,2,40,2,3,102,2,102,40],"vertices":[1,25,235.36,74.98,1,3,25,169.77,70.58,0.74157,5,119.63,-151.19,0.16159,18,-5.01,195.23,0.09685,4,25,145.33,71.41,0.6083,5,113.01,-127.66,0.19037,18,-14.8,172.83,0.10311,53,15.07,-177.71,0.09823,4,25,131.05,108.58,0.34979,5,144.08,-102.76,0.39049,18,-54.61,173.25,0.12496,53,54.78,-174.93,0.13475,3,25,115.59,180.25,0.10651,5,207.67,-66.27,0.788,53,127.84,-181.13,0.10548,2,5,278.95,12.49,0.90928,53,231.27,-156.96,0.09072,2,5,281.8,43.31,0.82976,53,251.17,-133.24,0.17024,3,5,178.89,142.49,0.08191,53,223.02,6.89,0.76814,11,-38.32,98.09,0.14995,2,53,258.62,55.66,0.31419,11,-53.79,39.72,0.68581,2,53,295.52,128.84,0.15331,11,-61.62,-41.86,0.84669,2,11,-30.34,-100.5,0.75851,10,95.65,-186.05,0.24149,3,11,-10.3,-129.72,0.4628,10,111.68,-154.45,0.3285,4,5.76,-193.78,0.2087,4,10,203.21,-60.64,0.50038,4,132.66,-161.01,0.07098,16,-37.72,-59.59,0.36994,17,-70.92,-162.23,0.0587,4,10,251.31,-46.06,0.43348,4,181.35,-173.49,0.03209,16,10.27,-44.64,0.48474,41,-138.8,-13.25,0.04968,4,10,365.41,-46.24,0.05395,16,124.37,-43.92,0.49275,41,-27.56,-38.64,0.42189,55,-173.81,-7.26,0.0314,3,16,202.61,-24.78,0.22511,41,52.98,-37.9,0.67188,55,-94.46,-21.13,0.10302,3,16,276.37,-7.04,0.03947,41,128.85,-37.5,0.5083,55,-19.78,-34.48,0.45223,3,16,333.7,20.35,0.02044,41,190.92,-23.94,0.25607,55,43.72,-32.4,0.7235,2,41,302.88,12.85,0.06572,55,160.49,-16.51,0.93428,2,55,196.28,90.19,0.70689,54,106.4,-181.95,0.29311,3,55,194.71,170.67,0.17839,54,115.7,-102,0.56463,26,308.59,-100.82,0.25698,3,54,115.7,182.35,0.19063,42,180.62,-85.86,0.64797,30,332.73,-93,0.1614,2,42,172.44,-15.11,0.93661,30,327.76,-21.95,0.06339,2,42,145.39,40.15,0.9252,30,303.23,34.47,0.0748,3,42,10.69,54.99,0.49358,30,169.34,55.39,0.45989,13,331.04,-4.69,0.04653,3,42,-84.75,53.96,0.19822,30,73.95,58.67,0.58137,13,242.29,30.43,0.22041,4,42,-172.52,45.12,0.04414,30,-14.13,53.8,0.45372,13,157.69,55.42,0.45229,6,400.02,53.58,0.04985,4,4,138.49,172.16,0.0642,17,-70.7,171,0.05558,13,-27.02,62.98,0.40518,6,215.41,63.29,0.47504,3,4,75.08,179.11,0.16466,13,-78.45,100.73,0.32403,6,164.42,101.64,0.51131,4,4,17.42,189.37,0.183,13,-123.22,138.47,0.19101,6,120.09,139.9,0.33532,7,4.66,150.26,0.29067,4,10,-102.75,163.77,0.16226,4,-12.63,189.51,0.16813,6,94.32,155.36,0.25128,7,1.21,120.41,0.41833,2,7,-50.76,47.15,0.82169,68,289.27,-107.03,0.17831,2,7,-52.71,-17.45,0.71834,68,259.43,-49.69,0.28166,3,18,150.99,-166.08,0.03715,7,-44.56,-82.27,0.11708,68,220.69,2.9,0.84577,3,18,208.24,-135.33,0.22927,7,-90.32,-128.41,0.17061,68,238.11,65.51,0.60012,2,18,245.26,-103.16,0.56407,68,240.52,114.5,0.43593,2,18,274.55,-63.85,0.75716,68,232.41,162.85,0.24284,2,18,272.88,-31.58,0.85375,68,207.96,183.97,0.14625,4,25,114.82,-138.71,0.15531,5,-96.46,-162.41,0.08376,18,169.27,66.99,0.66598,68,65.11,177.41,0.09495,4,25,119.23,-107.75,0.28457,5,-65.62,-157.2,0.11384,18,142.11,82.51,0.48529,68,35.11,168.55,0.1163,4,25,129.21,-79.17,0.48406,5,-35.36,-158.04,0.11569,18,119.23,102.32,0.2898,68,4.97,165.74,0.11045,4,25,159.96,-58.01,0.72778,5,-5.86,-180.9,0.07477,18,110.9,138.7,0.12731,68,-27.05,184.91,0.07014,2,25,215.21,-63.26,0.88185,18,136.15,188.13,0.11815,1,25,235.56,-65.06,1,1,25,239.59,52.62,1,4,5,118.96,131.18,0.04867,53,167.31,31.71,0.8331,11,22.6,95.18,0.09244,68,-113.55,-139.89,0.0258,4,5,118.41,168.01,0.05929,53,187.82,62.3,0.41864,11,14.58,59.23,0.47705,7,330.35,-86.47,0.04502,3,53,209.1,104.79,0.01164,11,10.18,11.92,0.98442,7,342.02,-40.4,0.00394,4,53,227.14,154,0.05383,11,11.23,-40.48,0.86157,10,23.05,-178.36,0.04438,4,-82.43,-168.27,0.04022,4,11,21.52,-87.21,0.52601,10,59.12,-146.92,0.18532,4,-35.29,-160.09,0.14886,6,-103.65,-133.67,0.13982,4,11,40.73,-122.06,0.28185,10,80.48,-113.34,0.32689,4,0.39,-142.45,0.20694,6,-63.96,-136.73,0.18431,4,5,74.92,117.7,0.1023,53,123.42,45.69,0.67881,11,68.57,98.08,0.14731,68,-71.44,-121.22,0.07158,4,5,81.71,163.14,0.06675,53,154.88,79.18,0.28335,11,51.42,55.46,0.57762,7,294.54,-77.04,0.07228,4,53,177.11,118.01,0.00886,11,44.79,11.21,0.98204,10,-38.4,-173.71,0.0039,7,307.94,-34.34,0.00521,4,11,50.71,-31.54,0.88485,10,-3.73,-148.01,0.04016,6,-134.18,-78.73,0.03637,7,308.71,8.8,0.03862,4,11,65.1,-76,0.46007,10,28.37,-114.06,0.20427,4,-44.53,-116.05,0.17199,6,-89.11,-91.08,0.16366,4,11,81.55,-120.42,0.16781,10,59.47,-78.31,0.39678,4,0.58,-101.6,0.23573,6,-42.94,-101.7,0.19969,4,11,123.78,-103.02,0.09417,10,23.93,-49.61,0.40613,4,-14.92,-58.63,0.27303,6,-34.33,-56.83,0.22667,4,11,100.34,-66.23,0.3972,10,2.9,-87.82,0.22586,4,-52.72,-80.41,0.18844,6,-77.95,-56.26,0.1885,4,11,88.17,-24.78,0.88671,10,-27.63,-118.39,0.03685,6,-119.29,-43.71,0.03374,7,270.66,7.92,0.0427,4,53,135.43,122.41,0.03028,11,85.23,22.24,0.91743,10,-67.48,-143.52,0.01804,7,266.28,-38.98,0.03425,4,5,38.34,150.93,0.0819,53,112.27,93.83,0.21189,11,96.43,57.27,0.56892,7,249.79,-71.86,0.13729,4,53,79.71,79.55,0.34668,11,121.59,82.4,0.32315,7,221.05,-92.79,0.17434,68,-16.27,-117.53,0.15583,4,53,57.56,118.15,0.10531,11,156.24,54.46,0.49563,7,191.14,-59.83,0.3143,68,25.92,-131.71,0.08475,4,53,79.93,138.16,0.03136,11,142.65,27.7,0.78034,6,-133.28,30.64,0.03201,7,208.7,-35.49,0.15629,4,11,139.97,16.08,0.9067,10,-88.33,-92.53,0.01433,6,-125.04,22.02,0.01454,7,213.16,-24.43,0.06443,4,11,135.94,-14.51,0.91551,10,-59.56,-81.39,0.01894,6,-101.67,1.88,0.01863,7,221.87,5.17,0.04692,4,11,145.47,-68.62,0.17356,10,-16.65,-47.08,0.32773,4,-48.31,-35.43,0.22767,6,-51.2,-19.83,0.27105,4,11,154.16,-101.8,0.02638,10,8.29,-23.54,0.49345,4,-14.78,-28.23,0.26922,6,-18.69,-30.77,0.21095,4,53,23.16,121.15,0.11553,11,189.38,64.15,0.33659,7,156.9,-64.27,0.41054,68,53.63,-111.12,0.13734,4,53,14.11,143.09,0.05796,11,205.78,47,0.26991,7,143.35,-44.78,0.59175,68,74.97,-121.52,0.08037,4,11,212.03,22.08,0.09656,10,-128.16,-32.17,0.01825,6,-90.53,85.57,0.02053,7,141.03,-19.2,0.86466,4,11,211.32,-12.53,0.06794,10,-97.45,-16.2,0.02015,6,-61.98,65.99,0.02399,7,147.09,14.88,0.88792,4,10,-62.47,10.92,0.22439,4,-57.43,37.91,0.19057,6,-21.59,47.88,0.32708,7,146.93,59.14,0.25796,4,10,-37.12,17.55,0.24282,4,-32.31,30.45,0.20771,6,-3.81,28.64,0.49045,7,157.12,83.28,0.05903,4,10,-15.76,20.63,0.13419,4,-12.45,22.01,0.14148,6,8.96,11.24,0.71573,7,167.7,102.09,0.0086,4,18,8,-116.44,0.1443,53,-30.95,108.78,0.15295,7,106.69,-87.95,0.25291,68,85.9,-65.95,0.44985,4,53,-35.27,141.25,0.08401,11,251.13,66.63,0.13775,7,95.51,-57.16,0.54495,68,110.69,-87.37,0.2333,4,11,264.84,37.86,0.04902,6,-74.76,138.38,0.02504,7,86.41,-26.61,0.87438,68,133.53,-109.59,0.05157,4,11,268.33,3.42,0.00522,6,-44.05,122.41,0.00369,7,88.3,7.95,0.98794,68,148.75,-140.68,0.00315,4,11,272.95,-33.07,0.09738,10,-108.99,47.73,0.09685,6,-11,106.25,0.12015,7,89.39,44.72,0.68562,4,10,-76.26,56.35,0.20404,4,-45.66,83.91,0.201,6,12,81.43,0.27666,7,102.51,75.91,0.3183,4,10,-43.59,71.1,0.21699,4,-10.08,79.6,0.23447,6,40.4,59.55,0.42559,7,110.73,110.8,0.12295,4,18,67.01,-114.77,0.0338,53,-89.63,102.37,0.02405,7,50.75,-106.8,0.03904,68,125.53,-22.2,0.90311,4,18,66.42,-157.95,0.05964,11,306,83.5,0.05206,7,38.69,-65.33,0.3486,68,156.29,-52.51,0.53969,4,11,320.17,43.23,0.01767,6,-48.9,187.59,0.01309,7,30.92,-23.36,0.90168,68,183.56,-85.35,0.06755,4,11,324.75,33.96,0.00616,6,-38.64,186.33,0.00487,7,27.83,-13.49,0.96842,68,191.07,-92.46,0.02056,4,11,328.61,-9.92,0.02876,6,0.17,165.5,0.03032,7,30.81,30.46,0.89497,68,209.92,-132.27,0.04595,4,10,-115.44,107.36,0.13187,4,-52.72,147.84,0.13301,6,38.58,140,0.16719,7,38.19,75.96,0.56793,4,10,-74.13,119.95,0.19318,4,-10.87,137.2,0.20278,6,69.13,109.48,0.32045,7,53.39,116.38,0.28359,4,10,-43.06,119,0.18786,4,15.2,120.28,0.20797,6,82.91,81.62,0.45159,7,73.09,140.43,0.15258,4,18,112.99,-124.55,0.00114,53,-136.25,108.41,0.00059,7,3.92,-110.89,0.00144,68,164.41,4.22,0.99682,3,18,108.74,-178.73,0.03204,7,-7.85,-57.83,0.30048,68,200.58,-36.34,0.66748,2,7,-17.43,23.36,0.9444,68,248.56,-102.53,0.05561,3,6,55.07,183.81,0.11843,7,-8.52,72.91,0.74252,68,264.97,-150.13,0.13905,4,10,-107.37,148.82,0.15656,4,-24.33,179.11,0.16136,6,78.96,152.39,0.22701,7,10.25,107.64,0.45507,4,10,-63.36,150.79,0.18492,4,14.33,157.99,0.1982,6,101.41,114.49,0.37738,7,35.51,143.72,0.2395,4,11,182.03,-15.66,0.37271,10,-80.66,-40.41,0.03551,6,-75.43,39.78,0.03973,7,176.52,13.44,0.55204,4,10,-37.39,-16.89,0.30393,4,-50.4,1.13,0.20132,6,-34.33,12.67,0.38214,7,184.26,62.07,0.11262,4,10,-6.22,1.81,0.47193,4,-14.05,0.96,0.09981,6,-3.16,-6.04,0.42639,7,188.44,98.18,0.00187,4,11,183.5,27.24,0.38509,10,-119,-59.68,0.02916,6,-110.49,64.54,0.03157,7,168.42,-28.71,0.55418,4,53,36.56,114.59,0.1308,11,174.52,65.41,0.38008,7,171.39,-67.81,0.35949,68,39.26,-115.1,0.12964,4,53,28.87,85.62,0.28646,11,171.17,95.2,0.22798,7,170.09,-97.76,0.21641,68,25.78,-88.33,0.26915],"edges":[0,2,2,4,4,6,6,8,8,10,10,12,12,14,14,16,16,18,18,20,20,22,22,24,24,26,26,28,28,30,30,32,32,34,34,36,36,38,38,40,40,42,42,44,44,46,46,48,48,50,50,52,52,54,54,56,56,58,58,60,60,62,62,64,64,66,66,68,68,70,70,72,72,74,74,76,76,78,78,80,80,82,82,84,84,86,86,88,88,0,128,130,170,172]}},"tf_s":{"tf_s":{"type":"mesh","hull":148,"width":388,"height":521,"uvs":[0.33789,0.01094,0.41791,0,0.63969,0,0.75131,0.03714,0.79794,0.05499,0.86598,0.11545,0.94356,0.22678,1,0.41593,0.99742,0.59251,0.97008,0.81987,0.92478,0.89568,0.86856,0.93282,0.84536,0.94626,0.84536,0.94818,0.84021,0.94818,0.84278,0.93666,0.84021,0.93474,0.83763,0.93858,0.83505,0.93282,0.88918,0.84069,0.8866,0.83877,0.85825,0.8714,0.84794,0.87524,0.84278,0.86756,0.85309,0.85413,0.84794,0.85221,0.83505,0.86564,0.74742,0.91939,0.72938,0.93474,0.71134,0.94434,0.70876,0.9405,0.79381,0.73129,0.79124,0.72937,0.71907,0.76008,0.79897,0.58157,0.76546,0.45298,0.70361,0.42418,0.6701,0.38964,0.66753,0.39347,0.65979,0.39347,0.65979,0.38004,0.66495,0.37812,0.65464,0.3666,0.64691,0.37236,0.64948,0.37428,0.65464,0.37236,0.65206,0.37812,0.65979,0.43378,0.65722,0.43954,0.65979,0.44146,0.65722,0.4453,0.65979,0.44914,0.64948,0.45106,0.64175,0.44722,0.6366,0.44146,0.62887,0.43762,0.62371,0.43186,0.62113,0.4357,0.62629,0.4453,0.62371,0.44722,0.58763,0.42418,0.57732,0.41459,0.57474,0.41459,0.56959,0.40691,0.56701,0.41075,0.56959,0.41267,0.56701,0.41459,0.57216,0.41651,0.57732,0.42418,0.57474,0.4261,0.57732,0.42802,0.57474,0.42994,0.5799,0.43186,0.58505,0.42994,0.58763,0.42994,0.58763,0.43378,0.58247,0.4357,0.58763,0.4453,0.58505,0.44914,0.58247,0.45489,0.57732,0.45681,0.58247,0.45873,0.58763,0.46641,0.58247,0.47409,0.50773,0.44338,0.43557,0.36084,0.4201,0.3666,0.34794,0.44914,0.27062,0.43378,0.25258,0.44338,0.25,0.44914,0.24742,0.44914,0.23454,0.42035,0.22165,0.4261,0.1933,0.55854,0.18814,0.55662,0.15464,0.50288,0.14948,0.50096,0.14691,0.52207,0.14948,0.52399,0.14433,0.56622,0.22938,0.7524,0.26804,0.77543,0.26804,0.77735,0.18299,0.74856,0.18041,0.7524,0.21134,0.89251,0.20876,0.89251,0.20361,0.881,0.20103,0.88292,0.21907,0.96353,0.18557,0.94626,0.18299,0.94242,0.18041,0.94242,0.11598,0.82917,0.1134,0.83493,0.11598,0.83877,0.11082,0.85221,0.10309,0.85029,0.0799,0.81574,0.08247,0.81382,0.05928,0.77735,0.05412,0.77927,0.04639,0.84453,0.04897,0.84645,0.04639,0.85029,0.04897,0.85605,0.04639,0.88484,0.0567,0.9405,0.04639,0.93474,0.01031,0.86948,0.01289,0.86756,0.00515,0.84645,0.00773,0.83685,0.00515,0.81766,0.00773,0.81574,0.00515,0.79463,0.00773,0.78887,0.00258,0.74856,0.00515,0.74472,0,0.68906,0.01134,0.48637,0.01546,0.46641,0.0232,0.41075,0.02062,0.40499,0.03273,0.30777,0.08093,0.20029,0.17758,0.08359,0.13885,0.44042,0.14865,0.38668,0.16669,0.30501,0.20432,0.2123,0.26801,0.13259,0.35406,0.07515,0.42134,0.0481,0.3886,0.08821,0.32683,0.16826,0.28943,0.24421,0.24849,0.3222,0.24194,0.3941,0.10767,0.28428,0.08473,0.35626,0.07494,0.39407,0.06837,0.44772,0.05535,0.50501,0.052,0.57085,0.0471,0.62574,0.05032,0.67824,0.05032,0.72459,0.11424,0.80261,0.09788,0.72824,0.08963,0.66845,0.08641,0.60261,0.09465,0.52574,0.11102,0.44158,0.55444,0.08325,0.59558,0.19734,0.62998,0.27982,0.62833,0.06318,0.70872,0.13096,0.76107,0.19552,0.77917,0.27698,0.80212,0.37453,0.82017,0.45626,0.81987,0.52824,0.81679,0.24409,0.85122,0.34035,0.87094,0.41356,0.88322,0.50751,0.87713,0.58188,0.87061,0.65386,0.8568,0.71605,0.81682,0.78188,0.78241,0.83063,0.90613,0.80386,0.91962,0.71115,0.93327,0.65021,0.93467,0.59647,0.93552,0.54042,0.92777,0.47449,0.91836,0.4148,0.90857,0.35992,0.86603,0.27943,0.82014,0.20628,0.76765,0.14674,0.72023,0.10157,0.65454,0.0605,0.46448,0.18041,0.44976,0.24586,0.42705,0.30646,0.53347,0.29195,0.52348,0.24947,0.50548,0.19127,0.50369,0.12586],"triangles":[155,156,207,156,208,207,155,207,213,207,208,212,212,208,211,213,207,212,212,211,176,211,210,177,176,211,177,176,177,180,157,158,209,156,157,208,160,150,151,147,151,152,151,150,157,152,151,156,151,157,156,150,149,158,150,158,157,146,145,160,146,160,151,147,146,151,160,161,150,161,149,150,144,143,162,145,144,161,144,162,161,145,161,160,143,142,163,141,165,164,142,141,164,142,164,163,140,166,165,140,139,168,141,140,165,167,140,168,166,140,167,139,138,122,168,139,121,135,122,123,134,133,135,132,131,125,133,132,123,132,125,123,123,125,124,138,137,122,135,133,123,137,136,122,136,135,122,139,122,121,131,130,127,125,131,126,131,127,126,130,129,127,127,129,128,105,114,108,119,118,115,169,120,114,120,119,114,119,115,114,115,118,116,118,117,116,121,120,169,169,114,105,168,121,170,167,168,170,170,121,169,114,113,109,114,109,108,109,112,110,113,112,109,105,108,106,108,107,106,112,111,110,171,170,104,101,103,104,171,104,101,170,169,105,170,105,104,101,103,102,143,163,162,162,163,174,161,162,149,163,164,174,162,174,149,174,164,97,165,166,172,166,167,171,171,167,170,172,166,171,164,165,173,173,165,100,164,173,97,173,100,99,100,171,101,165,172,100,172,171,100,174,148,149,149,148,93,149,93,159,93,92,159,149,159,158,148,96,93,96,94,93,173,98,97,173,99,98,148,174,97,148,97,96,96,95,94,89,91,92,91,90,89,92,89,88,159,92,88,159,88,87,159,87,86,158,159,86,158,86,209,157,209,208,209,86,85,208,209,210,211,208,210,209,85,210,210,85,63,61,60,56,64,84,66,64,66,65,85,84,64,67,66,69,66,71,69,66,84,71,85,64,63,69,71,70,71,84,80,67,69,68,72,71,76,80,84,83,63,62,61,80,79,78,76,80,78,71,80,76,81,80,83,81,83,82,76,78,77,74,73,75,72,76,75,73,72,75,63,61,43,210,63,43,177,210,43,177,42,181,57,60,59,60,57,56,46,56,47,61,56,46,57,59,58,44,43,46,44,46,45,43,61,46,54,53,50,53,52,50,54,50,48,50,52,51,47,54,48,50,49,48,56,55,47,55,54,47,37,39,38,40,39,37,41,40,37,177,43,42,41,37,182,42,41,182,181,42,182,184,34,35,37,36,182,36,35,182,183,35,184,182,35,183,183,184,188,184,189,188,184,34,189,34,190,189,31,193,192,33,32,34,32,31,191,34,32,190,31,192,191,30,193,31,30,29,28,30,28,27,30,27,193,193,27,26,193,26,25,23,22,21,24,23,21,192,193,25,25,24,20,192,25,20,18,11,19,19,11,10,12,14,15,18,17,16,14,13,12,15,12,11,16,15,11,18,16,11,192,20,194,191,192,194,191,194,195,24,20,21,20,19,194,194,19,9,19,10,9,195,9,8,195,194,9,32,191,190,190,191,195,190,195,196,197,190,196,189,190,197,198,8,7,198,197,8,197,196,8,196,195,8,183,188,199,188,189,198,189,197,198,199,188,198,199,198,7,200,199,7,201,200,7,181,182,186,182,183,187,181,186,202,186,182,187,186,187,201,187,183,199,200,187,199,201,187,200,202,186,201,185,181,202,185,202,6,6,201,7,202,201,6,179,176,180,180,177,181,179,180,204,205,179,204,180,181,185,180,185,203,204,180,203,205,204,4,4,204,5,204,203,5,203,185,6,5,203,6,213,212,176,175,213,176,175,176,179,178,175,179,1,175,2,175,178,2,2,178,206,206,178,179,206,179,205,2,206,3,206,205,3,3,205,4,154,213,175,154,155,213,147,152,153,0,147,153,153,156,155,152,156,153,153,155,154,0,153,154,1,0,154,1,154,175],"vertices":[4,38,25.96,-17.78,0.66619,37,-24.93,-24.52,0.17214,32,3.39,-48.69,0.08882,46,-53.72,1.73,0.07285,4,38,-6.06,-10.75,0.75959,37,-51.21,-4.93,0.04366,32,-17.96,-23.81,0.12993,31,-27.85,-30.89,0.06681,4,31,-31.26,54.41,0.04441,29,-3.3,14.56,0.78484,39,5.41,38.29,0.11924,36,-32.74,48.2,0.0515,4,29,43.6,22.4,0.60311,39,44.83,64.87,0.07193,47,-32.8,7.92,0.26582,48,-40.29,59.12,0.05914,4,29,63.83,24.64,0.4605,39,62.31,75.29,0.04932,47,-16,19.39,0.44222,48,-24.73,72.23,0.04796,4,29,103.23,12.94,0.2851,47,24.28,27.58,0.52785,48,14.51,84.45,0.05631,64,-51.44,20.63,0.13074,4,47,89.61,26.38,0.35944,64,13.42,28.53,0.44445,40,-39.49,36.82,0.12409,69,-69.63,13.23,0.07202,4,64,113.4,14.56,0.17808,40,61.34,41.86,0.14888,69,30.94,22.07,0.53583,44,-16.53,40.35,0.13722,4,44,75.35,35.48,0.09494,86,40.25,14.05,0.62475,89,-23.51,10.76,0.18454,63,-0.45,35.88,0.09576,4,89,95.55,9.22,0.03882,91,44.78,13.51,0.47828,94,-6.86,12.23,0.44428,72,35.69,47.57,0.03863,4,91,86.91,2.97,0.04659,94,36.57,12.06,0.48737,95,-7.32,10.4,0.43783,81,13.4,50.14,0.02821,4,94,63.2,0.12,0.03297,95,21.22,4.32,0.94849,81,41.84,43.6,0.00926,87,1.25,43.75,0.00927,4,94,73.29,-5.19,0.01013,95,32.2,1.24,0.97685,81,52.77,40.35,0.00623,87,12.35,41.14,0.00679,4,94,74.2,-4.78,0.01568,95,33,1.84,0.96387,81,53.58,40.93,0.00974,87,13.13,41.77,0.01071,4,94,75.03,-6.6,0.02018,95,34.19,0.23,0.94993,81,54.74,39.3,0.01405,87,14.38,40.21,0.01585,4,94,69.15,-8.16,0.00688,95,28.77,-2.53,0.98428,81,49.28,36.63,0.00429,87,9.08,37.22,0.00455,4,94,68.65,-9.49,0.0163,95,28.56,-3.93,0.96126,81,49.05,35.23,0.01088,87,8.93,35.82,0.01156,4,94,70.88,-9.57,0.01445,95,30.76,-3.55,0.96362,81,51.26,35.58,0.01047,87,11.12,36.29,0.01146,4,94,68.56,-11.72,0.03576,95,28.95,-6.13,0.90622,81,49.4,33.02,0.02791,87,9.41,33.63,0.03012,4,91,61.26,-15.87,0.18134,94,16.17,-12.37,0.50748,72,57.68,22.04,0.15527,81,-1.87,22.22,0.15591,4,91,60.46,-17.04,0.18495,94,15.67,-13.69,0.43986,72,57.13,20.74,0.18723,81,-2.1,20.82,0.18796,4,94,35.69,-16.71,0.35842,72,77.01,16.89,0.12271,95,-2.14,-17.9,0.30759,81,18.12,21.75,0.21127,4,94,39.17,-19.53,0.2825,95,1.84,-19.93,0.27105,81,22.08,19.66,0.27853,87,-17.08,18.69,0.16792,4,94,36.34,-23,0.2004,95,-0.19,-23.92,0.18523,81,19.98,15.71,0.42933,87,-18.94,14.62,0.18504,4,94,28.32,-22.24,0.18969,72,69.41,11.67,0.2509,95,-8.19,-24.86,0.13688,81,11.96,14.89,0.42253,4,94,28.23,-24.47,0.13629,72,69.23,9.44,0.25406,95,-7.81,-27.06,0.10285,81,12.31,12.69,0.5068,4,94,36.67,-26.14,0.12712,72,77.59,7.42,0.142,81,20.91,12.68,0.53961,87,-17.83,11.66,0.19128,4,94,76.19,-45.59,0.00223,95,43.51,-37.64,0.00465,81,63.46,1.29,0.01164,87,25.31,2.77,0.98147,4,94,86.37,-48.67,0.0014,95,54.11,-38.52,0.00299,81,74.04,0.24,0.00487,87,35.93,2.35,0.99074,4,94,93.81,-52.98,0.01368,95,62.29,-41.18,0.02781,81,82.17,-2.55,0.03983,87,44.22,0.04,0.91868,4,94,92.4,-54.72,0.01175,95,61.27,-43.17,0.02322,81,81.13,-4.53,0.03588,87,43.29,-2,0.92915,4,63,79.58,-37.47,0.02721,72,18.65,-33.59,0.03562,73,11.75,7.38,0.73747,67,50.09,1.67,0.19969,4,63,78.69,-38.56,0.01845,72,18.1,-34.89,0.02343,73,11.71,5.97,0.80073,67,49.46,0.4,0.15739,4,72,43.41,-54.88,0.05874,81,2.3,-55.9,0.05662,73,42.63,-3.22,0.78906,67,73.5,-21.09,0.09557,4,44,64.64,-42.98,0.09436,67,-24.53,-21.13,0.16623,50,18.02,-18.84,0.49128,24,60.19,-22.38,0.24814,4,40,65.09,-51.08,0.01121,24,-6.26,-37.95,0.01977,74,45.43,-5.54,0.95549,61,99.37,3.45,0.01353,4,74,22.89,-22.66,0.41078,61,80.62,-17.75,0.19572,79,43.01,23.77,0.30733,58,85.03,20.48,0.08617,4,74,1.46,-28.44,0.17518,61,60.72,-27.61,0.17243,79,21.77,17.3,0.47312,58,63.37,15.62,0.17927,4,74,2.97,-30.09,0.14792,61,62.53,-28.92,0.14437,79,23.34,15.71,0.54234,58,64.81,13.91,0.16537,4,74,1.91,-32.89,0.09905,61,62.04,-31.88,0.09757,79,22.37,12.87,0.64654,58,63.63,11.16,0.15684,4,74,-4.64,-30.41,0.12411,61,55.13,-30.73,0.12377,79,15.74,15.14,0.51224,58,57.2,13.91,0.23988,4,74,-4.86,-28.19,0.16144,61,54.47,-28.59,0.16112,79,15.45,17.35,0.4383,58,57.06,16.15,0.23914,4,74,-11.89,-29.8,0.10494,61,47.9,-31.55,0.10854,79,8.47,15.51,0.44864,58,49.97,14.83,0.33787,4,74,-10.15,-33.67,0.06276,61,50.36,-35,0.06334,79,10.34,11.7,0.56625,58,51.55,10.89,0.30765,4,74,-8.86,-33.09,0.07307,61,51.51,-34.18,0.07338,79,11.61,12.32,0.56398,58,52.86,11.42,0.28957,4,74,-9.09,-30.86,0.10133,61,50.86,-32.04,0.10215,79,11.31,14.54,0.49573,58,52.73,13.65,0.30079,4,74,-6.64,-32.86,0.08226,61,53.65,-33.52,0.08223,79,13.83,12.62,0.57979,58,55.09,11.55,0.25573,4,74,21.55,-40.33,0.06805,79,42.23,6.06,0.78193,58,82.93,2.88,0.05977,80,37.14,34.77,0.09025,4,74,24,-42.33,0.07423,79,44.75,4.15,0.73998,58,85.3,0.78,0.0648,80,39.38,32.53,0.12099,4,74,25.29,-41.75,0.08874,79,46.02,4.77,0.70533,58,86.61,1.31,0.07113,80,40.72,32.98,0.13479,4,74,26.8,-43.39,0.09058,79,47.59,3.17,0.67396,58,88.05,-0.4,0.07384,80,42.06,31.19,0.16163,4,74,29.03,-43.17,0.10998,79,49.8,3.47,0.6228,58,90.29,-0.27,0.08103,80,44.29,31.19,0.18619,4,74,28.54,-47.26,0.0843,79,49.45,-0.64,0.61733,58,89.63,-4.34,0.07586,80,43.4,27.16,0.22251,4,79,46.59,-2.83,0.66057,58,86.61,-6.31,0.06593,80,40.27,25.37,0.20926,77,76.03,28.69,0.06425,4,79,43.1,-3.75,0.7365,58,83.06,-6.96,0.05312,80,36.69,24.93,0.15911,77,72.5,27.95,0.05127,4,79,40.24,-5.94,0.76026,58,80.04,-8.93,0.04655,80,33.56,23.14,0.14615,77,69.53,25.9,0.04704,4,79,36.75,-6.86,0.81115,58,76.5,-9.59,0.03961,80,29.98,22.7,0.10944,77,66.01,25.16,0.0398,4,79,38.32,-8.45,0.71237,58,77.94,-11.3,0.05059,80,31.32,20.91,0.18128,77,67.49,23.49,0.05576,4,79,43.7,-8.18,0.5925,58,83.33,-11.43,0.06011,80,36.69,20.46,0.27916,77,72.88,23.49,0.06823,4,79,44.32,-9.45,0.53102,58,83.85,-12.74,0.06137,80,37.13,19.12,0.33442,77,73.44,22.19,0.07319,4,79,28.43,-18.81,0.22699,58,67.31,-20.88,0.06791,80,20.13,11.97,0.55947,77,57.1,13.63,0.14563,4,79,22.4,-20.97,0.14761,58,61.13,-22.59,0.06782,80,13.87,10.63,0.5733,77,50.98,11.77,0.21127,4,79,22.08,-21.92,0.12076,58,60.74,-23.51,0.05901,80,13.42,9.74,0.61063,77,50.61,10.84,0.2096,4,79,17.65,-22.51,0.10184,58,56.28,-23.77,0.06218,80,8.95,9.74,0.54301,77,46.15,10.47,0.29298,4,79,19.22,-24.11,0.07049,58,57.72,-25.48,0.04253,80,10.29,7.95,0.64665,77,47.64,8.8,0.24034,4,79,20.49,-23.48,0.08315,58,59.03,-24.95,0.04656,80,11.63,8.4,0.6491,77,48.94,9.35,0.22119,4,79,21.11,-24.75,0.05896,58,59.56,-26.27,0.03368,80,12.08,7.06,0.72417,77,49.5,8.06,0.18319,4,79,22.7,-23.19,0.08971,58,61.27,-24.82,0.04514,80,13.87,8.4,0.68288,77,51.17,9.54,0.18227,4,79,27.13,-22.59,0.1012,58,65.73,-24.56,0.04081,80,18.34,8.4,0.73177,77,55.62,9.92,0.12621,4,79,27.76,-23.86,0.07017,58,66.26,-25.87,0.0294,80,18.79,7.05,0.8018,77,56.18,8.62,0.09862,4,79,29.03,-23.24,0.0824,58,67.57,-25.35,0.03172,80,20.13,7.5,0.78997,77,57.48,9.18,0.0959,4,79,29.65,-24.51,0.05403,58,68.09,-26.66,0.02163,80,20.58,6.16,0.85438,77,58.04,7.88,0.06996,4,79,31.24,-22.94,0.08597,58,69.8,-25.21,0.02968,80,22.37,7.5,0.80346,77,59.71,9.37,0.08089,4,79,30.94,-20.72,0.15267,58,69.67,-22.98,0.04654,80,22.37,9.73,0.69112,77,59.52,11.59,0.10966,4,79,31.27,-19.78,0.18676,58,70.06,-22.06,0.05252,80,22.81,10.63,0.64593,77,59.89,12.52,0.11479,4,79,33.16,-20.43,0.15924,58,71.9,-22.85,0.04327,80,24.6,9.73,0.70272,77,61.75,11.78,0.09478,4,79,33.46,-22.64,0.08903,58,72.03,-25.08,0.02768,80,24.6,7.5,0.81432,77,61.94,9.55,0.06897,4,79,38.84,-22.37,0.07783,58,77.42,-25.21,0.02091,80,29.97,7.05,0.8565,77,67.32,9.56,0.04475,4,79,40.4,-23.96,0.03964,58,78.86,-26.92,0.01144,80,31.31,5.26,0.92365,77,68.81,7.89,0.02527,4,79,42.92,-25.88,0.01168,58,81.22,-29.02,0.00362,80,33.54,3.02,0.9766,77,71.23,5.85,0.00809,4,79,43.22,-28.1,0.001,58,81.36,-31.25,0.00034,80,33.54,0.78,0.99786,77,71.41,3.62,0.00081,4,79,44.81,-26.53,0.01123,58,83.06,-29.81,0.00355,80,35.33,2.12,0.97747,77,73.08,5.11,0.00775,4,79,49.24,-25.93,0.04762,58,87.53,-29.55,0.01474,80,39.8,2.12,0.90866,77,77.54,5.48,0.02898,4,79,52.38,-29.12,0.06344,58,90.42,-32.96,0.02209,80,42.48,-1.46,0.87024,77,80.51,2.14,0.04423,4,79,27.85,-51.37,0.08106,80,15.19,-20.22,0.52321,77,54.91,-18.87,0.33338,65,102.43,-4.17,0.06234,4,80,-35.79,-26,0.15462,77,4.59,-28.94,0.36138,65,56.38,-26.8,0.34737,70,29.34,47.06,0.13662,4,77,5.16,-35.63,0.29283,65,58.64,-33.12,0.28352,70,33.22,41.59,0.21479,83,-4.57,41.92,0.20887,4,70,80,20.49,0.12951,83,40.9,18.15,0.75891,82,17.81,67.34,0.05768,75,49.48,69.52,0.05389,4,70,76.68,-10.38,0.08147,83,35.79,-12.48,0.76079,82,6.33,38.49,0.07987,75,43.86,38.99,0.07786,4,70,82.69,-16.53,0.09372,83,41.44,-18.97,0.5177,82,10.47,30.95,0.20495,75,49.4,32.4,0.18364,4,70,85.81,-17.06,0.08794,83,44.52,-19.68,0.47363,82,13.33,29.6,0.23967,75,52.47,31.64,0.19876,4,70,85.96,-18.05,0.08734,83,44.61,-20.67,0.43885,82,13.21,28.61,0.26005,75,52.55,30.64,0.21375,4,70,71.9,-25.28,0.11673,83,30.16,-27.08,0.26378,82,-2.28,25.42,0.29688,75,37.98,24.48,0.3226,4,70,75.63,-29.77,0.07141,83,33.62,-31.77,0.15251,82,0.11,20.1,0.3809,75,41.37,19.73,0.39518,4,82,67.33,1.03,0.70394,34,-0.41,32.82,0.15426,66,39.51,46.51,0.07682,78,-17.06,47.61,0.06498,4,82,66.1,-0.84,0.71753,34,-1.41,30.82,0.15041,66,38.67,44.44,0.07249,78,-18.03,45.59,0.05957,4,82,36.76,-10.44,0.75359,34,-29.41,17.82,0.06943,66,11.72,29.38,0.0951,49,66.9,30.08,0.08188,4,82,35.54,-12.31,0.66371,34,-30.41,15.82,0.08554,66,10.87,27.31,0.13472,49,66.19,27.96,0.11604,4,82,46.34,-14.6,0.54915,34,-19.41,14.82,0.19619,66,21.92,27.14,0.15885,49,77.22,28.5,0.09582,4,82,47.45,-13.73,0.58873,34,-18.41,15.82,0.18813,66,22.84,28.21,0.13927,49,78.08,29.63,0.08386,4,82,69.06,-18.31,0.17487,34,3.59,13.82,0.573,66,44.93,27.87,0.14098,78,-12.76,28.67,0.11114,4,27,57.32,6.79,0.729,57,11.24,38.18,0.11175,51,54.87,39.08,0.10252,76,-32.33,42.74,0.05674,4,27,75.46,13.11,0.45288,57,26.52,49.83,0.21187,51,68.97,52.13,0.16438,76,-16.14,53.08,0.17087,4,27,76.3,12.58,0.44254,57,27.49,49.58,0.21632,51,69.96,51.98,0.16472,76,-15.2,52.76,0.17642,4,27,46.06,-7.39,0.77504,57,4.93,21.21,0.10138,51,50.21,21.58,0.09578,85,34.47,40.51,0.0278,4,27,47.22,-9.3,0.65253,57,6.63,19.75,0.16195,51,52.04,20.29,0.1445,85,36.32,39.25,0.04103,4,57,80.36,13.69,0.10007,76,34.54,12.63,0.81511,88,70.56,28.7,0.0527,96,39.16,63.65,0.03212,4,57,80.12,12.72,0.09042,76,34.22,11.68,0.83301,88,70.25,27.75,0.04761,96,38.86,62.69,0.02895,4,57,73.81,12.23,0.12512,76,27.89,11.72,0.79058,88,63.92,27.75,0.05657,96,32.54,62.61,0.02772,4,57,74.54,11.02,0.1026,76,28.52,10.45,0.82579,88,64.55,26.49,0.04762,96,33.19,61.35,0.02399,4,57,116.98,7.63,0.05936,76,70.54,3.57,0.82535,88,106.61,19.83,0.04698,96,75.33,55.3,0.06831,4,57,105.1,-2.8,0.01896,76,57.83,-5.84,0.94113,88,93.95,10.35,0.01528,96,62.82,45.63,0.02464,4,57,102.92,-3.29,0.01544,76,55.62,-6.15,0.95262,88,91.74,10.03,0.01238,96,60.61,45.29,0.01956,4,57,102.67,-4.26,0.01848,76,55.3,-7.09,0.94234,88,91.42,9.08,0.01495,96,60.3,44.33,0.02423,4,57,39.37,-14.2,0.0693,76,-8.61,-11.79,0.0656,85,72.65,9.16,0.01759,88,27.54,4.06,0.84751,4,57,42.04,-15.9,0.01772,76,-6.09,-13.7,0.01994,85,75.49,7.77,0.00482,88,30.07,2.16,0.95753,4,57,44.22,-15.42,0.04281,76,-3.88,-13.4,0.05232,85,77.6,8.5,0.00949,88,32.28,2.47,0.89537,4,57,50.53,-19.05,0.12784,76,2.11,-17.54,0.15602,88,38.29,-1.64,0.67167,96,7.33,32.84,0.04447,4,57,48.83,-21.72,0.09212,76,0.2,-20.06,0.10878,88,36.39,-4.17,0.7514,96,5.47,30.29,0.04769,4,57,29.18,-26.09,0.05424,85,63.85,-3.78,0.11082,88,16.47,-7.01,0.7526,93,30.75,21.17,0.08234,4,57,28.46,-24.87,0.04321,85,62.99,-2.66,0.09034,88,15.84,-5.74,0.812,93,29.74,22.15,0.05446,4,85,42.97,-9.06,0.3765,88,-5.04,-8.26,0.33018,93,10.89,12.85,0.18698,92,69.39,12.67,0.10634,4,85,43.69,-11.18,0.28823,88,-4.72,-10.47,0.27269,93,11.92,10.86,0.30459,92,70.39,10.67,0.13449,4,85,77,-18.66,0.03071,88,26.58,-24.09,0.0693,96,-4.05,10.23,0.33189,93,45.96,8.41,0.5681,4,85,78.12,-17.8,0.03413,88,27.84,-23.46,0.08366,96,-2.8,10.88,0.36449,93,46.95,9.42,0.51772,4,85,79.97,-19.06,0.02393,88,29.42,-25.04,0.05793,96,-1.19,9.32,0.41089,93,48.96,8.46,0.50725,4,76,-3.72,-40.91,0.02407,88,32.59,-25.04,0.06409,96,1.97,9.36,0.46268,93,51.94,9.5,0.44916,4,76,10.16,-46.68,0.0064,88,46.5,-30.74,0.01146,96,15.96,3.87,0.93076,93,66.96,8.74,0.05139,4,76,38.91,-52.22,0.00869,88,75.27,-36.13,0.00706,96,44.81,-1.11,0.97249,93,95.89,13.21,0.01176,4,76,34.78,-55.04,0.00537,88,71.16,-38.97,0.00506,96,40.74,-4.01,0.97989,93,92.96,9.16,0.00968,4,85,88.02,-34.26,0.00947,88,34.48,-41.48,0.01599,96,4.1,-7.05,0.56018,93,59.18,-5.38,0.41436,4,85,87.16,-33.14,0.00682,88,33.84,-40.22,0.01167,96,3.45,-5.8,0.56763,93,58.17,-4.4,0.41388,4,85,75.86,-34.65,0.0162,88,22.46,-39.58,0.02164,96,-7.95,-5.32,0.37075,93,47.22,-7.57,0.59141,4,85,71.04,-33,0.01937,88,18.03,-37.05,0.02422,96,-12.41,-2.86,0.20504,93,42.2,-6.65,0.75137,4,88,8.23,-34.83,0.04096,96,-22.24,-0.78,0.10031,93,32.22,-7.81,0.81431,92,90.39,-8.33,0.04442,4,88,7.6,-33.57,0.03521,96,-22.89,0.48,0.07565,93,31.2,-6.83,0.85097,92,89.39,-7.33,0.03817,4,85,49.1,-31.07,0.05201,88,-3.15,-31.03,0.05212,93,20.22,-8.01,0.79138,92,78.39,-8.33,0.10449,4,85,46.26,-29.68,0.04507,88,-5.68,-29.13,0.04507,93,17.21,-7.06,0.79838,92,75.39,-7.33,0.11148,4,85,25.18,-28.88,0.05158,88,-26.23,-24.38,0.03354,93,-3.76,-9.39,0.42047,92,54.39,-9.33,0.49441,4,85,23.33,-27.62,0.05024,88,-27.81,-22.8,0.02963,93,-5.78,-8.42,0.36746,92,52.39,-8.33,0.55267,4,78,52.11,-26.31,0.10514,85,-5.68,-25.75,0.10465,92,23.39,-10.33,0.68248,90,89.24,-9.37,0.10773,4,66,7.31,-26.71,0.09267,49,66.13,-26.18,0.08599,90,-16.45,-9.25,0.18553,84,38.28,-10.2,0.63582,4,66,-3.18,-25.89,0.09802,49,55.61,-26.04,0.09835,90,-26.91,-8.08,0.0845,84,27.78,-9.63,0.71912,4,49,26.47,-27.11,0.05716,84,-1.38,-9.51,0.45495,71,66.07,-9.57,0.45932,33,77.18,-23.66,0.02857,4,49,23.64,-28.52,0.06971,84,-4.26,-10.8,0.42033,71,63.25,-10.99,0.46957,33,74.54,-25.4,0.04038,4,49,-27.17,-30.91,0.06169,71,12.45,-13.67,0.55939,33,24.4,-34.01,0.09035,59,81.29,-9.85,0.28856,4,46,86.21,-7.84,0.20472,71,-45.67,-3.28,0.07305,33,-34.53,-30.49,0.07217,59,22.5,-15.35,0.65007,4,38,98.6,-12.86,0.30637,37,43.29,-49.95,0.08302,46,15.8,-19.91,0.52286,59,-48.26,-5.59,0.08775,4,82,3.73,-12.68,0.39657,75,51.33,-11.7,0.36011,66,-20.27,20.84,0.07543,49,35.53,19.49,0.16789,4,82,-23.63,-5.6,0.10313,75,23.12,-10.12,0.59422,49,7.28,19.35,0.16236,33,52.43,20.1,0.14029,4,75,-19.85,-6.48,0.11632,33,9.52,15.81,0.20285,62,28.11,-8.99,0.62802,52,89.94,-1.77,0.05282,4,46,59.24,32.22,0.06253,59,8.9,30.98,0.06764,62,-22.16,-4.68,0.12655,52,40.05,-9.35,0.74327,4,38,78.96,25.64,0.04232,37,41.24,-6.78,0.61349,46,11.37,23.09,0.05288,52,-8.48,-4.98,0.29131,4,38,34.74,13.51,0.08056,37,-4.05,0.37,0.88846,32,29.22,-28.98,0.0175,45,-18.48,-27.37,0.01347,4,38,5.19,13.14,0.37318,37,-31.13,12.2,0.05761,32,5.39,-11.5,0.48701,31,-1.62,-27.94,0.08221,4,38,26.12,25.87,0.1185,37,-6.81,15.19,0.28614,32,29.77,-13.91,0.40979,45,-16.52,-12.43,0.18558,4,37,41.59,22.59,0.26691,52,-1.64,23.58,0.2437,45,31.8,-20.36,0.32847,60,-22.21,-18.79,0.16092,4,70,-22.17,-18.25,0.20515,52,40.75,27.59,0.22231,45,74.38,-20.23,0.19525,60,20.3,-21.18,0.37729,4,70,20.48,-27.74,0.25547,83,-21.32,-26.55,0.16961,75,-13.47,25.87,0.23111,62,30.26,23.92,0.3438,4,70,57.93,-24.53,0.21887,83,16.25,-25.52,0.31034,82,-15.53,29.89,0.17809,75,24.11,26.28,0.2927,4,71,-3.87,13.33,0.20511,33,5.04,-9.1,0.47671,59,58.35,11.81,0.28322,62,22.28,-33.62,0.03495,4,49,-4.97,-7.41,0.31975,84,-31.99,11.45,0.02206,71,34.52,9.95,0.25703,33,43.56,-7.97,0.40116,4,49,15.07,-8.43,0.41761,84,-12.01,9.61,0.12557,71,54.57,9.04,0.36315,33,63.57,-6.52,0.09366,4,66,-14.43,-6.15,0.10915,49,43.1,-7.07,0.53749,84,16.06,9.83,0.27766,71,82.59,10.57,0.0757,4,66,15.71,-8.95,0.31005,49,73.37,-7.91,0.07511,90,-7.44,8.21,0.20235,84,46.26,7.76,0.41249,4,34,6,-22,0.05112,66,50.02,-7.67,0.42027,78,-9.79,-7.11,0.16909,90,26.89,8.3,0.35953,4,66,78.68,-7.42,0.05668,78,18.84,-8.55,0.34265,92,-9.6,7.95,0.16138,90,55.54,7.55,0.43929,4,78,46.16,-6.87,0.47338,85,-8.68,-5.65,0.20862,92,17.75,9.2,0.26419,90,82.82,9.91,0.0538,4,78,70.31,-6.49,0.09646,85,15.26,-8.85,0.42073,93,-16.55,8.94,0.09325,92,41.9,9.2,0.38956,4,57,25.78,-11.5,0.25644,76,-21.93,-7.97,0.06226,85,58.84,10.34,0.12473,88,14.2,7.8,0.55657,4,78,71.92,11.99,0.06873,57,-13.35,-8.26,0.13987,51,34.82,-9.49,0.38252,85,19.59,9.18,0.40888,4,34,56.85,-7.4,0.2716,78,40.82,8.29,0.30902,51,3.55,-8.02,0.33076,85,-11.71,10.14,0.08861,4,34,22.55,-8.65,0.26652,66,65.52,6.88,0.22199,78,6.55,6.5,0.47141,90,42.88,22.3,0.04008,4,34,-17.5,-5.45,0.11246,66,25.34,7.07,0.75595,90,2.74,23.88,0.06625,84,55.5,24,0.06534,4,82,3.05,-23.47,0.09826,75,52.77,-22.42,0.09613,66,-18.86,10.11,0.11821,49,37.63,8.88,0.6874,4,31,13.63,24.81,0.09939,29,-7.12,-39.07,0.03879,39,24.16,-12.09,0.41819,36,6.77,11.74,0.44363,4,39,83.26,-30.28,0.16187,36,67.7,22.25,0.27929,48,13.06,-28.54,0.19577,43,11.15,20.96,0.36307,4,48,58.05,-32.92,0.17628,61,1.51,-33.46,0.17066,58,4.46,23.98,0.33209,43,56.22,24.39,0.32097,4,29,11.13,-14.82,0.51533,39,30.71,17.54,0.36793,36,-0.79,41.13,0.06686,48,-46.54,10.12,0.04988,4,29,56.73,-27.27,0.23943,39,77.37,25.11,0.27979,47,2.12,-29.76,0.20099,48,-1.74,25.16,0.27979,4,47,41.42,-27.98,0.36568,48,37.19,30.91,0.29984,64,-26.74,-32.02,0.16457,61,-33.37,23.92,0.16991,4,48,79.15,20.96,0.33016,64,15.57,-40.35,0.13565,40,-24.46,-30.43,0.14492,61,9.76,23.82,0.38926,4,64,66.31,-49.8,0.07998,40,27.17,-30.19,0.21765,74,12.23,22.26,0.40036,61,61.38,24.22,0.30201,4,40,70.34,-30.44,0.11369,44,0,-30.61,0.11244,24,-5.36,-16.67,0.34367,74,54.55,13.71,0.4302,4,44,37.43,-33,0.11465,50,-10.96,-18.13,0.27821,24,32.11,-15.23,0.5384,74,89.61,0.42,0.06874,4,47,74.04,-21.11,0.38716,64,4.61,-20.67,0.40761,40,-38.91,-13.15,0.10322,61,-4.76,41.04,0.102,4,64,56.31,-25.73,0.08909,40,12.82,-8.42,0.8315,69,-15.66,-30.01,0.05147,61,46.96,45.94,0.02794,4,40,51.71,-7.29,0.8087,69,23.17,-27.41,0.05714,44,-20.95,-9.54,0.08105,24,-28.35,2.16,0.05311,4,69,72.36,-28.8,0.03784,44,28.22,-7.61,0.54202,50,-27.83,2.95,0.04009,24,20.37,9.09,0.38005,4,44,66.77,-11.97,0.27384,63,-1.17,-12.33,0.25592,50,10.08,11.21,0.31229,24,59.16,8.68,0.15794,4,63,36.39,-11.12,0.54758,72,-30.18,-20.36,0.05109,67,2.16,17.85,0.21243,50,46.95,18.52,0.1889,4,63,69.2,-13.55,0.36845,72,2.01,-13.53,0.36962,73,-11.15,19.84,0.13063,67,34.7,22.7,0.13129,4,72,39.76,-15.45,0.52425,81,-10.49,-18.43,0.27832,73,24.63,32.05,0.12188,67,72.27,18.48,0.07555,4,72,68.31,-18.34,0.21326,81,17.93,-14.53,0.54626,87,-19.21,-15.69,0.1876,73,52.22,39.95,0.05288,4,91,41.14,-12.61,0.43249,94,-4.15,-14,0.32224,72,37.31,21.24,0.15231,81,-21.49,16.67,0.09296,4,89,40.84,-14.99,0.19983,63,64.19,10.87,0.38032,91,-7.4,-15.76,0.14813,72,-9.63,8.52,0.27173,4,44,103.72,7.97,0.04528,86,68.81,-13.26,0.24258,89,8.71,-12.13,0.39063,63,32.02,13.37,0.32151,4,44,75.82,10.4,0.26504,86,40.89,-11.03,0.33682,89,-19.24,-13.96,0.0725,63,4.1,11.22,0.32563,4,69,92.1,-10.23,0.18391,44,46.67,12.26,0.27902,86,11.74,-9.38,0.47648,63,-24.95,8.3,0.0606,4,40,86.75,9.32,0.14468,69,57.55,-9.5,0.44163,44,12.15,10.65,0.35181,86,-22.77,-11.23,0.06188,4,64,101.77,-14.9,0.05324,40,55.44,10.74,0.3631,69,26.22,-9.26,0.4891,44,-19.13,8.78,0.09456,4,64,73.65,-8.46,0.43257,40,26.61,11.8,0.22219,69,-2.64,-9.29,0.33203,44,-47.91,6.81,0.01321,4,47,99.37,-13.12,0.06621,64,28.58,-9.23,0.71537,40,-17.52,2.58,0.19457,69,-46.38,-20.16,0.02384,4,47,57.35,-10.57,0.70477,48,51.27,49.84,0.03172,64,-13.39,-12.56,0.23379,61,-23.97,45.57,0.02972,4,29,80.36,-21.57,0.20165,39,96.52,40.09,0.06022,47,20.31,-13.63,0.67085,48,14.73,43.05,0.06727,4,29,52.02,-12.09,0.64522,39,66.8,36.97,0.06905,47,-9.17,-18.58,0.21991,48,-14.09,35.15,0.06581,4,29,18.88,-8.13,0.8725,39,34.99,26.83,0.08012,47,-40.29,-30.65,0.02252,48,-43.83,19.99,0.02486,4,31,66.89,-6.34,0.11996,36,54.31,-27.6,0.06252,43,-8.75,-26.68,0.06043,56,17.53,-7.93,0.75709,4,65,-2.75,-14.02,0.43791,45,53.47,38.4,0.06061,60,2.9,38.59,0.06003,56,51.73,-14.23,0.44145,4,77,-23.08,-21.42,0.26938,65,27.7,-26.62,0.37692,60,35.85,39.32,0.17279,56,83.33,-23.59,0.18092,4,58,-4.46,-12.94,0.31943,77,-14.84,19.75,0.09804,65,25.12,15.29,0.25587,43,54.15,-13.53,0.32667,4,58,-26.43,-7.71,0.07462,65,2.57,14.14,0.28268,43,31.6,-12.38,0.36905,56,54.09,14.33,0.27364,4,31,71.42,9.93,0.05061,36,61.4,-12.27,0.20933,43,0.32,-12.43,0.21205,56,23.48,7.87,0.52802,4,31,37.25,6.78,0.56428,36,27.18,-9.86,0.26682,43,-33.28,-5.49,0.02281,56,-10.83,7.77,0.14609],"edges":[0,2,2,4,4,6,6,8,8,10,10,12,12,14,14,16,16,18,18,20,20,22,22,24,24,26,26,28,28,30,30,32,32,34,34,36,36,38,38,40,40,42,42,44,44,46,46,48,48,50,50,52,52,54,54,56,56,58,58,60,60,62,62,64,64,66,66,68,68,70,70,72,72,74,74,76,76,78,78,80,80,82,82,84,84,86,86,88,88,90,90,92,92,94,94,96,96,98,98,100,100,102,102,104,104,106,106,108,108,110,110,112,112,114,114,116,116,118,118,120,120,122,122,124,124,126,126,128,128,130,130,132,132,134,134,136,136,138,138,140,140,142,142,144,144,146,146,148,148,150,150,152,152,154,154,156,156,158,158,160,160,162,162,164,164,166,166,168,168,170,170,172,172,174,174,176,176,178,178,180,180,182,182,184,184,186,186,188,188,190,190,192,192,194,194,196,196,198,198,200,200,202,202,204,204,206,206,208,208,210,210,212,212,214,214,216,216,218,218,220,220,222,222,224,224,226,226,228,228,230,230,232,232,234,234,236,236,238,238,240,240,242,242,244,244,246,246,248,248,250,250,252,252,254,254,256,256,258,258,260,260,262,262,264,264,266,266,268,268,270,270,272,272,274,274,276,276,278,278,280,280,282,282,284,284,286,286,288,288,290,290,292,292,294,294,0]}},"zb":{"zb":{"width":81,"height":41}},"tf_x":{"tf_x":{"x":1.2,"y":0.75,"width":388,"height":543}},"zyz":{"zyz":{"width":47,"height":44}},"yyz":{"yyz":{"width":46,"height":43}},"zs":{"zs":{"width":147,"height":678}},"zt":{"zt":{"width":292,"height":499}}}}],"animations":{"animation":{"bones":{"st":{"translate":[{},{"time":1.4167,"x":5.7,"y":-21.07},{"time":2.9167},{"time":4.3333,"x":5.7,"y":-21.07},{"time":5.8333}],"scale":[{},{"time":1.4167,"y":1.01},{"time":2.9167},{"time":4.3333,"y":1.01},{"time":5.8333}]},"tou":{"rotate":[{},{"time":1.5417,"angle":-4},{"time":2.9167},{"time":4.4583,"angle":-4},{"time":5.8333}],"translate":[{},{"time":1.5417,"x":4.11,"y":-3.06},{"time":2.9167},{"time":4.4583,"x":4.11,"y":-3.06},{"time":5.8333}]},"tf_x":{"scale":[{},{"time":1.4583,"x":0.75},{"time":2.9167},{"time":4.375,"x":0.75},{"time":5.8333}]},"zs":{"rotate":[{},{"time":2,"angle":-2},{"time":2.9167},{"time":4.9167,"angle":-2},{"time":5.8333}],"translate":[{},{"time":2,"x":-14.32,"y":-16.19},{"time":2.9167},{"time":4.9167,"x":-14.32,"y":-16.19},{"time":5.8333}]},"ys":{"rotate":[{},{"time":2,"angle":3},{"time":2.9167},{"time":4.9167,"angle":3},{"time":5.8333}],"translate":[{},{"time":2,"x":16.57,"y":-5.52},{"time":2.9167},{"time":4.9167,"x":16.57,"y":-5.52},{"time":5.8333}]},"zt":{"rotate":[{},{"time":1.4167,"angle":2},{"time":2.7917,"curve":"stepped"},{"time":2.9167},{"time":4.3333,"angle":2},{"time":5.7083}],"translate":[{},{"time":1.4167,"x":14,"y":8},{"time":2.7917,"curve":"stepped"},{"time":2.9167},{"time":4.3333,"x":14,"y":8},{"time":5.7083}]},"yt":{"rotate":[{},{"time":1.4167,"angle":-2},{"time":2.7917,"curve":"stepped"},{"time":2.9167},{"time":4.3333,"angle":-2},{"time":5.7083}],"translate":[{},{"time":1.4167,"x":-4,"y":16},{"time":2.7917,"curve":"stepped"},{"time":2.9167},{"time":4.3333,"x":-4,"y":16},{"time":5.7083}]},"zb":{"translate":[{},{"time":1.5417,"x":-0.21,"y":3.07},{"time":2.9167},{"time":4.4583,"x":-0.21,"y":3.07},{"time":5.8333}],"scale":[{},{"time":1.5417,"x":0.95,"y":0.95},{"time":2.9167},{"time":4.4583,"x":0.95,"y":0.95},{"time":5.8333}]},"zyj":{"translate":[{"time":2.125},{"time":2.2083,"x":0.94,"y":-17.74},{"time":2.2917}],"scale":[{"time":2.125},{"time":2.2083,"y":0.01},{"time":2.2917}]},"zmm":{"translate":[{"time":2.125},{"time":2.2083,"x":1.54,"y":-29.02},{"time":2.2917}],"scale":[{"time":2.125},{"time":2.2083,"y":0.45},{"time":2.2917}]},"yyj":{"translate":[{"time":2.125},{"time":2.2083,"x":0.97,"y":-18.3},{"time":2.2917}],"scale":[{"time":2.125},{"time":2.2083,"y":0.01},{"time":2.2917}]},"ymm":{"translate":[{"time":2.125},{"time":2.2083,"x":1.42,"y":-26.88},{"time":2.2917}],"scale":[{"time":2.125},{"time":2.2083,"y":0.45},{"time":2.2917}]},"bone5":{"rotate":[{},{"time":0.5833,"angle":4},{"time":2.9167},{"time":3.5,"angle":4},{"time":5.8333}]},"bone7":{"rotate":[{},{"time":1.6667,"angle":19},{"time":2.9167},{"time":4.5833,"angle":19},{"time":5.8333}]},"bone10":{"rotate":[{},{"time":1.25,"angle":3},{"time":2.9167},{"time":4.1667,"angle":3},{"time":5.8333}]},"bone11":{"rotate":[{"time":0.5833},{"time":1.0417,"angle":1},{"time":2.9167,"curve":"stepped"},{"time":3.5},{"time":3.9583,"angle":1},{"time":5.8333}]},"bone15":{"rotate":[{},{"time":0.5833,"angle":4},{"time":1.0417,"angle":5},{"time":2.9167},{"time":3.5,"angle":4},{"time":3.9583,"angle":5},{"time":5.8333}]},"bone19":{"rotate":[{},{"time":1.0417,"angle":20},{"time":2.0833,"angle":-24},{"time":2.9167},{"time":3.9583,"angle":20},{"time":5,"angle":-24},{"time":5.8333}]},"bone23":{"rotate":[{"time":0.4583},{"time":1.1667,"angle":5},{"time":2.9167,"curve":"stepped"},{"time":3.375},{"time":4.0833,"angle":5},{"time":5.8333}]},"bone27":{"rotate":[{},{"time":0.8333,"angle":13},{"time":1.6667,"angle":-10},{"time":2.9167},{"time":3.75,"angle":13},{"time":4.5833,"angle":-10},{"time":5.8333}]},"bone32":{"rotate":[{},{"time":1.0417,"angle":-11},{"time":2.9167},{"time":3.9583,"angle":-11},{"time":5.8333}]},"bone33":{"rotate":[{"time":0.5833},{"time":1.25,"angle":-4},{"time":1.6667,"curve":"stepped"},{"time":3.5},{"time":4.1667,"angle":-4},{"time":4.5833}]},"bone34":{"rotate":[{"time":1.0417},{"time":1.4583,"angle":-21},{"time":2.125,"curve":"stepped"},{"time":3.9583},{"time":4.375,"angle":-21},{"time":5.0417}]},"bone37":{"rotate":[{},{"time":0.9167,"angle":-19},{"time":1.875,"angle":7},{"time":2.9167},{"time":3.8333,"angle":-19},{"time":4.7917,"angle":7},{"time":5.8333}]},"bone38":{"rotate":[{"time":0.8333},{"time":1.4583,"angle":8},{"time":1.875,"curve":"stepped"},{"time":3.75},{"time":4.375,"angle":8},{"time":4.7917}]},"bone41":{"rotate":[{},{"time":1.0417,"angle":-18},{"time":2.0833,"angle":11},{"time":2.9167},{"time":3.9583,"angle":-18},{"time":5,"angle":11},{"time":5.8333}]},"bone42":{"rotate":[{"time":0.5833},{"time":1.5833,"angle":-35},{"time":2.9167,"curve":"stepped"},{"time":3.5},{"time":4.5,"angle":-35},{"time":5.8333}]},"bone47":{"rotate":[{},{"time":0.9167,"angle":-6},{"time":2.125,"angle":2},{"time":2.9167},{"time":3.8333,"angle":-6},{"time":5.0417,"angle":2},{"time":5.8333}]},"bone49":{"rotate":[{"time":0.8333},{"time":1.4167,"angle":-14},{"time":2.125,"angle":14},{"time":2.5833,"angle":-11},{"time":2.9167,"curve":"stepped"},{"time":3.75},{"time":4.3333,"angle":-14},{"time":5.0417,"angle":14},{"time":5.5,"angle":-11},{"time":5.8333}]},"bone54":{"rotate":[{},{"time":0.7083,"angle":-13},{"time":2.125,"angle":7},{"time":2.5,"angle":-1},{"time":2.9167},{"time":3.625,"angle":-13},{"time":5.0417,"angle":7},{"time":5.4167,"angle":-1},{"time":5.8333}]},"bone55":{"rotate":[{"time":0.8333},{"time":1.5417,"angle":-18},{"time":2.5,"angle":-7},{"time":2.9167,"curve":"stepped"},{"time":3.75},{"time":4.4583,"angle":-18},{"time":5.4167,"angle":-7},{"time":5.8333}]},"bone58":{"rotate":[{},{"time":0.7083,"angle":-11,"curve":"stepped"},{"time":1.4167,"angle":-11},{"time":2.125,"angle":1},{"time":2.9167},{"time":3.625,"angle":-11,"curve":"stepped"},{"time":4.3333,"angle":-11},{"time":5.0417,"angle":1},{"time":5.8333}]},"bone60":{"rotate":[{"time":0.5833},{"time":1.4167,"angle":-10},{"time":2.9167,"curve":"stepped"},{"time":3.5},{"time":4.3333,"angle":-10},{"time":5.8333}]},"bone67":{"translate":[{},{"time":0.7083,"y":40.02},{"time":1.4167,"x":-16.9,"y":-1.14},{"time":2,"y":-19.59},{"time":2.9167},{"time":3.625,"y":40.02},{"time":4.3333,"x":-16.9,"y":-1.14},{"time":4.9167,"y":-19.59},{"time":5.8333}],"scale":[{},{"time":0.7083,"x":1.1,"y":1.1},{"time":1.4167,"x":1.15},{"time":2,"x":1.05,"y":1.05},{"time":2.9167},{"time":3.625,"x":1.1,"y":1.1},{"time":4.3333,"x":1.15},{"time":4.9167,"x":1.05,"y":1.05},{"time":5.8333}]},"bone68":{"translate":[{},{"time":0.7083,"y":40.02},{"time":1.4167,"x":15.91,"y":-1.14},{"time":2,"y":-19.59},{"time":2.9167},{"time":3.625,"y":40.02},{"time":4.3333,"x":15.91,"y":-1.14},{"time":4.9167,"y":-19.59},{"time":5.8333}],"scale":[{},{"time":0.7083,"x":1.1,"y":1.1},{"time":1.4167,"x":1.15},{"time":2,"x":1.05,"y":1.05},{"time":2.9167},{"time":3.625,"x":1.1,"y":1.1},{"time":4.3333,"x":1.15},{"time":4.9167,"x":1.05,"y":1.05},{"time":5.8333}]},"bone70":{"rotate":[{},{"time":1.4167,"angle":-6},{"time":2.9167},{"time":4.3333,"angle":-6},{"time":5.8333}],"translate":[{},{"time":1.4167,"x":-10.72,"y":38.75},{"time":2.9167},{"time":4.3333,"x":-10.72,"y":38.75},{"time":5.8333}]},"bone73":{"translate":[{},{"time":1.4167,"y":-37.77},{"time":2.9167},{"time":4.3333,"y":-37.77},{"time":5.8333}]},"bone78":{"rotate":[{},{"time":1.4167,"angle":3},{"time":2.9167},{"time":4.3333,"angle":3},{"time":5.8333}],"translate":[{},{"time":1.4167,"x":2.27,"y":-23.05},{"time":2.9167},{"time":4.3333,"x":2.27,"y":-23.05},{"time":5.8333}]},"zyz":{"translate":[{},{"time":1.4583,"x":4.74,"y":1.68},{"time":2.9167},{"time":4.375,"x":4.74,"y":1.68},{"time":5.8333}]},"yyz":{"translate":[{},{"time":1.4583,"x":4.47,"y":5.79},{"time":2.9167},{"time":4.375,"x":4.47,"y":5.79},{"time":5.8333}]}}}}},[0]]],0,0,[0],[-1],[0]]