[1,["40lhrR7HpOOobgjjyOZd4j"],0,[["sp.SkeletonData",["_name","_atlasText","textureNames","_skeletonJson","textures"],-1,3]],[[0,0,1,2,3,4,5]],[[0,"skeleton","\nskeleton.png\nsize: 57,32\nformat: RGBA8888\nfilter: Linear,Linear\nrepeat: none\ncp\n  rotate: false\n  xy: 2, 2\n  size: 53, 28\n  orig: 53, 28\n  offset: 0, 0\n  index: -1\n",["skeleton.png"],{"skeleton":{"hash":"zaRGoN9TLiMGfk3jIW+zGbxJwA0","spine":"3.8.75","x":-26,"y":14.36,"width":53,"height":28,"images":"../拆解素材/","audio":""},"bones":[{"name":"root"},{"name":"cp","parent":"root","y":28.36},{"name":"cp2","parent":"root","y":28.36},{"name":"cp3","parent":"root","y":28.36},{"name":"cp4","parent":"root","y":28.36},{"name":"cp5","parent":"root","y":28.36}],"slots":[{"name":"cp","bone":"cp","attachment":"cp"},{"name":"cp5","bone":"cp5","attachment":"cp"},{"name":"cp2","bone":"cp2","attachment":"cp"},{"name":"cp3","bone":"cp3","attachment":"cp"},{"name":"cp4","bone":"cp4","attachment":"cp"}],"skins":[{"name":"default","attachments":{"cp2":{"cp":{"x":0.5,"width":53,"height":28}},"cp3":{"cp":{"x":0.5,"width":53,"height":28}},"cp4":{"cp":{"x":0.5,"width":53,"height":28}},"cp5":{"cp":{"x":0.5,"width":53,"height":28}},"cp":{"cp":{"x":0.5,"width":53,"height":28}}}}],"animations":{"animation":{"slots":{"cp2":{"color":[{"time":0.3333,"color":"ffffffff"},{"time":1,"color":"ffffff00"}],"attachment":[{"name":null},{"time":0.3333,"name":"cp"}]},"cp5":{"color":[{"color":"ffffff7f"},{"time":0.3333,"color":"ffffff00"}]},"cp3":{"color":[{"time":0.6667,"color":"ffffffff"},{"time":1,"color":"ffffff7f"}],"attachment":[{"name":null},{"time":0.6667,"name":"cp"}]},"cp":{"color":[{"color":"ffffffff"},{"time":0.6667,"color":"ffffff00"}]},"cp4":{"attachment":[{"name":null},{"time":1,"name":"cp"}]}},"bones":{"cp":{"translate":[{"y":-6.64},{"time":0.6667,"y":83.84}]},"cp2":{"translate":[{"y":-6.64,"curve":"stepped"},{"time":0.3333,"y":-6.64},{"time":1,"y":83.84}]},"cp3":{"translate":[{"y":-6.64,"curve":"stepped"},{"time":0.6667,"y":-6.64},{"time":1,"y":38.6}]},"cp4":{"translate":[{"y":-6.64}]},"cp5":{"translate":[{"y":38.6},{"time":0.3333,"y":83.84}]}}}}},[0]]],0,0,[0],[-1],[0]]