[1,0,0,[["dragonBones.DragonBonesAsset",["_name","_dragonBonesJson"],1]],[[0,0,1,3]],[[0,"shou_ske","{\"frameRate\":24,\"name\":\"shou\",\"version\":\"5.5\",\"compatibleVersion\":\"5.5\",\"armature\":[{\"type\":\"Armature\",\"frameRate\":24,\"name\":\"armatureName\",\"aabb\":{\"x\":-102,\"y\":-100,\"width\":194,\"height\":206.55},\"bone\":[{\"name\":\"root\",\"transform\":{\"x\":40,\"y\":50}},{\"length\":59,\"name\":\"shou\",\"parent\":\"root\",\"transform\":{\"x\":18,\"y\":29,\"skX\":-129.5597,\"skY\":-129.5597}},{\"length\":40,\"name\":\"quan\",\"parent\":\"root\",\"transform\":{\"x\":-41,\"y\":-54,\"skX\":-91.4321,\"skY\":-91.4321}}],\"slot\":[{\"name\":\"quan01\",\"parent\":\"quan\"},{\"name\":\"shou01\",\"parent\":\"shou\"}],\"skin\":[{\"slot\":[{\"name\":\"quan01\",\"display\":[{\"name\":\"图层_3\",\"transform\":{\"x\":-0.9,\"y\":-4.02,\"skX\":91.43,\"skY\":91.43},\"path\":\"quan_01\"}]},{\"name\":\"shou01\",\"display\":[{\"name\":\"图层_1\",\"transform\":{\"x\":42.3,\"y\":4.46,\"skX\":88.56,\"skY\":88.56},\"path\":\"shou_01\"}]}]}],\"animation\":[{\"duration\":18,\"playTimes\":0,\"name\":\"zidong_01\",\"bone\":[{\"name\":\"shou\",\"rotateFrame\":[{\"duration\":8,\"tweenEasing\":0},{\"duration\":7,\"tweenEasing\":0,\"rotate\":26},{\"duration\":3}],\"scaleFrame\":[{\"duration\":8,\"tweenEasing\":0},{\"duration\":7,\"tweenEasing\":0,\"x\":1.2,\"y\":1.2},{\"duration\":3}]},{\"name\":\"quan\",\"scaleFrame\":[{\"duration\":10,\"tweenEasing\":0,\"x\":0.5,\"y\":0.5},{\"duration\":8,\"tweenEasing\":0,\"x\":0.5,\"y\":0.5},{\"duration\":0,\"x\":1.2,\"y\":1.2}]}],\"slot\":[{\"name\":\"quan01\",\"colorFrame\":[{\"duration\":10,\"tweenEasing\":0,\"value\":{\"aM\":0}},{\"duration\":3,\"tweenEasing\":0,\"value\":{\"aM\":0}},{\"duration\":2,\"tweenEasing\":0},{\"duration\":3,\"tweenEasing\":0},{\"duration\":0,\"value\":{\"aM\":0}}]}]}],\"defaultActions\":[{\"gotoAndPlay\":\"zidong_01\"}]}]}"]],0,0,[],[],[]]