[1,["53i2CdLYxBxoL2bnJ4z/dw"],0,[["sp.SkeletonData",["_name","_atlasText","textureNames","_skeletonJson","textures"],-1,3]],[[0,0,1,2,3,4,5]],[[0,"skeleton","\nskeleton.png\nsize: 702,446\nformat: RGBA8888\nfilter: Linear,Linear\nrepeat: none\nc\n  rotate: false\n  xy: 2, 2\n  size: 448, 442\n  orig: 448, 442\n  offset: 0, 0\n  index: -1\ng\n  rotate: false\n  xy: 452, 182\n  size: 248, 262\n  orig: 248, 262\n  offset: 0, 0\n  index: -1\nlz\n  rotate: true\n  xy: 452, 10\n  size: 170, 155\n  orig: 172, 155\n  offset: 0, 0\n  index: -1\nz\n  rotate: false\n  xy: 609, 154\n  size: 26, 26\n  orig: 26, 26\n  offset: 0, 0\n  index: -1\n",["skeleton.png"],{"skeleton":{"hash":"aHXTtF7n9UYgicCVvzQNlJPtFAg","spine":"3.8.75","x":-224,"y":-221,"width":448,"height":442,"images":"../拆解素材/","audio":""},"bones":[{"name":"root"},{"name":"c","parent":"root"},{"name":"z","parent":"root","x":-117.92,"y":-33.88},{"name":"z2","parent":"root","x":-117.92,"y":-33.88},{"name":"z3","parent":"root","x":-117.92,"y":-33.88},{"name":"g","parent":"root","x":-70.2,"y":62.1},{"name":"lz","parent":"root","x":-88.27,"y":38.01},{"name":"lz2","parent":"root","x":-88.27,"y":38.01},{"name":"lz3","parent":"root","x":-88.27,"y":38.01},{"name":"g2","parent":"root","x":-70.2,"y":62.1}],"slots":[{"name":"c","bone":"c","attachment":"c"},{"name":"z","bone":"z","attachment":"z"},{"name":"z3","bone":"z3","attachment":"z"},{"name":"z2","bone":"z2","attachment":"z"},{"name":"g","bone":"g","attachment":"g","blend":"additive"},{"name":"g2","bone":"g2","attachment":"g","blend":"additive"},{"name":"lz","bone":"lz","attachment":"lz","blend":"additive"},{"name":"lz3","bone":"lz3","attachment":"lz","blend":"additive"},{"name":"lz2","bone":"lz2","attachment":"lz","blend":"additive"}],"skins":[{"name":"default","attachments":{"lz":{"lz":{"y":0.5,"width":172,"height":155}},"c":{"c":{"width":448,"height":442}},"lz2":{"lz":{"y":0.5,"width":172,"height":155}},"lz3":{"lz":{"y":0.5,"width":172,"height":155}},"g":{"g":{"type":"mesh","hull":4,"width":248,"height":262,"uvs":[1,1,0,1,0,0,1,0],"triangles":[1,2,3,1,3,0],"vertices":[124,-131,-124,-131,-124,131,124,131],"edges":[0,2,2,4,4,6,0,6]}},"g2":{"g":{"type":"mesh","hull":4,"width":248,"height":262,"uvs":[1,1,0,1,0,0,1,0],"triangles":[1,2,3,1,3,0],"vertices":[124,-131,-124,-131,-124,131,124,131],"edges":[0,2,2,4,4,6,0,6]}},"z2":{"z":{"width":26,"height":26}},"z3":{"z":{"width":26,"height":26}},"z":{"z":{"width":26,"height":26}}}}],"animations":{"animation":{"slots":{"lz2":{"color":[{"color":"ffffff7f"},{"time":0.8333,"color":"ffffff00"}]},"g":{"color":[{"color":"ffffffff"},{"time":0.8333,"color":"ffffff8d"},{"time":1.6667,"color":"ffffffff"}]},"g2":{"color":[{"color":"ffffffff"},{"time":0.8333,"color":"ffffff8d"},{"time":1.6667,"color":"ffffffff"}]},"lz":{"color":[{"color":"ffffff00"}]},"z2":{"color":[{"color":"ffffff7f"},{"time":0.8333,"color":"ffffff00"}]},"lz3":{"color":[{"color":"ffffff00"},{"time":0.8333,"color":"ffffffff"},{"time":1.6667,"color":"ffffff7f"}]},"z":{"color":[{"color":"ffffffff"},{"time":1.6667,"color":"ffffff00"}]},"z3":{"color":[{"time":0.8333,"color":"ffffffff"},{"time":1.6667,"color":"ffffff7f"}]}},"bones":{"z":{"translate":[{},{"time":1.6667,"x":45.81,"y":79.18}],"scale":[{"x":0,"y":0},{"time":1.6667,"x":1.2,"y":1.2}]},"z2":{"translate":[{"x":22.91,"y":39.59},{"time":0.8333,"x":45.81,"y":79.18}],"scale":[{"x":0.6,"y":0.6},{"time":0.8333,"x":1.2,"y":1.2}]},"z3":{"translate":[{"time":0.8333},{"time":1.6667,"x":22.91,"y":39.59}],"scale":[{"x":0,"y":0,"curve":"stepped"},{"time":0.8333,"x":0,"y":0},{"time":1.6667,"x":0.6,"y":0.6}]},"lz":{"translate":[{"x":-86.69,"y":59.47},{"time":0.8333,"x":40.57,"y":-18.31},{"time":1.6667,"x":81.13,"y":-36.62}]},"lz2":{"translate":[{"x":40.57,"y":-18.31},{"time":0.8333,"x":81.13,"y":-36.62}]},"lz3":{"translate":[{},{"time":1.6667,"x":40.57,"y":-18.31}]},"g":{"translate":[{},{"time":0.8333,"x":22.92,"y":-26.17},{"time":1.6667}],"scale":[{},{"time":0.8333,"x":1.2,"y":1.2},{"time":1.6667}]},"g2":{"translate":[{},{"time":0.8333,"x":22.92,"y":-26.17},{"time":1.6667}],"scale":[{},{"time":0.8333,"x":1.2,"y":1.2},{"time":1.6667}]}}}}},[0]]],0,0,[0],[-1],[0]]