[1,["8ff4UKQnZJfINve5P77boZ"],0,[["sp.SkeletonData",["_name","_atlasText","textureNames","_skeletonJson","textures"],-1,3]],[[0,0,1,2,3,4,5]],[[0,"skeleton","\nskeleton.png\nsize: 145,607\nformat: RGBA8888\nfilter: Linear,Linear\nrepeat: none\nd\n  rotate: true\n  xy: 123, 539\n  size: 25, 9\n  orig: 25, 9\n  offset: 0, 0\n  index: -1\nnan_shou1\n  rotate: false\n  xy: 111, 419\n  size: 29, 78\n  orig: 29, 78\n  offset: 0, 0\n  index: -1\nnan_shou2\n  rotate: false\n  xy: 102, 247\n  size: 41, 69\n  orig: 41, 69\n  offset: 0, 0\n  index: -1\nnan_st\n  rotate: true\n  xy: 2, 187\n  size: 35, 91\n  orig: 35, 91\n  offset: 0, 0\n  index: -1\nnan_tou\n  rotate: true\n  xy: 88, 71\n  size: 51, 52\n  orig: 53, 52\n  offset: 1, 0\n  index: -1\nnan_tui\n  rotate: true\n  xy: 2, 45\n  size: 59, 62\n  orig: 59, 62\n  offset: 0, 0\n  index: -1\nnan_tui2\n  rotate: true\n  xy: 66, 10\n  size: 59, 62\n  orig: 59, 62\n  offset: 0, 0\n  index: -1\nnv_shou\n  rotate: false\n  xy: 109, 318\n  size: 29, 58\n  orig: 29, 58\n  offset: 0, 0\n  index: -1\nnv_shou2\n  rotate: false\n  xy: 109, 378\n  size: 33, 39\n  orig: 38, 40\n  offset: 0, 1\n  index: -1\nnv_st\n  rotate: false\n  xy: 2, 525\n  size: 119, 80\n  orig: 119, 80\n  offset: 0, 0\n  index: -1\nnv_tfd\n  rotate: false\n  xy: 123, 566\n  size: 20, 39\n  orig: 20, 41\n  offset: 0, 2\n  index: -1\nnv_tou\n  rotate: true\n  xy: 2, 2\n  size: 41, 61\n  orig: 41, 61\n  offset: 0, 0\n  index: -1\nnv_toufa\n  rotate: false\n  xy: 102, 183\n  size: 41, 62\n  orig: 41, 63\n  offset: 0, 0\n  index: -1\nnv_tui\n  rotate: true\n  xy: 88, 124\n  size: 57, 52\n  orig: 60, 56\n  offset: 0, 4\n  index: -1\nqunzi\n  rotate: true\n  xy: 111, 499\n  size: 24, 32\n  orig: 24, 32\n  offset: 0, 0\n  index: -1\ns1\n  rotate: true\n  xy: 2, 106\n  size: 79, 84\n  orig: 116, 116\n  offset: 18, 6\n  index: -1\ns2\n  rotate: true\n  xy: 2, 224\n  size: 95, 98\n  orig: 116, 116\n  offset: 10, 4\n  index: -1\ns3\n  rotate: true\n  xy: 2, 321\n  size: 98, 105\n  orig: 116, 116\n  offset: 7, 2\n  index: -1\ns4\n  rotate: true\n  xy: 2, 421\n  size: 102, 107\n  orig: 116, 116\n  offset: 5, 2\n  index: -1\n",["skeleton.png"],{"skeleton":{"hash":"ChaAr3Ngc27wC8y3YnABCuv1CBU","spine":"3.8.75","x":-70.3,"y":-2.5,"width":165.75,"height":159.75,"images":"../拆解文件/","audio":""},"bones":[{"name":"root"},{"name":"nv_st","parent":"root","x":4.83,"y":54.77},{"name":"nv_st5","parent":"nv_st","length":28.18,"rotation":1.28,"x":0.31,"y":0.45},{"name":"nv_st6","parent":"nv_st5","length":32.88,"rotation":15.91,"x":28.18},{"name":"nv_shou","parent":"nv_st6","rotation":-17.19,"x":22.21,"y":-5.06},{"name":"nv_tou","parent":"nv_st6","rotation":-17.19,"x":48.28,"y":1},{"name":"nv_tui","parent":"nv_st","x":-2.6,"y":3.38},{"name":"nv_shou2","parent":"nv_st","x":51.37,"y":-0.96},{"name":"nan_st","parent":"root","x":-27.2,"y":56.49},{"name":"nan_st2","parent":"nan_st","length":20.09,"rotation":91.41,"x":0.12,"y":0.05},{"name":"nan_st3","parent":"nan_st2","length":20.34,"rotation":-1.07,"x":20.09},{"name":"nan_shou1","parent":"nan_st3","rotation":-90.35,"x":17.24,"y":2.17},{"name":"nan_tui","parent":"nan_st","x":-2.03,"y":-5.38},{"name":"nan_shou2","parent":"nan_st3","rotation":-90.35,"x":26.72,"y":-0.53},{"name":"nan_st4","parent":"nan_st3","length":24.28,"rotation":-13.04,"x":20.39},{"name":"nan_tou","parent":"nan_st4","rotation":-77.31,"x":23.02,"y":-0.03},{"name":"nan_tui2","parent":"nan_st","x":0.73,"y":5.74},{"name":"nv_qunzi","parent":"nv_st","x":15.33,"y":2.35},{"name":"nan_tui3","parent":"nan_tui","length":37.54,"rotation":-89.71,"x":0.29,"y":0.1},{"name":"nan_tui4","parent":"nan_tui3","length":38.58,"rotation":-95.86,"x":37.54},{"name":"target0","parent":"root","x":-64.42,"y":17.42,"color":"ff3f00ff"},{"name":"nan_tui5","parent":"target0","length":12.05,"rotation":-95.04,"y":-0.1},{"name":"nan_shou3","parent":"nan_shou1","length":33.65,"rotation":-106.18,"x":-0.05,"y":-0.21},{"name":"nan_shou4","parent":"nan_shou3","length":31.35,"rotation":37.75,"x":33.65},{"name":"nan_shou5","parent":"nan_shou2","length":35.99,"rotation":-72.45,"x":-0.06,"y":0.09},{"name":"nan_shou6","parent":"nan_shou5","length":27.34,"rotation":29.35,"x":35.77,"y":0.11},{"name":"nan_tui6","parent":"nan_tui2","length":35.44,"rotation":-90.61,"x":0.04,"y":-0.11},{"name":"nan_tui7","parent":"nan_tui6","length":34.93,"rotation":-92.82,"x":35.44},{"name":"target1","parent":"root","x":-61.86,"y":28.74,"color":"ff3f00ff"},{"name":"nan_tui8","parent":"target1","length":8.1,"rotation":-93.99,"x":-0.09},{"name":"target2","parent":"root","x":7.21,"y":54.3,"color":"ff3f00ff"},{"name":"target3","parent":"root","x":5.81,"y":60.52,"color":"ff3f00ff"},{"name":"nv_st2","parent":"nv_st","length":44.75,"rotation":-88.27,"x":-0.18,"y":-0.53},{"name":"nv_st3","parent":"nv_st2","length":39.69,"rotation":-95.63,"x":44.56,"y":-0.17},{"name":"target6","parent":"root","x":-33.76,"y":12.41,"color":"ff3f00ff"},{"name":"nv_st4","parent":"target6","length":11.65,"rotation":-98.47},{"name":"nv_shou3","parent":"nv_shou","length":21.57,"rotation":-112.8,"x":-0.36,"y":0.12},{"name":"nv_shou4","parent":"nv_shou3","length":25.95,"rotation":36.93,"x":21.57},{"name":"target4","parent":"root","x":53.58,"y":12.67,"color":"ff3f00ff"},{"name":"nv_shou5","parent":"target4","length":12.24,"rotation":2.05},{"name":"nv_shou6","parent":"nv_shou2","length":19.24,"rotation":-136.72,"x":0.02,"y":-0.16},{"name":"nv_shou7","parent":"nv_shou6","length":15.86,"rotation":94.5,"x":19.24},{"name":"target5","parent":"root","x":53.94,"y":29.79,"color":"ff3f00ff"},{"name":"nv_shou8","parent":"target5","length":8.85,"rotation":-2.15},{"name":"nv_tui2","parent":"nv_tui","length":33.8,"rotation":-84.16,"x":0.21,"y":0.15},{"name":"nv_tui3","parent":"nv_tui2","length":35.69,"rotation":-109.07,"x":33.8},{"name":"target7","parent":"root","x":-28.85,"y":32.81,"color":"ff3f00ff"},{"name":"nv_st7","parent":"nv_st","length":11.03,"rotation":-59.46,"x":36.71,"y":-8.01},{"name":"dd","parent":"nan_st","x":19.48,"y":-5.19},{"name":"nv_toufa","parent":"nv_tou","x":-4.69,"y":5.61},{"name":"nv_toufa2","parent":"nv_toufa","length":15.86,"rotation":-92.54,"x":-9.37,"y":17.23},{"name":"nv_toufa3","parent":"nv_toufa2","length":14.04,"rotation":10.47,"x":15.86},{"name":"nv_toufa4","parent":"nv_toufa3","length":11.31,"rotation":13.05,"x":14.04},{"name":"nv_toufa5","parent":"nv_toufa","length":14.43,"rotation":-30,"x":-0.22,"y":20.75},{"name":"nv_toufa6","parent":"nv_toufa5","length":20.16,"rotation":-54.48,"x":14.43},{"name":"nv_toufa7","parent":"nv_toufa6","length":7.35,"rotation":-22.21,"x":20.16},{"name":"sj","parent":"root","rotation":173.36,"x":-12.1,"y":34.04,"scaleX":0.3941,"scaleY":0.3941},{"name":"tfd","parent":"nv_toufa","x":9,"y":11.16},{"name":"tfd2","parent":"tfd","length":14.07,"rotation":-70.17,"x":-0.22,"y":0.25},{"name":"tfd3","parent":"tfd2","length":13.45,"rotation":-19.83,"x":14.07}],"slots":[{"name":"nv_tfd","bone":"tfd","attachment":"nv_tfd"},{"name":"nv_shou2","bone":"nv_shou2","attachment":"nv_shou2"},{"name":"nv_tui","bone":"nv_tui","attachment":"nv_tui"},{"name":"nan_shou2","bone":"nan_shou2","attachment":"nan_shou2"},{"name":"nan_tui2","bone":"nan_tui2","attachment":"nan_tui2"},{"name":"nan_st","bone":"nan_st","attachment":"nan_st"},{"name":"d","bone":"dd","attachment":"d"},{"name":"sj","bone":"sj","blend":"additive"},{"name":"nan_tui","bone":"nan_tui","attachment":"nan_tui"},{"name":"nv_st","bone":"nv_st","attachment":"nv_st"},{"name":"nv_tou","bone":"nv_tou","attachment":"nv_tou"},{"name":"nv_shou","bone":"nv_shou","attachment":"nv_shou"},{"name":"nan_shou1","bone":"nan_shou1","attachment":"nan_shou1"},{"name":"nan_tou","bone":"nan_tou","attachment":"nan_tou"},{"name":"qunzi","bone":"nv_qunzi","attachment":"qunzi"},{"name":"nv_toufa","bone":"nv_toufa","attachment":"nv_toufa"}],"ik":[{"name":"target","target":"target2","bones":["nan_shou3","nan_shou4"]},{"name":"target0","order":1,"target":"target0","bendPositive":false,"bones":["nan_tui3","nan_tui4"]},{"name":"target1","order":2,"target":"target1","bendPositive":false,"bones":["nan_tui6","nan_tui7"]},{"name":"target2","order":3,"target":"target3","bones":["nan_shou5","nan_shou6"]},{"name":"target3","order":4,"target":"target4","bones":["nv_shou3","nv_shou4"]},{"name":"target4","order":5,"target":"target5","bones":["nv_shou6","nv_shou7"]},{"name":"target5","order":6,"target":"target6","bendPositive":false,"bones":["nv_st2","nv_st3"]},{"name":"target6","order":7,"target":"target7","bendPositive":false,"bones":["nv_tui2","nv_tui3"]}],"skins":[{"name":"default","attachments":{"nan_tui":{"nan_tui":{"type":"mesh","hull":21,"width":59,"height":62,"uvs":[0.80265,0.01569,0.92995,0.10704,1,0.24172,1,0.42321,0.99918,0.52641,0.94966,0.79671,0.89249,0.86792,0.71369,0.92483,0.26836,0.80673,0.20466,0.80662,0.14052,0.98397,0.06892,0.9853,0.01663,0.93551,0,0.88935,0,0.61083,0.03518,0.57425,0.46307,0.59638,0.57259,0.5964,0.52801,0.2439,0.56335,0.07628,0.62571,0.01578],"triangles":[13,14,9,10,12,13,9,10,13,11,12,10,8,9,15,14,15,9,16,8,15,7,17,6,16,17,7,8,16,7,18,1,2,18,2,3,19,20,0,0,18,19,1,18,0,3,17,18,4,17,3,5,17,4,6,17,5],"vertices":[1,18,-9.32,3.33,1,1,18,-3.62,10.81,1,1,18,4.75,14.9,1,1,18,16,14.84,1,1,18,22.4,14.76,1,2,18,39.14,11.75,0.96601,19,-11.85,0.4,0.03399,2,18,43.54,8.36,0.79089,19,-8.93,5.12,0.20911,2,18,47.02,-2.21,0.03355,19,1.23,9.66,0.96645,2,19,28.09,4.92,0.94034,21,4.92,10.43,0.05966,2,19,31.83,5.28,0.59646,21,5.24,6.69,0.40354,1,21,16.53,3.88,1,1,21,16.98,-0.32,1,1,21,14.18,-3.66,1,1,21,11.41,-4.89,1,2,19,45.03,-5.63,0.53373,21,-5.79,-6.4,0.46627,2,19,43.18,-8.09,0.63509,21,-8.23,-4.53,0.36491,2,18,26.58,-16.89,0.06761,19,17.92,-9.18,0.93239,2,18,26.61,-10.43,0.49801,19,11.49,-9.8,0.50199,1,18,4.74,-12.95,1,1,18,-5.64,-10.81,1,1,18,-9.37,-7.11,1],"edges":[0,40,0,2,2,4,4,6,6,8,8,10,10,12,12,14,14,16,16,18,18,20,20,22,22,24,24,26,26,28,28,30,30,32,32,34,34,36,36,38,38,40]}},"nan_st":{"nan_st":{"type":"mesh","hull":17,"width":35,"height":91,"uvs":[0.37018,0,0.45833,0,0.72475,0.06825,0.91455,0.18387,0.85801,0.32106,0.85837,0.61592,0.94331,0.69231,1,0.84442,1,0.92933,0.90573,0.99532,0.75874,1,0.48833,1,0.23125,1,0.17142,0.86736,0.02772,0.56918,0.02733,0.22451,0.3393,0.03282],"triangles":[4,14,2,16,2,15,2,16,1,16,0,1,2,14,15,4,2,3,12,13,11,9,10,8,10,7,8,13,7,11,11,7,10,6,13,5,7,13,6,5,14,4,13,14,5],"vertices":[1,14,22.4,8.68,1,1,14,23.08,5.67,1,1,14,19.06,-4.79,1,2,10,27.32,-15.55,0.08237,14,10.26,-13.58,0.91763,3,9,34.69,-13.77,0.01936,10,14.85,-13.49,0.67605,14,-2.36,-14.4,0.30459,2,9,7.86,-13.12,0.98716,10,-11.98,-13.34,0.01284,1,9,0.84,-15.92,1,1,9,-13.05,-17.56,1,1,9,-20.77,-17.37,1,1,9,-26.69,-13.92,1,1,9,-26.99,-8.77,1,1,9,-26.76,0.69,1,1,9,-26.54,9.69,1,1,9,-14.42,11.48,1,2,9,12.83,15.84,0.75751,10,-7.55,15.7,0.24249,2,10,23.81,15.53,0.45819,14,-0.17,15.9,0.54181,1,14,19.25,9.08,1],"edges":[0,32,0,2,2,4,4,6,6,8,8,10,10,12,12,14,14,16,16,18,18,20,20,22,22,24,24,26,26,28,28,30,30,32]}},"nan_tui2":{"nan_tui2":{"type":"mesh","hull":23,"width":59,"height":62,"uvs":[0.77946,0.01557,0.85624,0.05224,0.92927,0.10692,0.98483,0.21215,1,0.27352,1,0.48248,0.9625,0.77479,0.87823,0.88969,0.7749,0.91991,0.69554,0.92012,0.27712,0.80894,0.19833,0.82105,0.14155,0.98419,0.06787,0.98449,0,0.91958,0,0.5807,0.13128,0.57925,0.43173,0.59638,0.57314,0.59636,0.52813,0.24801,0.55766,0.09907,0.5766,0.06179,0.62687,0.01595],"triangles":[11,14,15,12,14,11,13,14,12,10,16,17,11,16,10,11,15,16,9,18,8,10,17,18,9,10,18,2,3,4,20,2,19,19,5,18,19,2,5,4,5,2,21,22,0,0,20,21,1,20,0,20,1,2,6,18,5,6,8,18,7,8,6],"vertices":[1,26,-9.37,4.76,1,1,26,-7.14,9.31,1,1,26,-3.8,13.66,1,1,26,2.69,17,1,1,26,6.48,17.94,1,1,26,19.44,18.08,1,2,26,37.58,16.06,0.90888,27,-16.15,1.36,0.09112,2,26,44.76,11.16,0.67732,27,-11.61,8.76,0.32268,2,26,46.7,5.09,0.43255,27,-5.64,11,0.56745,2,26,46.76,0.41,0.22674,27,-0.96,11.29,0.77326,2,27,24.09,5.89,0.93397,29,5.77,10.99,0.06603,2,27,28.69,6.92,0.48838,29,6.84,6.41,0.51162,1,29,17.17,3.78,1,1,29,17.49,-0.56,1,1,29,13.76,-4.83,1,2,27,41.26,-7.26,0.4461,29,-7.2,-6.31,0.5539,2,27,33.53,-7.81,0.87711,29,-7.83,1.41,0.12289,2,26,26.86,-15.37,0.03202,27,15.77,-7.81,0.96798,2,26,26.77,-7.03,0.58353,27,7.45,-8.31,0.41647,1,26,5.2,-9.92,1,1,26,-4.05,-8.27,1,1,26,-6.37,-7.18,1,1,26,-9.25,-4.25,1],"edges":[0,44,0,2,2,4,4,6,6,8,8,10,10,12,12,14,14,16,16,18,18,20,20,22,22,24,24,26,26,28,28,30,30,32,32,34,34,36,36,38,38,40,40,42,42,44]}},"nv_tui":{"nv_tui":{"type":"mesh","hull":24,"width":60,"height":56,"uvs":[0.61336,0,0.75147,0,0.90487,0.12429,0.93349,0.16842,0.93395,0.45509,0.9175,0.43018,0.9171,0.77053,0.89091,0.88171,0.76032,0.91824,0.66693,0.89326,0.27559,0.75339,0.16723,0.75031,0.12869,0.85201,0.03783,0.86275,0,0.82171,0,0.65232,0.01674,0.53124,0.04252,0.48199,0.16594,0.48161,0.29984,0.53523,0.55507,0.57093,0.4495,0.23124,0.44983,0.12439,0.51463,0.05484],"triangles":[8,9,7,10,20,9,13,14,12,12,14,11,15,18,11,18,15,16,16,17,18,11,14,15,10,19,20,10,11,19,11,18,19,9,20,5,7,9,5,21,0,5,6,7,5,5,0,2,1,2,0,21,5,20,21,22,23,0,21,23,5,3,4,5,2,3],"vertices":[1,44,-10.25,-2.26,1,1,44,-9.4,5.99,1,1,44,-1.54,14.43,1,1,44,1.09,15.89,1,1,44,17.06,14.28,1,1,44,15.58,13.45,1,2,44,34.54,11.48,0.97616,45,-11.09,-3.06,0.02384,2,44,40.57,9.28,0.83408,45,-10.99,3.36,0.16592,2,44,41.81,1.28,0.36168,45,-3.83,7.15,0.63832,2,44,39.84,-4.15,0.0249,45,1.95,7.07,0.9751,1,45,26.6,4.82,1,1,45,32.97,6.14,1,1,45,33.91,12.21,1,1,45,39.08,14.04,1,1,45,41.82,12.33,1,1,45,43.99,3.09,1,1,45,44.56,-3.74,1,1,45,43.69,-6.78,1,1,45,36.49,-8.49,1,2,44,17.66,-24.02,0.00002,45,27.98,-7.41,0.99998,2,44,21.2,-8.99,0.52833,45,12.61,-8.97,0.47167,1,44,1.64,-13.36,1,1,44,-4.31,-12.73,1,1,44,-7.79,-8.46,1],"edges":[0,46,0,2,2,4,4,6,6,8,8,10,10,12,12,14,14,16,16,18,18,20,20,22,22,24,24,26,26,28,28,30,30,32,32,34,34,36,36,38,38,40,40,42,42,44,44,46]}},"nv_shou":{"nv_shou":{"type":"mesh","hull":19,"width":29,"height":58,"uvs":[0.63227,0,0.79344,0.10946,0.79381,0.17429,0.69393,0.27127,0.41439,0.4338,0.42229,0.50386,0.47851,0.75279,0.51547,0.78974,0.88263,0.83276,1,0.9307,1,0.98413,0.89817,1,0.2931,1,0.1694,0.87786,0,0.58709,0,0.34143,0.06075,0.25914,0.23667,0.11249,0.51419,0],"triangles":[18,1,2,1,18,0,17,3,16,4,16,3,15,16,4,2,17,18,2,3,17,14,15,4,14,4,5,14,5,6,13,14,6,13,6,7,12,13,7,12,7,11,11,8,9,10,11,9,7,8,11],"vertices":[1,36,-10.3,-0.01,1,1,36,-6.26,6.76,1,1,36,-2.79,8.23,1,1,36,3.51,7.74,1,2,37,-2.62,6.87,0.04786,36,15.35,3.92,0.95214,2,37,1.37,6.1,0.42002,36,19,5.7,0.57998,2,39,1.94,10.83,0.04113,37,15.77,4.16,0.95887,2,39,2.93,8.65,0.20477,37,18.11,4.67,0.79523,2,39,13.48,5.77,0.97517,37,23.13,14.39,0.02483,1,39,16.68,-0.03,1,1,39,16.57,-3.13,1,1,39,13.58,-3.94,1,2,39,-3.95,-3.31,0.13887,37,28.36,-4.56,0.86113,1,37,20.62,-6.31,1,2,37,3.06,-6.95,0.96212,36,28.2,-3.72,0.03788,1,36,15.06,-9.24,1,1,36,9.98,-9.46,1,1,36,0.16,-8.06,1,1,36,-8.97,-3.17,1],"edges":[0,36,0,2,2,4,4,6,6,8,8,10,10,12,12,14,14,16,16,18,18,20,20,22,22,24,24,26,26,28,28,30,30,32,32,34,34,36]}},"sj":{"s1":{"width":116,"height":116},"s2":{"width":116,"height":116},"s3":{"width":116,"height":116},"s4":{"width":116,"height":116}},"nv_toufa":{"nv_toufa":{"type":"mesh","hull":23,"width":41,"height":63,"uvs":[0.31636,0.03136,0.67741,0.03136,0.77835,0.06107,0.9246,0.15691,1,0.25095,1,0.45077,0.92748,0.56003,0.92728,0.71357,0.85614,0.80829,0.76371,0.86883,0.64661,0.76946,0.67289,0.60896,0.43939,0.65436,0.50304,0.97574,0.46547,1,0.43753,1,0.34053,0.93567,0.21879,0.77778,0.12225,0.71565,0,0.47706,0,0.25364,0.07226,0.15867,0.22047,0.06216],"triangles":[3,1,2,3,11,1,11,0,1,11,3,4,6,11,5,4,5,11,9,10,8,8,10,7,10,11,7,7,11,6,14,15,13,15,16,13,17,12,16,16,12,13,17,18,12,18,19,12,11,12,20,11,20,21,21,22,11,22,0,11,20,12,19],"vertices":[2,50,-12.88,1.77,0.39421,53,-10.54,4.62,0.60579,1,53,2.28,12.02,1,1,53,6.8,12.47,1,2,54,-8,6.43,0.10234,53,15.01,10.24,0.89766,2,54,-1.8,8.93,0.58412,53,20.65,6.66,0.41588,1,54,10.73,7.72,1,2,55,-4.2,2.72,0.02905,54,17.29,4.1,0.97095,1,55,5.06,5.49,1,1,55,11.62,4.41,1,1,55,16.36,1.88,1,2,51,19.98,13.96,0.0002,55,11.74,-4.52,0.9998,5,50,22.82,17.99,0.01097,51,10.12,16.42,0.15207,55,1.75,-6.4,0.446,54,19.36,-6.58,0.38945,53,20.32,-19.58,0.00152,6,50,26.1,8.55,0.00411,51,11.63,6.54,0.68864,52,-0.87,6.92,0.18992,55,7.24,-14.74,0.02498,54,21.29,-16.39,0.09214,53,13.46,-26.85,0.00022,1,52,18.97,2.11,1,1,52,19.85,0.12,1,1,52,19.44,-0.95,1,1,52,14.23,-3.21,1,2,51,18.09,-3.49,0.108,52,3.16,-4.31,0.892,2,51,13.66,-6.87,0.75386,52,-1.92,-6.6,0.24614,2,50,15.74,-9.94,0.63324,51,-1.92,-9.76,0.36676,1,50,1.68,-10.57,1,2,50,-4.43,-7.87,0.97429,53,-15.19,-7.33,0.02571,2,50,-10.77,-2.07,0.62422,53,-12.97,0.97,0.37578],"edges":[0,44,0,2,2,4,4,6,6,8,8,10,10,12,12,14,14,16,16,18,18,20,20,22,22,24,24,26,26,28,28,30,30,32,32,34,34,36,36,38,38,40,40,42,42,44]}},"nv_shou2":{"nv_shou2":{"type":"mesh","hull":18,"width":38,"height":40,"uvs":[0.55334,0,0.63199,0.07478,0.63222,0.17618,0.59007,0.25379,0.39392,0.35528,0.34661,0.48879,0.53025,0.69969,0.71056,0.69934,0.84254,0.8239,0.84285,0.90026,0.57131,0.95761,0.41952,0.90024,0.04561,0.57885,0,0.51462,0,0.43294,0.10441,0.30038,0.26302,0.14973,0.49931,0],"triangles":[17,1,2,1,17,0,3,4,16,15,16,4,3,17,2,3,16,17,5,15,4,14,15,5,12,13,14,5,12,14,12,5,11,11,5,6,10,6,7,10,7,8,10,8,9,11,6,10],"vertices":[1,40,-6.67,-3.22,1,1,40,-6.8,1.01,1,1,40,-4.03,3.97,1,1,40,-0.73,5.13,1,2,41,3.89,11.5,0.01101,40,7.48,2.97,0.98899,3,43,-3.34,11.11,0.0013,41,6.15,6.33,0.48885,40,12.45,5.63,0.50985,2,43,3.93,2.93,0.88703,41,16.98,4.77,0.11297,1,43,10.78,3.19,1,1,43,15.97,-1.61,1,1,43,16.09,-4.67,1,1,43,5.86,-7.33,1,2,43,0.02,-5.24,0.84732,41,19.26,-4,0.15268,2,41,0.1,-4.02,0.92095,40,23.24,0.41,0.07905,2,41,-2.91,-3.28,0.4764,40,22.75,-2.65,0.5236,2,41,-5.11,-0.86,0.09587,40,20.51,-5.03,0.90413,1,40,13.98,-6.17,1,1,40,5.46,-6.42,1,1,40,-5.18,-4.63,1],"edges":[0,34,0,2,2,4,4,6,6,8,8,10,10,12,12,14,14,16,16,18,18,20,20,22,22,24,24,26,26,28,28,30,30,32,32,34]}},"nv_tou":{"nv_tou":{"type":"mesh","hull":4,"width":41,"height":61,"uvs":[1,1,0,1,0,0,1,0],"triangles":[1,2,3,1,3,0],"vertices":[15.6,-24.6,-25.4,-24.6,-25.4,36.4,15.6,36.4],"edges":[0,2,2,4,4,6,0,6]}},"d":{"d":{"x":0.5,"y":0.5,"width":25,"height":9}},"nan_shou1":{"nan_shou1":{"type":"mesh","hull":20,"width":29,"height":78,"uvs":[0.56184,0,0.77928,0,0.89277,0.05951,0.99682,0.15645,0.83701,0.27647,0.51903,0.53433,0.61998,0.70309,0.67422,0.74445,0.82776,0.81993,0.87013,0.92992,0.83132,0.96031,0.76065,0.98741,0.58663,0.98746,0.34458,0.92777,0.34133,0.80386,0.02901,0.58892,0.03375,0.46265,0.1066,0.24495,0.23499,0.07825,0.36136,0.03213],"triangles":[11,12,10,9,10,12,8,9,12,12,13,8,8,14,7,8,13,14,14,6,7,14,15,6,15,5,6,15,16,5,16,17,5,5,17,4,17,18,4,18,19,4,4,19,2,2,19,0,4,2,3,2,0,1],"vertices":[1,22,-8.74,-3.13,1,1,22,-10.49,2.93,1,1,22,-6.95,7.38,1,1,22,-0.53,12.39,1,1,22,9.75,10.55,1,2,22,31.64,7.3,0.46778,23,2.87,7,0.53222,1,23,16.19,4.89,1,1,23,19.77,5.16,1,1,23,26.88,7.14,1,1,23,35.31,5.13,1,1,23,37.1,3.21,1,1,23,38.31,0.53,1,1,23,36.46,-4.17,1,1,23,29.55,-8.98,1,1,23,20.53,-5.52,1,2,22,39.68,-5.17,0.06373,23,1.61,-7.78,0.93627,2,22,30.19,-7.78,0.95277,23,-7.5,-4.03,0.04723,1,22,13.29,-10.48,1,1,22,-0.23,-10.53,1,1,22,-4.71,-8.01,1],"edges":[0,38,0,2,2,4,4,6,6,8,8,10,10,12,12,14,14,16,16,18,18,20,20,22,22,24,24,26,26,28,28,30,30,32,32,34,34,36,36,38]}},"nan_shou2":{"nan_shou2":{"type":"mesh","hull":23,"width":41,"height":69,"uvs":[0.09442,0,0.12282,0,0.22052,0.02893,0.26807,0.07167,0.40265,0.26294,0.49302,0.45899,0.51711,0.52585,0.6824,0.68033,0.78203,0.73946,0.93736,0.79466,1,0.86919,1,0.93111,0.99922,0.94916,0.96106,0.98583,0.80028,0.98576,0.63911,0.96048,0.56583,0.84386,0.37471,0.73028,0.20319,0.66611,0.11712,0.51556,0,0.25413,0,0.08536,0.00053,0.05737],"triangles":[17,18,6,18,19,6,19,5,6,19,4,5,19,20,4,20,3,4,2,3,21,2,21,1,1,21,22,22,0,1,3,20,21,12,13,11,11,13,14,11,14,15,9,16,8,9,15,16,10,11,15,15,9,10,16,7,8,16,17,7,7,17,6],"vertices":[1,24,-8.73,1.21,1,1,24,-8.38,2.32,1,1,24,-5.27,5.54,1,1,24,-1.87,6.51,1,1,24,12.37,7.79,1,2,25,-4.68,10.82,0.09384,24,26.39,7.24,0.90616,2,25,-0.81,8.13,0.46254,24,31.09,6.79,0.53746,1,25,11.42,4.97,1,1,25,17.19,4.78,1,1,25,24.45,6.35,1,1,25,29.83,4.35,1,1,25,32.75,1.23,1,1,25,33.58,0.3,1,1,25,34.17,-2.62,1,1,25,29.35,-7.12,1,1,25,23.33,-10.36,1,2,25,15.64,-6.53,0.9978,24,52.61,2.08,0.0022,2,25,4.56,-6.16,0.44603,24,42.77,-3.03,0.55397,1,24,36.43,-8.4,1,1,24,25.46,-8.63,1,1,24,6.82,-7.77,1,1,24,-4.29,-4.25,1,1,24,-6.12,-3.65,1],"edges":[0,44,0,2,2,4,4,6,6,8,8,10,10,12,12,14,14,16,16,18,18,20,20,22,22,24,24,26,26,28,28,30,30,32,32,34,34,36,36,38,38,40,40,42,42,44]}},"nan_tou":{"nan_tou":{"x":10.54,"y":11.78,"width":53,"height":52}},"nv_st":{"nv_st":{"type":"mesh","hull":42,"width":119,"height":80,"uvs":[0.77573,0,0.87871,0,0.95855,0.01238,0.99172,0.06195,1,0.09743,1,0.17261,0.93283,0.21324,0.92453,0.27511,0.86484,0.36369,0.82518,0.41063,0.79772,0.50723,0.78087,0.53596,0.70715,0.5612,0.55115,0.40029,0.47937,0.59774,0.47918,0.82539,0.4708,0.88763,0.44572,0.92508,0.42052,0.93765,0.33729,0.93762,0.18736,0.87562,0.1014,0.87532,0.10105,0.93364,0.10111,0.9877,0.00832,0.98761,0.00826,0.835,0.01688,0.74735,0.02968,0.71203,0.08715,0.71135,0.1916,0.72484,0.31367,0.7246,0.23485,0.37412,0.2348,0.34284,0.24454,0.19805,0.26701,0.12819,0.28338,0.09806,0.33138,0.0498,0.40762,0.04981,0.51748,0.09964,0.55577,0.08728,0.66537,0.08662,0.68081,0.06015],"triangles":[9,12,13,10,11,12,9,10,12,13,40,9,9,40,8,40,41,8,41,0,8,7,8,6,6,8,0,1,6,0,5,6,4,6,2,3,6,1,2,6,3,4,13,33,34,37,13,34,35,36,37,13,37,38,35,37,34,13,39,40,13,38,39,30,15,18,15,16,18,15,30,14,30,31,14,14,31,13,33,13,32,13,31,32,28,21,26,16,17,18,19,20,30,20,29,30,28,26,27,19,30,18,20,21,29,21,28,29,24,22,23,22,24,21,26,21,25,21,24,25],"vertices":[1,3,23.04,14.5,1,1,3,34.74,10.88,1,1,3,43.53,7.12,1,1,3,46.13,2.17,1,1,3,46.23,-0.83,1,1,3,44.45,-6.58,1,2,3,35.85,-7.32,0.9775,47,3.39,30.73,0.0225,2,3,33.45,-11.76,0.91757,47,7.15,27.36,0.08243,2,3,24.57,-16.43,0.64549,47,9.65,17.64,0.35451,2,3,18.95,-18.62,0.33017,47,10.48,11.67,0.66983,2,3,13.54,-25.04,0.03028,47,15.48,4.93,0.96972,2,3,10.95,-26.64,0.00706,47,16.44,2.03,0.99294,2,2,37.19,-24.44,0.00644,47,13.72,-6.55,0.99356,3,32,10.35,19.35,0.1714,2,18.92,-11.15,0.6726,47,-6.8,-15.99,0.156,3,32,25.88,10.33,0.95425,2,10.03,-26.76,0.04545,47,2.46,-31.38,0.0003,2,33,-9.82,-1.46,0.07821,32,44.08,9.75,0.92179,2,33,-9.17,3.57,0.30666,32,49.03,8.6,0.69334,2,33,-6.4,6.77,0.54522,32,51.93,5.52,0.45478,2,33,-3.48,7.98,0.73678,32,52.85,2.49,0.26322,1,33,6.41,8.65,1,1,33,24.55,4.92,1,2,35,5.19,5.37,0.54136,33,34.75,5.6,0.45864,2,35,9.81,6.01,0.94469,33,34.48,10.26,0.05531,2,35,14.09,6.66,0.99982,33,34.17,14.57,0.00018,1,35,15.71,-4.27,1,1,35,3.63,-6.07,1,2,35,-3.45,-6.09,0.633,33,45.49,-3.93,0.367,2,35,-6.47,-5,0.46432,33,44.16,-6.85,0.53568,2,35,-7.53,1.76,0.0686,33,37.34,-7.37,0.9314,1,33,24.87,-7.14,1,2,33,10.38,-8.16,0.53646,32,35.42,-9.69,0.46354,2,32,7.11,-18.21,0.99626,2,-18.66,-8.22,0.00374,2,32,4.61,-18.14,0.98339,2,-18.61,-5.72,0.01661,2,32,-6.94,-16.62,0.68679,2,-17.19,5.84,0.31321,2,32,-12.44,-13.78,0.44562,2,-14.4,11.36,0.55438,2,32,-14.79,-11.76,0.33903,2,-12.4,13.73,0.66097,2,32,-18.47,-5.93,0.143,2,-6.6,17.46,0.857,2,32,-18.19,3.14,0.01053,2,2.47,17.26,0.98947,2,2,15.45,12.98,0.95243,3,-8.68,15.97,0.04757,2,2,20.03,13.87,0.83578,3,-4.03,15.57,0.16422,2,2,33.07,13.63,0.16104,3,8.44,11.76,0.83896,2,2,34.95,15.7,0.0747,3,10.82,13.24,0.9253],"edges":[0,82,0,2,2,4,4,6,6,8,8,10,10,12,12,14,14,16,16,18,18,20,20,22,22,24,24,26,26,28,28,30,30,32,32,34,34,36,36,38,38,40,40,42,42,44,44,46,46,48,48,50,50,52,52,54,54,56,56,58,58,60,60,62,62,64,64,66,66,68,68,70,70,72,72,74,74,76,76,78,78,80,80,82]}},"qunzi":{"qunzi":{"width":24,"height":32}},"nv_tfd":{"nv_tfd":{"type":"mesh","hull":14,"width":20,"height":41,"uvs":[0,0.08189,0.36497,0.01162,0.77689,0.04971,0.84814,0.19038,1,0.26777,1,0.3179,0.90099,0.46384,0.90114,0.67052,0.69052,0.92709,0.53136,0.92877,0.31296,0.751,0.39447,0.54367,0.15017,0.24542,0,0.14761],"triangles":[9,10,8,8,10,7,10,11,7,11,6,7,11,12,3,11,3,6,3,1,2,1,3,12,6,3,5,3,4,5,12,13,1,13,0,1],"vertices":[1,58,-5.08,-6.95,1,1,58,-5.32,0.89,1,1,58,-1.05,8.11,1,1,58,4.86,7.5,1,2,58,8.87,9.28,0.99611,59,-8.04,6.96,0.00389,2,58,10.81,8.58,0.97792,59,-5.98,6.96,0.02208,2,58,15.76,4.69,0.45716,59,0,4.98,0.54284,1,59,8.47,4.99,1,1,59,18.99,0.77,1,1,59,19.06,-2.41,1,1,59,11.77,-6.78,1,2,58,15.4,-5.95,0.26529,59,3.27,-5.15,0.73471,1,58,2.24,-6.4,1,1,58,-2.55,-7.87,1],"edges":[0,26,0,2,2,4,4,6,6,8,8,10,10,12,12,14,14,16,16,18,18,20,20,22,22,24,24,26]}}}}],"events":{"plug_into":{},"shoot_sperm":{}},"animations":{"animation":{"bones":{"nv_st":{"translate":[{},{"time":0.3333,"x":4.52},{"time":0.5,"x":-8.21},{"time":0.8333}]},"nan_st":{"translate":[{},{"time":0.3333,"x":-12.48},{"time":0.5,"x":3.33},{"time":0.8333}]},"nan_st3":{"rotate":[{},{"time":0.3333,"angle":-12.66},{"time":0.5,"angle":22.48},{"time":0.8333}]},"nan_st4":{"rotate":[{},{"time":0.3333,"angle":13.62},{"time":0.5,"angle":-19.25},{"time":0.8333}]},"nv_qunzi":{"scale":[{"time":0.3333},{"time":0.5,"x":0.815},{"time":0.8333}]},"nan_tui3":{"rotate":[{"angle":-0.23}]},"nan_tui4":{"rotate":[{"angle":0.22}]},"nan_shou3":{"rotate":[{"angle":-0.27}]},"nan_shou4":{"rotate":[{"angle":0.29}]},"nan_shou5":{"rotate":[{"angle":0.05}]},"nan_shou6":{"rotate":[{"angle":-0.3}]},"nan_tui6":{"rotate":[{"angle":-0.29}]},"nan_tui7":{"rotate":[{"angle":0.34}]},"target2":{"translate":[{},{"time":0.3333,"x":3.4},{"time":0.5,"x":-9.64,"y":-2.27},{"time":0.8333}]},"target3":{"translate":[{},{"time":0.3333,"x":2.41},{"time":0.5,"x":-12.72,"y":-0.48},{"time":0.8333}]},"nv_st2":{"rotate":[{"angle":0.03}]},"nv_st3":{"rotate":[{"angle":-0.05}]},"nv_shou3":{"rotate":[{"angle":-0.16}]},"nv_shou4":{"rotate":[{"angle":0.15}]},"nv_shou6":{"rotate":[{"angle":-0.02}]},"nv_shou7":{"rotate":[{"angle":-0.08}]},"nv_tui2":{"rotate":[{"angle":0.04}]},"nv_tui3":{"rotate":[{"angle":0.03}]},"nv_st7":{"translate":[{"time":0.4667},{"time":0.6,"x":5.72,"y":4.79},{"time":0.7,"x":4.92,"y":-0.67},{"time":0.8333}]},"nv_toufa3":{"rotate":[{},{"time":0.3333,"angle":-8.59},{"time":0.5667,"angle":6.7},{"time":0.8333}]},"nv_toufa4":{"rotate":[{},{"time":0.4667,"angle":-14.77},{"time":0.6667,"angle":12.24},{"time":0.8333}]},"tfd3":{"rotate":[{},{"time":0.3333,"angle":-17.68},{"time":0.5667,"angle":4.21},{"time":0.8333}]}},"deform":{"default":{"nv_st":{"nv_st":[{"time":0.3333},{"time":0.4667,"offset":106,"vertices":[-2.11754,3.15737,2.68582,2.69057,-2.11754,3.15737,2.68582,2.69057,-2.11754,3.15737,2.68582,2.69057,-2.11754,3.15737,2.68582,2.69057,-2.11754,3.15737,2.68582,2.69057]},{"time":0.6,"offset":106,"vertices":[-2.11754,3.15737,2.68582,2.69057,-2.11754,3.15737,2.68582,2.69057,-2.11754,3.15737,2.68582,2.69057,-2.11754,3.15737,2.68582,2.69057,-2.11754,3.15737,2.68582,2.69057,-1.62493,3.64224,3.42166,2.04914,-1.62493,3.64224,3.42166,2.04914]},{"time":0.7333,"offset":106,"vertices":[-2.11754,3.15737,2.68582,2.69057,-2.11754,3.15737,2.68582,2.69057,-2.11754,3.15737,2.68582,2.69057,-2.11754,3.15737,2.68582,2.69057,-2.11754,3.15737,2.68582,2.69057,1.49504,5.30999,5.22911,-0.99203,1.49504,5.30999,5.22911,-0.99203]},{"time":0.8333}]}}},"events":[{"time":0.5,"name":"plug_into"}]},"duang":{"slots":{"sj":{"attachment":[{"time":0.3667,"name":"s1"},{"time":0.4,"name":"s2"},{"time":0.4333,"name":"s3"},{"time":0.4667,"name":"s4"},{"time":0.5,"name":null},{"time":0.9333,"name":"s1"},{"time":0.9667,"name":"s2"},{"time":1,"name":"s3"},{"time":1.0333,"name":"s4"},{"time":1.0667,"name":null},{"time":1.4,"name":"s1"},{"time":1.4333,"name":"s2"},{"time":1.4667,"name":"s3"},{"time":1.5,"name":"s4"},{"time":1.5333,"name":null}]}},"bones":{"nv_st":{"translate":[{"x":4.52},{"time":0.0667,"x":-8.21}]},"nan_st":{"translate":[{"x":-12.48},{"time":0.0333,"x":3.33},{"time":0.0667,"x":4.61,"y":1.46},{"time":0.1,"x":2.06,"y":0.18},{"time":0.1333,"x":3.88,"y":-0.18},{"time":0.1667,"x":0.24,"y":-0.55},{"time":0.2,"x":1.69,"y":1.09},{"time":0.2333,"x":-1.04,"y":-0.73},{"time":0.2667,"x":3.33},{"time":0.3,"x":4.61,"y":1.46},{"time":0.3333,"x":2.06,"y":0.18},{"time":0.3667,"x":3.88,"y":-0.18},{"time":0.4,"x":0.24,"y":-0.55},{"time":0.4333,"x":1.69,"y":1.09},{"time":0.4667,"x":-1.04,"y":-0.73,"curve":"stepped"},{"time":0.5667,"x":-1.04,"y":-0.73},{"time":0.6,"x":4.61,"y":1.46},{"time":0.6333,"x":2.06,"y":0.18},{"time":0.6667,"x":3.88,"y":-0.18},{"time":0.7,"x":0.24,"y":-0.55},{"time":0.7333,"x":1.69,"y":1.09},{"time":0.7667,"x":-1.04,"y":-0.73},{"time":0.8,"x":3.33},{"time":0.8333,"x":4.61,"y":1.46},{"time":0.8667,"x":2.06,"y":0.18},{"time":0.9,"x":3.88,"y":-0.18},{"time":0.9333,"x":0.24,"y":-0.55},{"time":0.9667,"x":1.69,"y":1.09},{"time":1,"x":-1.04,"y":-0.73,"curve":"stepped"},{"time":1.1333,"x":-1.04,"y":-0.73},{"time":1.1667,"x":4.61,"y":1.46},{"time":1.2,"x":2.06,"y":0.18},{"time":1.2333,"x":3.88,"y":-0.18},{"time":1.2667,"x":0.24,"y":-0.55},{"time":1.3,"x":1.69,"y":1.09},{"time":1.3333,"x":-1.04,"y":-0.73},{"time":1.3667,"x":3.33},{"time":1.4,"x":4.61,"y":1.46},{"time":1.4333,"x":2.06,"y":0.18},{"time":1.4667,"x":3.88,"y":-0.18},{"time":1.5,"x":0.24,"y":-0.55},{"time":1.5333,"x":1.69,"y":1.09},{"time":1.5667,"x":-1.04,"y":-0.73}]},"nan_st3":{"rotate":[{"angle":-12.66},{"time":0.0667,"angle":22.48}]},"nan_st4":{"rotate":[{"angle":13.62},{"time":0.0667,"angle":-19.25}]},"nv_qunzi":{"rotate":[{"time":0.0667,"angle":6.24}],"scale":[{},{"time":0.0667,"x":0.815},{"time":0.1,"x":0.765},{"time":0.1333,"x":0.828,"y":1.11},{"time":0.1667,"x":0.828,"y":1.029},{"time":0.2,"x":0.815},{"time":0.2333,"x":0.765},{"time":0.2667,"x":0.828,"y":1.11},{"time":0.3,"x":0.828,"y":1.029},{"time":0.3333,"x":0.815},{"time":0.3667,"x":0.765},{"time":0.4,"x":0.828,"y":1.11},{"time":0.4333,"x":0.828,"y":1.029},{"time":0.4667,"x":0.815},{"time":0.5,"x":0.765},{"time":0.5333,"x":0.828,"y":1.11},{"time":0.5667,"x":0.828,"y":1.029},{"time":0.6333,"x":0.815},{"time":0.6667,"x":0.765},{"time":0.7,"x":0.828,"y":1.11},{"time":0.7333,"x":0.828,"y":1.029},{"time":0.7667,"x":0.815},{"time":0.8,"x":0.765},{"time":0.8333,"x":0.828,"y":1.11},{"time":0.8667,"x":0.828,"y":1.029},{"time":0.9,"x":0.815},{"time":0.9333,"x":0.765},{"time":0.9667,"x":0.828,"y":1.11},{"time":1,"x":0.828,"y":1.029},{"time":1.0333,"x":0.815},{"time":1.0667,"x":0.765},{"time":1.1,"x":0.828,"y":1.11},{"time":1.1333,"x":0.828,"y":1.029},{"time":1.2333,"x":0.815},{"time":1.2667,"x":0.765},{"time":1.3,"x":0.828,"y":1.11},{"time":1.3333,"x":0.828,"y":1.029},{"time":1.3667,"x":0.815},{"time":1.4,"x":0.765},{"time":1.4333,"x":0.828,"y":1.11},{"time":1.4667,"x":0.828,"y":1.029},{"time":1.5,"x":0.815},{"time":1.5333,"x":0.765},{"time":1.5667,"x":0.828,"y":1.11}]},"target2":{"translate":[{"x":3.4},{"time":0.0667,"x":-9.64,"y":-2.27}]},"target3":{"translate":[{"x":2.41},{"time":0.0667,"x":-12.72,"y":-0.48}]},"nv_st6":{"translate":[{"time":0.0667},{"time":0.1,"x":0.33,"y":0.91},{"time":0.1333,"x":1.07,"y":-0.02},{"time":0.1667,"x":0.43,"y":-1.08},{"time":0.2,"x":-0.91,"y":0.17},{"time":0.2333,"x":-0.45,"y":0.62},{"time":0.2667,"x":0.31,"y":0.3},{"time":0.3,"x":0.76,"y":-0.02},{"time":0.3333},{"time":0.3667,"x":0.33,"y":0.91},{"time":0.4,"x":1.07,"y":-0.02},{"time":0.4333,"x":0.43,"y":-1.08},{"time":0.4667,"x":-0.91,"y":0.17},{"time":0.5,"x":-0.45,"y":0.62},{"time":0.5333,"x":0.31,"y":0.3},{"time":0.5667,"x":0.76,"y":-0.02},{"time":0.6667},{"time":0.7,"x":0.33,"y":0.91},{"time":0.7333,"x":1.07,"y":-0.02},{"time":0.7667,"x":0.43,"y":-1.08},{"time":0.8,"x":-0.91,"y":0.17},{"time":0.8333,"x":-0.45,"y":0.62},{"time":0.8667,"x":0.31,"y":0.3},{"time":0.9,"x":0.76,"y":-0.02},{"time":0.9333},{"time":0.9667,"x":0.33,"y":0.91},{"time":1,"x":1.07,"y":-0.02},{"time":1.0333,"x":0.43,"y":-1.08},{"time":1.0667,"x":-0.91,"y":0.17},{"time":1.1,"x":-0.45,"y":0.62},{"time":1.1333,"x":0.31,"y":0.3},{"time":1.1667,"x":0.76,"y":-0.02},{"time":1.3},{"time":1.3333,"x":0.33,"y":0.91},{"time":1.3667,"x":1.07,"y":-0.02},{"time":1.4,"x":0.43,"y":-1.08},{"time":1.4333,"x":-0.91,"y":0.17},{"time":1.4667,"x":-0.45,"y":0.62},{"time":1.5,"x":0.31,"y":0.3},{"time":1.5333,"x":0.76,"y":-0.02},{"time":1.5667}]}},"deform":{"default":{"nv_st":{"nv_st":[{},{"time":0.0333,"offset":106,"vertices":[-2.11754,3.15737,2.68582,2.69057,-2.11754,3.15737,2.68582,2.69057,-2.11754,3.15737,2.68582,2.69057,-2.11754,3.15737,2.68582,2.69057,-2.11754,3.15737,2.68582,2.69057]},{"time":0.0667},{"time":0.1,"offset":106,"vertices":[-2.11754,3.15737,2.68582,2.69057,-2.11754,3.15737,2.68582,2.69057,-2.11754,3.15737,2.68582,2.69057,-2.11754,3.15737,2.68582,2.69057,-2.11754,3.15737,2.68582,2.69057]},{"time":0.1333,"offset":106,"vertices":[-2.11754,3.15737,2.68582,2.69057,-2.11754,3.15737,2.68582,2.69057,-2.11754,3.15737,2.68582,2.69057,-2.11754,3.15737,2.68582,2.69057,-2.11754,3.15737,2.68582,2.69057,-1.62493,3.64224,3.42166,2.04914,-1.62493,3.64224,3.42166,2.04914]},{"time":0.1667,"offset":106,"vertices":[-2.11754,3.15737,2.68582,2.69057,-2.11754,3.15737,2.68582,2.69057,-2.11754,3.15737,2.68582,2.69057,-2.11754,3.15737,2.68582,2.69057,-2.11754,3.15737,2.68582,2.69057,1.49504,5.30999,5.22911,-0.99203,1.49504,5.30999,5.22911,-0.99203]},{"time":0.2,"curve":"stepped"},{"time":0.2333},{"time":0.2667,"offset":106,"vertices":[-2.11754,3.15737,2.68582,2.69057,-2.11754,3.15737,2.68582,2.69057,-2.11754,3.15737,2.68582,2.69057,-2.11754,3.15737,2.68582,2.69057,-2.11754,3.15737,2.68582,2.69057]},{"time":0.3},{"time":0.3333,"offset":106,"vertices":[-2.11754,3.15737,2.68582,2.69057,-2.11754,3.15737,2.68582,2.69057,-2.11754,3.15737,2.68582,2.69057,-2.11754,3.15737,2.68582,2.69057,-2.11754,3.15737,2.68582,2.69057]},{"time":0.3667,"offset":106,"vertices":[-2.11754,3.15737,2.68582,2.69057,-2.11754,3.15737,2.68582,2.69057,-2.11754,3.15737,2.68582,2.69057,-2.11754,3.15737,2.68582,2.69057,-2.11754,3.15737,2.68582,2.69057,-1.62493,3.64224,3.42166,2.04914,-1.62493,3.64224,3.42166,2.04914]},{"time":0.4,"offset":106,"vertices":[-2.11754,3.15737,2.68582,2.69057,-2.11754,3.15737,2.68582,2.69057,-2.11754,3.15737,2.68582,2.69057,-2.11754,3.15737,2.68582,2.69057,-2.11754,3.15737,2.68582,2.69057,1.49504,5.30999,5.22911,-0.99203,1.49504,5.30999,5.22911,-0.99203]},{"time":0.4333,"curve":"stepped"},{"time":0.4667},{"time":0.5,"offset":106,"vertices":[-2.11754,3.15737,2.68582,2.69057,-2.11754,3.15737,2.68582,2.69057,-2.11754,3.15737,2.68582,2.69057,-2.11754,3.15737,2.68582,2.69057,-2.11754,3.15737,2.68582,2.69057]},{"time":0.5333},{"time":0.5667,"offset":106,"vertices":[-2.11754,3.15737,2.68582,2.69057,-2.11754,3.15737,2.68582,2.69057,-2.11754,3.15737,2.68582,2.69057,-2.11754,3.15737,2.68582,2.69057,-2.11754,3.15737,2.68582,2.69057]},{"time":0.6,"offset":106,"vertices":[-2.11754,3.15737,2.68582,2.69057,-2.11754,3.15737,2.68582,2.69057,-2.11754,3.15737,2.68582,2.69057,-2.11754,3.15737,2.68582,2.69057,-2.11754,3.15737,2.68582,2.69057,-1.62493,3.64224,3.42166,2.04914,-1.62493,3.64224,3.42166,2.04914]},{"time":0.6333,"offset":106,"vertices":[-2.11754,3.15737,2.68582,2.69057,-2.11754,3.15737,2.68582,2.69057,-2.11754,3.15737,2.68582,2.69057,-2.11754,3.15737,2.68582,2.69057,-2.11754,3.15737,2.68582,2.69057,1.49504,5.30999,5.22911,-0.99203,1.49504,5.30999,5.22911,-0.99203]},{"time":0.6667,"curve":"stepped"},{"time":0.9},{"time":0.9333,"offset":106,"vertices":[-2.11754,3.15737,2.68582,2.69057,-2.11754,3.15737,2.68582,2.69057,-2.11754,3.15737,2.68582,2.69057,-2.11754,3.15737,2.68582,2.69057,-2.11754,3.15737,2.68582,2.69057]},{"time":0.9667},{"time":1,"offset":106,"vertices":[-2.11754,3.15737,2.68582,2.69057,-2.11754,3.15737,2.68582,2.69057,-2.11754,3.15737,2.68582,2.69057,-2.11754,3.15737,2.68582,2.69057,-2.11754,3.15737,2.68582,2.69057]},{"time":1.0333,"offset":106,"vertices":[-2.11754,3.15737,2.68582,2.69057,-2.11754,3.15737,2.68582,2.69057,-2.11754,3.15737,2.68582,2.69057,-2.11754,3.15737,2.68582,2.69057,-2.11754,3.15737,2.68582,2.69057,-1.62493,3.64224,3.42166,2.04914,-1.62493,3.64224,3.42166,2.04914]},{"time":1.0667,"offset":106,"vertices":[-2.11754,3.15737,2.68582,2.69057,-2.11754,3.15737,2.68582,2.69057,-2.11754,3.15737,2.68582,2.69057,-2.11754,3.15737,2.68582,2.69057,-2.11754,3.15737,2.68582,2.69057,1.49504,5.30999,5.22911,-0.99203,1.49504,5.30999,5.22911,-0.99203]},{"time":1.1,"curve":"stepped"},{"time":1.1333},{"time":1.1667,"offset":106,"vertices":[-2.11754,3.15737,2.68582,2.69057,-2.11754,3.15737,2.68582,2.69057,-2.11754,3.15737,2.68582,2.69057,-2.11754,3.15737,2.68582,2.69057,-2.11754,3.15737,2.68582,2.69057]},{"time":1.2},{"time":1.2333,"offset":106,"vertices":[-2.11754,3.15737,2.68582,2.69057,-2.11754,3.15737,2.68582,2.69057,-2.11754,3.15737,2.68582,2.69057,-2.11754,3.15737,2.68582,2.69057,-2.11754,3.15737,2.68582,2.69057]},{"time":1.2667,"offset":106,"vertices":[-2.11754,3.15737,2.68582,2.69057,-2.11754,3.15737,2.68582,2.69057,-2.11754,3.15737,2.68582,2.69057,-2.11754,3.15737,2.68582,2.69057,-2.11754,3.15737,2.68582,2.69057,-1.62493,3.64224,3.42166,2.04914,-1.62493,3.64224,3.42166,2.04914]},{"time":1.3,"offset":106,"vertices":[-2.11754,3.15737,2.68582,2.69057,-2.11754,3.15737,2.68582,2.69057,-2.11754,3.15737,2.68582,2.69057,-2.11754,3.15737,2.68582,2.69057,-2.11754,3.15737,2.68582,2.69057,1.49504,5.30999,5.22911,-0.99203,1.49504,5.30999,5.22911,-0.99203]},{"time":1.3333,"curve":"stepped"},{"time":1.3667},{"time":1.4,"offset":106,"vertices":[-2.11754,3.15737,2.68582,2.69057,-2.11754,3.15737,2.68582,2.69057,-2.11754,3.15737,2.68582,2.69057,-2.11754,3.15737,2.68582,2.69057,-2.11754,3.15737,2.68582,2.69057]},{"time":1.4333},{"time":1.4667,"offset":106,"vertices":[-2.11754,3.15737,2.68582,2.69057,-2.11754,3.15737,2.68582,2.69057,-2.11754,3.15737,2.68582,2.69057,-2.11754,3.15737,2.68582,2.69057,-2.11754,3.15737,2.68582,2.69057]},{"time":1.5,"offset":106,"vertices":[-2.11754,3.15737,2.68582,2.69057,-2.11754,3.15737,2.68582,2.69057,-2.11754,3.15737,2.68582,2.69057,-2.11754,3.15737,2.68582,2.69057,-2.11754,3.15737,2.68582,2.69057,-1.62493,3.64224,3.42166,2.04914,-1.62493,3.64224,3.42166,2.04914]},{"time":1.5333,"offset":106,"vertices":[-2.11754,3.15737,2.68582,2.69057,-2.11754,3.15737,2.68582,2.69057,-2.11754,3.15737,2.68582,2.69057,-2.11754,3.15737,2.68582,2.69057,-2.11754,3.15737,2.68582,2.69057,1.49504,5.30999,5.22911,-0.99203,1.49504,5.30999,5.22911,-0.99203]},{"time":1.5667}]}}},"events":[{"time":0.0667,"name":"plug_into"},{"time":0.3333,"name":"shoot_sperm"},{"time":0.9,"name":"shoot_sperm"},{"time":1.3667,"name":"shoot_sperm"}]},"shejing":{"slots":{"sj":{"attachment":[{"time":3.3333,"name":"s1"},{"time":3.3667,"name":"s2"},{"time":3.4,"name":"s3"},{"time":3.4333,"name":"s4"},{"time":3.4667,"name":null},{"time":3.9,"name":"s1"},{"time":3.9333,"name":"s2"},{"time":3.9667,"name":"s3"},{"time":4,"name":"s4"},{"time":4.0333,"name":null},{"time":4.3667,"name":"s1"},{"time":4.4,"name":"s2"},{"time":4.4333,"name":"s3"},{"time":4.4667,"name":"s4"},{"time":4.5,"name":null}]}},"bones":{"nv_st":{"translate":[{},{"time":0.2667,"x":4.52},{"time":0.4,"x":-8.21},{"time":0.6667},{"time":0.8667,"x":4.52},{"time":0.9667,"x":-8.21},{"time":1.1667},{"time":1.3,"x":4.52},{"time":1.3667,"x":-8.21},{"time":1.5},{"time":1.6333,"x":4.52},{"time":1.7,"x":-8.21},{"time":1.8333},{"time":1.9667,"x":4.52},{"time":2.0333,"x":-8.21},{"time":2.1667},{"time":2.3,"x":4.52},{"time":2.3667,"x":-8.21},{"time":2.5},{"time":2.6333,"x":4.52},{"time":2.7,"x":-8.21},{"time":2.8333},{"time":2.9667,"x":4.52},{"time":3.0333,"x":-8.21}]},"nan_st":{"translate":[{},{"time":0.2667,"x":-12.48},{"time":0.4,"x":3.33},{"time":0.6667},{"time":0.8667,"x":-12.48},{"time":0.9667,"x":3.33},{"time":1.1667},{"time":1.3,"x":-12.48},{"time":1.3667,"x":3.33},{"time":1.5},{"time":1.6333,"x":-12.48},{"time":1.7,"x":3.33},{"time":1.8333},{"time":1.9667,"x":-12.48},{"time":2.0333,"x":3.33},{"time":2.1667},{"time":2.3,"x":-12.48},{"time":2.3667,"x":3.33},{"time":2.5},{"time":2.6333,"x":-12.48},{"time":2.7,"x":3.33},{"time":2.8333},{"time":2.9667,"x":-12.48},{"time":3,"x":3.33},{"time":3.0333,"x":4.61,"y":1.46},{"time":3.0667,"x":2.06,"y":0.18},{"time":3.1,"x":3.88,"y":-0.18},{"time":3.1333,"x":0.24,"y":-0.55},{"time":3.1667,"x":1.69,"y":1.09},{"time":3.2,"x":-1.04,"y":-0.73},{"time":3.2333,"x":3.33},{"time":3.2667,"x":4.61,"y":1.46},{"time":3.3,"x":2.06,"y":0.18},{"time":3.3333,"x":3.88,"y":-0.18},{"time":3.3667,"x":0.24,"y":-0.55},{"time":3.4,"x":1.69,"y":1.09},{"time":3.4333,"x":-1.04,"y":-0.73,"curve":"stepped"},{"time":3.5333,"x":-1.04,"y":-0.73},{"time":3.5667,"x":4.61,"y":1.46},{"time":3.6,"x":2.06,"y":0.18},{"time":3.6333,"x":3.88,"y":-0.18},{"time":3.6667,"x":0.24,"y":-0.55},{"time":3.7,"x":1.69,"y":1.09},{"time":3.7333,"x":-1.04,"y":-0.73},{"time":3.7667,"x":3.33},{"time":3.8,"x":4.61,"y":1.46},{"time":3.8333,"x":2.06,"y":0.18},{"time":3.8667,"x":3.88,"y":-0.18},{"time":3.9,"x":0.24,"y":-0.55},{"time":3.9333,"x":1.69,"y":1.09},{"time":3.9667,"x":-1.04,"y":-0.73,"curve":"stepped"},{"time":4.1,"x":-1.04,"y":-0.73},{"time":4.1333,"x":4.61,"y":1.46},{"time":4.1667,"x":2.06,"y":0.18},{"time":4.2,"x":3.88,"y":-0.18},{"time":4.2333,"x":0.24,"y":-0.55},{"time":4.2667,"x":1.69,"y":1.09},{"time":4.3,"x":-1.04,"y":-0.73},{"time":4.3333,"x":3.33},{"time":4.3667,"x":4.61,"y":1.46},{"time":4.4,"x":2.06,"y":0.18},{"time":4.4333,"x":3.88,"y":-0.18},{"time":4.4667,"x":0.24,"y":-0.55},{"time":4.5,"x":1.69,"y":1.09},{"time":4.5333,"x":-1.04,"y":-0.73}]},"nan_st3":{"rotate":[{},{"time":0.2667,"angle":-12.66},{"time":0.4,"angle":22.48},{"time":0.6667},{"time":0.8667,"angle":-12.66},{"time":0.9667,"angle":22.48},{"time":1.1667},{"time":1.3,"angle":-12.66},{"time":1.3667,"angle":22.48},{"time":1.5},{"time":1.6333,"angle":-12.66},{"time":1.7,"angle":22.48},{"time":1.8333},{"time":1.9667,"angle":-12.66},{"time":2.0333,"angle":22.48},{"time":2.1667},{"time":2.3,"angle":-12.66},{"time":2.3667,"angle":22.48},{"time":2.5},{"time":2.6333,"angle":-12.66},{"time":2.7,"angle":22.48},{"time":2.8333},{"time":2.9667,"angle":-12.66},{"time":3.0333,"angle":22.48}]},"nan_st4":{"rotate":[{},{"time":0.2667,"angle":13.62},{"time":0.4,"angle":-19.25},{"time":0.6667},{"time":0.8667,"angle":13.62},{"time":0.9667,"angle":-19.25},{"time":1.1667},{"time":1.3,"angle":13.62},{"time":1.3667,"angle":-19.25},{"time":1.5},{"time":1.6333,"angle":13.62},{"time":1.7,"angle":-19.25},{"time":1.8333},{"time":1.9667,"angle":13.62},{"time":2.0333,"angle":-19.25},{"time":2.1667},{"time":2.3,"angle":13.62},{"time":2.3667,"angle":-19.25},{"time":2.5},{"time":2.6333,"angle":13.62},{"time":2.7,"angle":-19.25},{"time":2.8333},{"time":2.9667,"angle":13.62},{"time":3.0333,"angle":-19.25}]},"nv_qunzi":{"rotate":[{"time":2.8333},{"time":3.0333,"angle":6.24}],"scale":[{"time":0.2667},{"time":0.4,"x":0.815},{"time":0.6667,"curve":"stepped"},{"time":0.8667},{"time":0.9667,"x":0.815},{"time":1.1667,"curve":"stepped"},{"time":1.3},{"time":1.3667,"x":0.815},{"time":1.5,"curve":"stepped"},{"time":1.6333},{"time":1.7,"x":0.815},{"time":1.8333,"curve":"stepped"},{"time":1.9667},{"time":2.0333,"x":0.815},{"time":2.1667,"curve":"stepped"},{"time":2.3},{"time":2.3667,"x":0.815},{"time":2.5,"curve":"stepped"},{"time":2.6333},{"time":2.7,"x":0.815},{"time":2.8333,"curve":"stepped"},{"time":2.9667},{"time":3.0333,"x":0.815},{"time":3.0667,"x":0.765},{"time":3.1,"x":0.828,"y":1.11},{"time":3.1333,"x":0.828,"y":1.029},{"time":3.1667,"x":0.815},{"time":3.2,"x":0.765},{"time":3.2333,"x":0.828,"y":1.11},{"time":3.2667,"x":0.828,"y":1.029},{"time":3.3,"x":0.815},{"time":3.3333,"x":0.765},{"time":3.3667,"x":0.828,"y":1.11},{"time":3.4,"x":0.828,"y":1.029},{"time":3.4333,"x":0.815},{"time":3.4667,"x":0.765},{"time":3.5,"x":0.828,"y":1.11},{"time":3.5333,"x":0.828,"y":1.029},{"time":3.6,"x":0.815},{"time":3.6333,"x":0.765},{"time":3.6667,"x":0.828,"y":1.11},{"time":3.7,"x":0.828,"y":1.029},{"time":3.7333,"x":0.815},{"time":3.7667,"x":0.765},{"time":3.8,"x":0.828,"y":1.11},{"time":3.8333,"x":0.828,"y":1.029},{"time":3.8667,"x":0.815},{"time":3.9,"x":0.765},{"time":3.9333,"x":0.828,"y":1.11},{"time":3.9667,"x":0.828,"y":1.029},{"time":4,"x":0.815},{"time":4.0333,"x":0.765},{"time":4.0667,"x":0.828,"y":1.11},{"time":4.1,"x":0.828,"y":1.029},{"time":4.2,"x":0.815},{"time":4.2333,"x":0.765},{"time":4.2667,"x":0.828,"y":1.11},{"time":4.3,"x":0.828,"y":1.029},{"time":4.3333,"x":0.815},{"time":4.3667,"x":0.765},{"time":4.4,"x":0.828,"y":1.11},{"time":4.4333,"x":0.828,"y":1.029},{"time":4.4667,"x":0.815},{"time":4.5,"x":0.765},{"time":4.5333,"x":0.828,"y":1.11}]},"nan_tui3":{"rotate":[{"angle":-0.23}]},"nan_tui4":{"rotate":[{"angle":0.22}]},"nan_shou3":{"rotate":[{"angle":-0.27}]},"nan_shou4":{"rotate":[{"angle":0.29}]},"nan_shou5":{"rotate":[{"angle":0.05}]},"nan_shou6":{"rotate":[{"angle":-0.3}]},"nan_tui6":{"rotate":[{"angle":-0.29}]},"nan_tui7":{"rotate":[{"angle":0.34}]},"target2":{"translate":[{},{"time":0.2667,"x":3.4},{"time":0.4,"x":-9.64,"y":-2.27},{"time":0.6667},{"time":0.8667,"x":3.4},{"time":0.9667,"x":-9.64,"y":-2.27},{"time":1.1667},{"time":1.3,"x":3.4},{"time":1.3667,"x":-9.64,"y":-2.27},{"time":1.5},{"time":1.6333,"x":3.4},{"time":1.7,"x":-9.64,"y":-2.27},{"time":1.8333},{"time":1.9667,"x":3.4},{"time":2.0333,"x":-9.64,"y":-2.27},{"time":2.1667},{"time":2.3,"x":3.4},{"time":2.3667,"x":-9.64,"y":-2.27},{"time":2.5},{"time":2.6333,"x":3.4},{"time":2.7,"x":-9.64,"y":-2.27},{"time":2.8333},{"time":2.9667,"x":3.4},{"time":3.0333,"x":-9.64,"y":-2.27}]},"target3":{"translate":[{},{"time":0.2667,"x":2.41},{"time":0.4,"x":-12.72,"y":-0.48},{"time":0.6667},{"time":0.8667,"x":2.41},{"time":0.9667,"x":-12.72,"y":-0.48},{"time":1.1667},{"time":1.3,"x":2.41},{"time":1.3667,"x":-12.72,"y":-0.48},{"time":1.5},{"time":1.6333,"x":2.41},{"time":1.7,"x":-12.72,"y":-0.48},{"time":1.8333},{"time":1.9667,"x":2.41},{"time":2.0333,"x":-12.72,"y":-0.48},{"time":2.1667},{"time":2.3,"x":2.41},{"time":2.3667,"x":-12.72,"y":-0.48},{"time":2.5},{"time":2.6333,"x":2.41},{"time":2.7,"x":-12.72,"y":-0.48},{"time":2.8333},{"time":2.9667,"x":2.41},{"time":3.0333,"x":-12.72,"y":-0.48}]},"nv_st2":{"rotate":[{"angle":0.03}]},"nv_st3":{"rotate":[{"angle":-0.05}]},"nv_st6":{"translate":[{"time":3.0333},{"time":3.0667,"x":0.33,"y":0.91},{"time":3.1,"x":1.07,"y":-0.02},{"time":3.1333,"x":0.43,"y":-1.08},{"time":3.1667,"x":-0.91,"y":0.17},{"time":3.2,"x":-0.45,"y":0.62},{"time":3.2333,"x":0.31,"y":0.3},{"time":3.2667,"x":0.76,"y":-0.02},{"time":3.3},{"time":3.3333,"x":0.33,"y":0.91},{"time":3.3667,"x":1.07,"y":-0.02},{"time":3.4,"x":0.43,"y":-1.08},{"time":3.4333,"x":-0.91,"y":0.17},{"time":3.4667,"x":-0.45,"y":0.62},{"time":3.5,"x":0.31,"y":0.3},{"time":3.5333,"x":0.76,"y":-0.02},{"time":3.6333},{"time":3.6667,"x":0.33,"y":0.91},{"time":3.7,"x":1.07,"y":-0.02},{"time":3.7333,"x":0.43,"y":-1.08},{"time":3.7667,"x":-0.91,"y":0.17},{"time":3.8,"x":-0.45,"y":0.62},{"time":3.8333,"x":0.31,"y":0.3},{"time":3.8667,"x":0.76,"y":-0.02},{"time":3.9},{"time":3.9333,"x":0.33,"y":0.91},{"time":3.9667,"x":1.07,"y":-0.02},{"time":4,"x":0.43,"y":-1.08},{"time":4.0333,"x":-0.91,"y":0.17},{"time":4.0667,"x":-0.45,"y":0.62},{"time":4.1,"x":0.31,"y":0.3},{"time":4.1333,"x":0.76,"y":-0.02},{"time":4.2667},{"time":4.3,"x":0.33,"y":0.91},{"time":4.3333,"x":1.07,"y":-0.02},{"time":4.3667,"x":0.43,"y":-1.08},{"time":4.4,"x":-0.91,"y":0.17},{"time":4.4333,"x":-0.45,"y":0.62},{"time":4.4667,"x":0.31,"y":0.3},{"time":4.5,"x":0.76,"y":-0.02},{"time":4.5333}]},"nv_shou3":{"rotate":[{"angle":-0.16}]},"nv_shou4":{"rotate":[{"angle":0.15}]},"nv_shou6":{"rotate":[{"angle":-0.02}]},"nv_shou7":{"rotate":[{"angle":-0.08}]},"nv_tui2":{"rotate":[{"angle":0.04}]},"nv_tui3":{"rotate":[{"angle":0.03}]},"nv_st7":{"translate":[{"time":0.3667},{"time":0.5,"x":5.72,"y":4.79},{"time":0.5667,"x":4.92,"y":-0.67},{"time":0.6667,"curve":"stepped"},{"time":0.9333},{"time":1.0333,"x":5.72,"y":4.79},{"time":1.1,"x":4.92,"y":-0.67},{"time":1.1667,"curve":"stepped"},{"time":1.3333},{"time":1.4,"x":5.72,"y":4.79},{"time":1.4667,"x":4.92,"y":-0.67},{"time":1.5,"curve":"stepped"},{"time":1.6667},{"time":1.7333,"x":5.72,"y":4.79},{"time":1.8,"x":4.92,"y":-0.67},{"time":1.8333,"curve":"stepped"},{"time":2},{"time":2.0667,"x":5.72,"y":4.79},{"time":2.1333,"x":4.92,"y":-0.67},{"time":2.1667,"curve":"stepped"},{"time":2.3333},{"time":2.4,"x":5.72,"y":4.79},{"time":2.4667,"x":4.92,"y":-0.67},{"time":2.5,"curve":"stepped"},{"time":2.6667},{"time":2.7333,"x":5.72,"y":4.79},{"time":2.8,"x":4.92,"y":-0.67},{"time":2.8333}]},"nv_toufa3":{"rotate":[{},{"time":0.2667,"angle":-8.59},{"time":0.4667,"angle":6.7},{"time":0.6667},{"time":0.8667,"angle":-8.59},{"time":1,"angle":6.7},{"time":1.1667},{"time":1.3,"angle":-8.59},{"time":1.4,"angle":6.7},{"time":1.5},{"time":1.6333,"angle":-8.59},{"time":1.7333,"angle":6.7},{"time":1.8333},{"time":1.9667,"angle":-8.59},{"time":2.0667,"angle":6.7},{"time":2.1667},{"time":2.3,"angle":-8.59},{"time":2.4,"angle":6.7},{"time":2.5},{"time":2.6333,"angle":-8.59},{"time":2.7333,"angle":6.7},{"time":2.8333}]},"nv_toufa4":{"rotate":[{},{"time":0.3667,"angle":-14.77},{"time":0.5333,"angle":12.24},{"time":0.6667},{"time":0.9333,"angle":-14.77},{"time":1.0667,"angle":12.24},{"time":1.1667},{"time":1.3333,"angle":-14.77},{"time":1.4333,"angle":12.24},{"time":1.5},{"time":1.6667,"angle":-14.77},{"time":1.7667,"angle":12.24},{"time":1.8333},{"time":2,"angle":-14.77},{"time":2.1,"angle":12.24},{"time":2.1667},{"time":2.3333,"angle":-14.77},{"time":2.4333,"angle":12.24},{"time":2.5},{"time":2.6667,"angle":-14.77},{"time":2.7667,"angle":12.24},{"time":2.8333}]},"tfd3":{"rotate":[{},{"time":0.2667,"angle":-17.68},{"time":0.4333,"angle":4.21},{"time":0.6667},{"time":0.8667,"angle":-17.68},{"time":1,"angle":4.21},{"time":1.1667},{"time":1.3,"angle":-17.68},{"time":1.4,"angle":4.21},{"time":1.5},{"time":1.6333,"angle":-17.68},{"time":1.7333,"angle":4.21},{"time":1.8333},{"time":1.9667,"angle":-17.68},{"time":2.0667,"angle":4.21},{"time":2.1667},{"time":2.3,"angle":-17.68},{"time":2.4,"angle":4.21},{"time":2.5},{"time":2.6333,"angle":-17.68},{"time":2.7333,"angle":4.21},{"time":2.8333}]}},"deform":{"default":{"nv_st":{"nv_st":[{"time":0.2667},{"time":0.3667,"offset":106,"vertices":[-2.11754,3.15737,2.68582,2.69057,-2.11754,3.15737,2.68582,2.69057,-2.11754,3.15737,2.68582,2.69057,-2.11754,3.15737,2.68582,2.69057,-2.11754,3.15737,2.68582,2.69057]},{"time":0.5,"offset":106,"vertices":[-2.11754,3.15737,2.68582,2.69057,-2.11754,3.15737,2.68582,2.69057,-2.11754,3.15737,2.68582,2.69057,-2.11754,3.15737,2.68582,2.69057,-2.11754,3.15737,2.68582,2.69057,-1.62493,3.64224,3.42166,2.04914,-1.62493,3.64224,3.42166,2.04914]},{"time":0.6,"offset":106,"vertices":[-2.11754,3.15737,2.68582,2.69057,-2.11754,3.15737,2.68582,2.69057,-2.11754,3.15737,2.68582,2.69057,-2.11754,3.15737,2.68582,2.69057,-2.11754,3.15737,2.68582,2.69057,1.49504,5.30999,5.22911,-0.99203,1.49504,5.30999,5.22911,-0.99203]},{"time":0.6667,"curve":"stepped"},{"time":0.8667},{"time":0.9333,"offset":106,"vertices":[-2.11754,3.15737,2.68582,2.69057,-2.11754,3.15737,2.68582,2.69057,-2.11754,3.15737,2.68582,2.69057,-2.11754,3.15737,2.68582,2.69057,-2.11754,3.15737,2.68582,2.69057]},{"time":1.0333,"offset":106,"vertices":[-2.11754,3.15737,2.68582,2.69057,-2.11754,3.15737,2.68582,2.69057,-2.11754,3.15737,2.68582,2.69057,-2.11754,3.15737,2.68582,2.69057,-2.11754,3.15737,2.68582,2.69057,-1.62493,3.64224,3.42166,2.04914,-1.62493,3.64224,3.42166,2.04914]},{"time":1.1,"offset":106,"vertices":[-2.11754,3.15737,2.68582,2.69057,-2.11754,3.15737,2.68582,2.69057,-2.11754,3.15737,2.68582,2.69057,-2.11754,3.15737,2.68582,2.69057,-2.11754,3.15737,2.68582,2.69057,1.49504,5.30999,5.22911,-0.99203,1.49504,5.30999,5.22911,-0.99203]},{"time":1.1667,"curve":"stepped"},{"time":1.3},{"time":1.3333,"offset":106,"vertices":[-2.11754,3.15737,2.68582,2.69057,-2.11754,3.15737,2.68582,2.69057,-2.11754,3.15737,2.68582,2.69057,-2.11754,3.15737,2.68582,2.69057,-2.11754,3.15737,2.68582,2.69057]},{"time":1.4,"offset":106,"vertices":[-2.11754,3.15737,2.68582,2.69057,-2.11754,3.15737,2.68582,2.69057,-2.11754,3.15737,2.68582,2.69057,-2.11754,3.15737,2.68582,2.69057,-2.11754,3.15737,2.68582,2.69057,-1.62493,3.64224,3.42166,2.04914,-1.62493,3.64224,3.42166,2.04914]},{"time":1.4667,"offset":106,"vertices":[-2.11754,3.15737,2.68582,2.69057,-2.11754,3.15737,2.68582,2.69057,-2.11754,3.15737,2.68582,2.69057,-2.11754,3.15737,2.68582,2.69057,-2.11754,3.15737,2.68582,2.69057,1.49504,5.30999,5.22911,-0.99203,1.49504,5.30999,5.22911,-0.99203]},{"time":1.5,"curve":"stepped"},{"time":1.6333},{"time":1.6667,"offset":106,"vertices":[-2.11754,3.15737,2.68582,2.69057,-2.11754,3.15737,2.68582,2.69057,-2.11754,3.15737,2.68582,2.69057,-2.11754,3.15737,2.68582,2.69057,-2.11754,3.15737,2.68582,2.69057]},{"time":1.7333,"offset":106,"vertices":[-2.11754,3.15737,2.68582,2.69057,-2.11754,3.15737,2.68582,2.69057,-2.11754,3.15737,2.68582,2.69057,-2.11754,3.15737,2.68582,2.69057,-2.11754,3.15737,2.68582,2.69057,-1.62493,3.64224,3.42166,2.04914,-1.62493,3.64224,3.42166,2.04914]},{"time":1.8,"offset":106,"vertices":[-2.11754,3.15737,2.68582,2.69057,-2.11754,3.15737,2.68582,2.69057,-2.11754,3.15737,2.68582,2.69057,-2.11754,3.15737,2.68582,2.69057,-2.11754,3.15737,2.68582,2.69057,1.49504,5.30999,5.22911,-0.99203,1.49504,5.30999,5.22911,-0.99203]},{"time":1.8333,"curve":"stepped"},{"time":1.9667},{"time":2,"offset":106,"vertices":[-2.11754,3.15737,2.68582,2.69057,-2.11754,3.15737,2.68582,2.69057,-2.11754,3.15737,2.68582,2.69057,-2.11754,3.15737,2.68582,2.69057,-2.11754,3.15737,2.68582,2.69057]},{"time":2.0667,"offset":106,"vertices":[-2.11754,3.15737,2.68582,2.69057,-2.11754,3.15737,2.68582,2.69057,-2.11754,3.15737,2.68582,2.69057,-2.11754,3.15737,2.68582,2.69057,-2.11754,3.15737,2.68582,2.69057,-1.62493,3.64224,3.42166,2.04914,-1.62493,3.64224,3.42166,2.04914]},{"time":2.1333,"offset":106,"vertices":[-2.11754,3.15737,2.68582,2.69057,-2.11754,3.15737,2.68582,2.69057,-2.11754,3.15737,2.68582,2.69057,-2.11754,3.15737,2.68582,2.69057,-2.11754,3.15737,2.68582,2.69057,1.49504,5.30999,5.22911,-0.99203,1.49504,5.30999,5.22911,-0.99203]},{"time":2.1667,"curve":"stepped"},{"time":2.3},{"time":2.3333,"offset":106,"vertices":[-2.11754,3.15737,2.68582,2.69057,-2.11754,3.15737,2.68582,2.69057,-2.11754,3.15737,2.68582,2.69057,-2.11754,3.15737,2.68582,2.69057,-2.11754,3.15737,2.68582,2.69057]},{"time":2.4,"offset":106,"vertices":[-2.11754,3.15737,2.68582,2.69057,-2.11754,3.15737,2.68582,2.69057,-2.11754,3.15737,2.68582,2.69057,-2.11754,3.15737,2.68582,2.69057,-2.11754,3.15737,2.68582,2.69057,-1.62493,3.64224,3.42166,2.04914,-1.62493,3.64224,3.42166,2.04914]},{"time":2.4667,"offset":106,"vertices":[-2.11754,3.15737,2.68582,2.69057,-2.11754,3.15737,2.68582,2.69057,-2.11754,3.15737,2.68582,2.69057,-2.11754,3.15737,2.68582,2.69057,-2.11754,3.15737,2.68582,2.69057,1.49504,5.30999,5.22911,-0.99203,1.49504,5.30999,5.22911,-0.99203]},{"time":2.5,"curve":"stepped"},{"time":2.6333},{"time":2.6667,"offset":106,"vertices":[-2.11754,3.15737,2.68582,2.69057,-2.11754,3.15737,2.68582,2.69057,-2.11754,3.15737,2.68582,2.69057,-2.11754,3.15737,2.68582,2.69057,-2.11754,3.15737,2.68582,2.69057]},{"time":2.7333,"offset":106,"vertices":[-2.11754,3.15737,2.68582,2.69057,-2.11754,3.15737,2.68582,2.69057,-2.11754,3.15737,2.68582,2.69057,-2.11754,3.15737,2.68582,2.69057,-2.11754,3.15737,2.68582,2.69057,-1.62493,3.64224,3.42166,2.04914,-1.62493,3.64224,3.42166,2.04914]},{"time":2.8,"offset":106,"vertices":[-2.11754,3.15737,2.68582,2.69057,-2.11754,3.15737,2.68582,2.69057,-2.11754,3.15737,2.68582,2.69057,-2.11754,3.15737,2.68582,2.69057,-2.11754,3.15737,2.68582,2.69057,1.49504,5.30999,5.22911,-0.99203,1.49504,5.30999,5.22911,-0.99203]},{"time":2.8333,"curve":"stepped"},{"time":2.9667},{"time":3,"offset":106,"vertices":[-2.11754,3.15737,2.68582,2.69057,-2.11754,3.15737,2.68582,2.69057,-2.11754,3.15737,2.68582,2.69057,-2.11754,3.15737,2.68582,2.69057,-2.11754,3.15737,2.68582,2.69057]},{"time":3.0333},{"time":3.0667,"offset":106,"vertices":[-2.11754,3.15737,2.68582,2.69057,-2.11754,3.15737,2.68582,2.69057,-2.11754,3.15737,2.68582,2.69057,-2.11754,3.15737,2.68582,2.69057,-2.11754,3.15737,2.68582,2.69057]},{"time":3.1,"offset":106,"vertices":[-2.11754,3.15737,2.68582,2.69057,-2.11754,3.15737,2.68582,2.69057,-2.11754,3.15737,2.68582,2.69057,-2.11754,3.15737,2.68582,2.69057,-2.11754,3.15737,2.68582,2.69057,-1.62493,3.64224,3.42166,2.04914,-1.62493,3.64224,3.42166,2.04914]},{"time":3.1333,"offset":106,"vertices":[-2.11754,3.15737,2.68582,2.69057,-2.11754,3.15737,2.68582,2.69057,-2.11754,3.15737,2.68582,2.69057,-2.11754,3.15737,2.68582,2.69057,-2.11754,3.15737,2.68582,2.69057,1.49504,5.30999,5.22911,-0.99203,1.49504,5.30999,5.22911,-0.99203]},{"time":3.1667,"curve":"stepped"},{"time":3.2},{"time":3.2333,"offset":106,"vertices":[-2.11754,3.15737,2.68582,2.69057,-2.11754,3.15737,2.68582,2.69057,-2.11754,3.15737,2.68582,2.69057,-2.11754,3.15737,2.68582,2.69057,-2.11754,3.15737,2.68582,2.69057]},{"time":3.2667},{"time":3.3,"offset":106,"vertices":[-2.11754,3.15737,2.68582,2.69057,-2.11754,3.15737,2.68582,2.69057,-2.11754,3.15737,2.68582,2.69057,-2.11754,3.15737,2.68582,2.69057,-2.11754,3.15737,2.68582,2.69057]},{"time":3.3333,"offset":106,"vertices":[-2.11754,3.15737,2.68582,2.69057,-2.11754,3.15737,2.68582,2.69057,-2.11754,3.15737,2.68582,2.69057,-2.11754,3.15737,2.68582,2.69057,-2.11754,3.15737,2.68582,2.69057,-1.62493,3.64224,3.42166,2.04914,-1.62493,3.64224,3.42166,2.04914]},{"time":3.3667,"offset":106,"vertices":[-2.11754,3.15737,2.68582,2.69057,-2.11754,3.15737,2.68582,2.69057,-2.11754,3.15737,2.68582,2.69057,-2.11754,3.15737,2.68582,2.69057,-2.11754,3.15737,2.68582,2.69057,1.49504,5.30999,5.22911,-0.99203,1.49504,5.30999,5.22911,-0.99203]},{"time":3.4,"curve":"stepped"},{"time":3.4333},{"time":3.4667,"offset":106,"vertices":[-2.11754,3.15737,2.68582,2.69057,-2.11754,3.15737,2.68582,2.69057,-2.11754,3.15737,2.68582,2.69057,-2.11754,3.15737,2.68582,2.69057,-2.11754,3.15737,2.68582,2.69057]},{"time":3.5},{"time":3.5333,"offset":106,"vertices":[-2.11754,3.15737,2.68582,2.69057,-2.11754,3.15737,2.68582,2.69057,-2.11754,3.15737,2.68582,2.69057,-2.11754,3.15737,2.68582,2.69057,-2.11754,3.15737,2.68582,2.69057]},{"time":3.5667,"offset":106,"vertices":[-2.11754,3.15737,2.68582,2.69057,-2.11754,3.15737,2.68582,2.69057,-2.11754,3.15737,2.68582,2.69057,-2.11754,3.15737,2.68582,2.69057,-2.11754,3.15737,2.68582,2.69057,-1.62493,3.64224,3.42166,2.04914,-1.62493,3.64224,3.42166,2.04914]},{"time":3.6,"offset":106,"vertices":[-2.11754,3.15737,2.68582,2.69057,-2.11754,3.15737,2.68582,2.69057,-2.11754,3.15737,2.68582,2.69057,-2.11754,3.15737,2.68582,2.69057,-2.11754,3.15737,2.68582,2.69057,1.49504,5.30999,5.22911,-0.99203,1.49504,5.30999,5.22911,-0.99203]},{"time":3.6333,"curve":"stepped"},{"time":3.8667},{"time":3.9,"offset":106,"vertices":[-2.11754,3.15737,2.68582,2.69057,-2.11754,3.15737,2.68582,2.69057,-2.11754,3.15737,2.68582,2.69057,-2.11754,3.15737,2.68582,2.69057,-2.11754,3.15737,2.68582,2.69057]},{"time":3.9333},{"time":3.9667,"offset":106,"vertices":[-2.11754,3.15737,2.68582,2.69057,-2.11754,3.15737,2.68582,2.69057,-2.11754,3.15737,2.68582,2.69057,-2.11754,3.15737,2.68582,2.69057,-2.11754,3.15737,2.68582,2.69057]},{"time":4,"offset":106,"vertices":[-2.11754,3.15737,2.68582,2.69057,-2.11754,3.15737,2.68582,2.69057,-2.11754,3.15737,2.68582,2.69057,-2.11754,3.15737,2.68582,2.69057,-2.11754,3.15737,2.68582,2.69057,-1.62493,3.64224,3.42166,2.04914,-1.62493,3.64224,3.42166,2.04914]},{"time":4.0333,"offset":106,"vertices":[-2.11754,3.15737,2.68582,2.69057,-2.11754,3.15737,2.68582,2.69057,-2.11754,3.15737,2.68582,2.69057,-2.11754,3.15737,2.68582,2.69057,-2.11754,3.15737,2.68582,2.69057,1.49504,5.30999,5.22911,-0.99203,1.49504,5.30999,5.22911,-0.99203]},{"time":4.0667,"curve":"stepped"},{"time":4.1},{"time":4.1333,"offset":106,"vertices":[-2.11754,3.15737,2.68582,2.69057,-2.11754,3.15737,2.68582,2.69057,-2.11754,3.15737,2.68582,2.69057,-2.11754,3.15737,2.68582,2.69057,-2.11754,3.15737,2.68582,2.69057]},{"time":4.1667},{"time":4.2,"offset":106,"vertices":[-2.11754,3.15737,2.68582,2.69057,-2.11754,3.15737,2.68582,2.69057,-2.11754,3.15737,2.68582,2.69057,-2.11754,3.15737,2.68582,2.69057,-2.11754,3.15737,2.68582,2.69057]},{"time":4.2333,"offset":106,"vertices":[-2.11754,3.15737,2.68582,2.69057,-2.11754,3.15737,2.68582,2.69057,-2.11754,3.15737,2.68582,2.69057,-2.11754,3.15737,2.68582,2.69057,-2.11754,3.15737,2.68582,2.69057,-1.62493,3.64224,3.42166,2.04914,-1.62493,3.64224,3.42166,2.04914]},{"time":4.2667,"offset":106,"vertices":[-2.11754,3.15737,2.68582,2.69057,-2.11754,3.15737,2.68582,2.69057,-2.11754,3.15737,2.68582,2.69057,-2.11754,3.15737,2.68582,2.69057,-2.11754,3.15737,2.68582,2.69057,1.49504,5.30999,5.22911,-0.99203,1.49504,5.30999,5.22911,-0.99203]},{"time":4.3,"curve":"stepped"},{"time":4.3333},{"time":4.3667,"offset":106,"vertices":[-2.11754,3.15737,2.68582,2.69057,-2.11754,3.15737,2.68582,2.69057,-2.11754,3.15737,2.68582,2.69057,-2.11754,3.15737,2.68582,2.69057,-2.11754,3.15737,2.68582,2.69057]},{"time":4.4},{"time":4.4333,"offset":106,"vertices":[-2.11754,3.15737,2.68582,2.69057,-2.11754,3.15737,2.68582,2.69057,-2.11754,3.15737,2.68582,2.69057,-2.11754,3.15737,2.68582,2.69057,-2.11754,3.15737,2.68582,2.69057]},{"time":4.4667,"offset":106,"vertices":[-2.11754,3.15737,2.68582,2.69057,-2.11754,3.15737,2.68582,2.69057,-2.11754,3.15737,2.68582,2.69057,-2.11754,3.15737,2.68582,2.69057,-2.11754,3.15737,2.68582,2.69057,-1.62493,3.64224,3.42166,2.04914,-1.62493,3.64224,3.42166,2.04914]},{"time":4.5,"offset":106,"vertices":[-2.11754,3.15737,2.68582,2.69057,-2.11754,3.15737,2.68582,2.69057,-2.11754,3.15737,2.68582,2.69057,-2.11754,3.15737,2.68582,2.69057,-2.11754,3.15737,2.68582,2.69057,1.49504,5.30999,5.22911,-0.99203,1.49504,5.30999,5.22911,-0.99203]},{"time":4.5333}]}}},"events":[{"time":0.4,"name":"plug_into"},{"time":0.9667,"name":"plug_into"},{"time":1.3667,"name":"plug_into"},{"time":1.7,"name":"plug_into"},{"time":2.0333,"name":"plug_into"},{"time":2.3667,"name":"plug_into"},{"time":2.7,"name":"plug_into"},{"time":3.0333,"name":"plug_into"},{"time":3.3,"name":"shoot_sperm"},{"time":3.8667,"name":"shoot_sperm"},{"time":4.3333,"name":"shoot_sperm"}]}}},[0]]],0,0,[0],[-1],[0]]