[1,["f2AG5ybytPlrVMtaaGcdeo"],0,[["sp.SkeletonData",["_name","_atlasText","textureNames","_skeletonJson","textures"],-1,3]],[[0,0,1,2,3,4,5]],[[0,"skeleton","\nskeleton.png\nsize: 234,228\nformat: RGBA8888\nfilter: Linear,Linear\nrepeat: none\ntx\n  rotate: false\n  xy: 2, 2\n  size: 230, 224\n  orig: 236, 230\n  offset: 3, 3\n  index: -1\n",["skeleton.png"],{"skeleton":{"hash":"TaGvMR2KSSkmpllGogMsB7NNDnk","spine":"3.8.75","x":-72.63,"y":-73.97,"width":151,"height":144.66,"images":"../素材/","audio":""},"bones":[{"name":"root"},{"name":"tx","parent":"root"},{"name":"tx2","parent":"root"},{"name":"tx3","parent":"root"},{"name":"tx4","parent":"root"}],"slots":[{"name":"root","bone":"root","attachment":"root"},{"name":"tx","bone":"tx","color":"ffffff7d","attachment":"tx","blend":"additive"},{"name":"tx2","bone":"tx2","attachment":"tx","blend":"additive"},{"name":"tx3","bone":"tx3","attachment":"tx","blend":"additive"},{"name":"tx4","bone":"tx4","attachment":"tx","blend":"additive"}],"skins":[{"name":"default","attachments":{"tx":{"tx":{"width":236,"height":230}},"root":{"root":{"type":"clipping","end":"root","vertexCount":12,"color":"ce3a3a00","vertices":[-72.63,63.44,-72.32,-64.31,-69.61,-70.65,-64.17,-73.97,71.73,-73.97,75.66,-70.04,78.37,-62.19,78.37,61.32,76.26,67.06,71.43,70.69,-66.59,70.08,-70.21,67.67]}},"tx2":{"tx":{"width":236,"height":230}},"tx3":{"tx":{"width":236,"height":230}},"tx4":{"tx":{"width":236,"height":230}}}}],"animations":{"animation":{"slots":{"tx":{"color":[{"color":"ffffff00"},{"time":0.6667,"color":"ffffffff"},{"time":1.3333,"color":"ffffff00"}]},"tx3":{"color":[{"color":"ffffff00"},{"time":0.6667,"color":"ffffffff"},{"time":1.3333,"color":"ffffff00"}]},"tx2":{"color":[{"color":"ffffff00"},{"time":0.6667,"color":"ffffffff"},{"time":1.3333,"color":"ffffff00"}]},"tx4":{"color":[{"color":"ffffff00"},{"time":0.6667,"color":"ffffffff"},{"time":1.3333,"color":"ffffff00"}]}},"bones":{"tx2":{"scale":[{},{"time":1.3333,"x":0,"y":0}]},"tx3":{"scale":[{"time":0.6667},{"time":1.3333,"x":0.5,"y":0.5}]},"tx4":{"scale":[{"x":0.5,"y":0.5},{"time":0.6667,"x":0,"y":0}]}}}}},[0]]],0,0,[0],[-1],[0]]