[1,["01T+M9VYVKkbaJhU7nKm6y"],0,[["sp.SkeletonData",["_name","_atlasText","textureNames","_skeletonJson","textures"],-1,3]],[[0,0,1,2,3,4,5]],[[0,"skeleton","\nskeleton.png\nsize: 528,142\nformat: RGBA8888\nfilter: Linear,Linear\nrepeat: none\nd\n  rotate: true\n  xy: 33, 4\n  size: 25, 9\n  orig: 25, 9\n  offset: 0, 0\n  index: -1\nnan_dashoubi\n  rotate: true\n  xy: 44, 5\n  size: 24, 47\n  orig: 28, 50\n  offset: 0, 3\n  index: -1\nnan_datui\n  rotate: true\n  xy: 293, 4\n  size: 36, 67\n  orig: 36, 67\n  offset: 0, 0\n  index: -1\nnan_jiao\n  rotate: false\n  xy: 353, 55\n  size: 21, 85\n  orig: 21, 85\n  offset: 0, 0\n  index: -1\nnan_st\n  rotate: false\n  xy: 2, 31\n  size: 48, 109\n  orig: 49, 109\n  offset: 1, 0\n  index: -1\nnan_xiaoshoubi\n  rotate: true\n  xy: 258, 2\n  size: 38, 33\n  orig: 38, 33\n  offset: 0, 0\n  index: -1\nnan_xiaotui\n  rotate: true\n  xy: 465, 104\n  size: 36, 61\n  orig: 36, 61\n  offset: 0, 0\n  index: -1\nnv_maozi\n  rotate: true\n  xy: 457, 67\n  size: 35, 34\n  orig: 35, 34\n  offset: 0, 0\n  index: -1\nnv_naizi\n  rotate: true\n  xy: 197, 2\n  size: 31, 29\n  orig: 31, 29\n  offset: 0, 0\n  index: -1\nnv_ns\n  rotate: true\n  xy: 228, 2\n  size: 31, 28\n  orig: 32, 28\n  offset: 0, 0\n  index: -1\nnv_shou\n  rotate: false\n  xy: 493, 72\n  size: 24, 30\n  orig: 27, 32\n  offset: 3, 0\n  index: -1\nnv_shoubi\n  rotate: true\n  xy: 2, 3\n  size: 26, 29\n  orig: 27, 30\n  offset: 0, 0\n  index: -1\nnv_st\n  rotate: false\n  xy: 408, 7\n  size: 55, 47\n  orig: 61, 48\n  offset: 0, 0\n  index: -1\nnv_tou\n  rotate: false\n  xy: 465, 6\n  size: 54, 59\n  orig: 55, 59\n  offset: 0, 0\n  index: -1\nnv_tui\n  rotate: true\n  xy: 93, 2\n  size: 29, 102\n  orig: 31, 102\n  offset: 0, 0\n  index: -1\ns1\n  rotate: false\n  xy: 376, 56\n  size: 79, 84\n  orig: 116, 116\n  offset: 18, 6\n  index: -1\ns2\n  rotate: false\n  xy: 256, 42\n  size: 95, 98\n  orig: 116, 116\n  offset: 10, 4\n  index: -1\ns3\n  rotate: false\n  xy: 156, 35\n  size: 98, 105\n  orig: 116, 116\n  offset: 7, 2\n  index: -1\ns4\n  rotate: false\n  xy: 52, 33\n  size: 102, 107\n  orig: 116, 116\n  offset: 5, 2\n  index: -1\nzs\n  rotate: false\n  xy: 362, 2\n  size: 44, 51\n  orig: 47, 51\n  offset: 3, 0\n  index: -1\n",["skeleton.png"],{"skeleton":{"hash":"0JLzA4YOb3PT4hBh7MUrscgso8Q","spine":"3.8.75","x":-63.27,"y":-98.03,"width":128.37,"height":197.68,"images":"../拆解素材/","audio":""},"bones":[{"name":"root"},{"name":"nan_st","parent":"root","x":-51.82,"y":5.56},{"name":"nan_datui","parent":"nan_st","length":50,"rotation":-75.07,"x":2.19,"y":-1.88},{"name":"nan_xiaotui","parent":"nan_datui","length":45,"rotation":-38.1,"x":49.97,"y":-0.06},{"name":"nan_st2","parent":"nan_st","length":20,"rotation":83.96,"x":0.01,"y":0.6},{"name":"nan_st3","parent":"nan_st2","length":22.22,"rotation":-7.04,"x":19.39,"y":0.17},{"name":"nan_dashoubi","parent":"nan_st3","length":35,"rotation":-151.54,"x":21.31,"y":-0.67},{"name":"nan_xiaoshoubi","parent":"nan_dashoubi","length":30,"rotation":39.29,"x":34.39,"y":-0.16},{"name":"nan_jiao","parent":"nan_st","x":12.34,"y":-5.97},{"name":"nan_ns","parent":"nan_st3","rotation":-82.21,"x":16.25,"y":-5.72},{"name":"nv_st","parent":"root","x":-7.87,"y":-3.8},{"name":"nv_st2","parent":"nv_st","length":15.25,"rotation":20.79,"x":0.02,"y":-0.03},{"name":"nv_st3","parent":"nv_st2","length":12.78,"rotation":9.62,"x":15.25},{"name":"nv_st4","parent":"nv_st3","length":13.04,"rotation":1.35,"x":12.78},{"name":"nv_st5","parent":"nv_st4","length":10.6,"rotation":31.2,"x":13.04},{"name":"nv_tou","parent":"nv_st5","rotation":-62.96,"x":10.49,"y":0.03},{"name":"nv_maozi","parent":"nv_tou","x":-0.42,"y":37.94},{"name":"nv_datui","parent":"nv_st","x":-7.71,"y":-4.52},{"name":"nv_naizi","parent":"nv_st3","rotation":-30.41,"x":15.26,"y":-7.64},{"name":"nv_shoubi","parent":"nv_st4","length":23,"rotation":-76.93,"x":13.2,"y":-0.14},{"name":"nv_shou","parent":"nv_shoubi","length":22,"rotation":102.55,"x":22.47,"y":0.07},{"name":"nv_datui2","parent":"nv_datui","length":39.16,"rotation":-79.35,"x":0.16,"y":-0.38},{"name":"nv_datui3","parent":"nv_datui2","length":40.32,"rotation":-24.69,"x":39.16},{"name":"target4","parent":"root","x":-18.06,"y":-87.01,"color":"ff3f00ff"},{"name":"nv_datui4","parent":"target4","length":10.51,"rotation":-23.95,"x":-0.12,"y":-0.14},{"name":"nan_st4","parent":"nan_st3","length":31.45,"rotation":-4.68,"x":22.22},{"name":"target2","parent":"root","x":-54.9,"y":-86.61,"color":"ff3f00ff"},{"name":"nan_xiaotui2","parent":"target2","length":15.4,"rotation":-22.06,"x":-0.11,"y":-0.46},{"name":"nan_jiao2","parent":"nan_jiao","length":45.54,"rotation":-79.29,"x":-0.1,"y":0.03},{"name":"nan_jiao3","parent":"nan_jiao2","length":27.45,"rotation":-25.79,"x":45.33,"y":-0.06},{"name":"target1","parent":"root","x":-38.41,"y":-71.42,"color":"ff3f00ff"},{"name":"nan_jiao4","parent":"target1","length":8.68,"rotation":-19.8},{"name":"nv_tou2","parent":"nv_tou","length":17.54,"rotation":49.68,"x":0.41,"y":0.1},{"name":"nv_tou3","parent":"nv_tou2","length":17.17,"rotation":16.12,"x":17.54},{"name":"nv_tou4","parent":"nv_tou","length":12.55,"rotation":-139.83,"x":8.24,"y":35.3},{"name":"nv_tou5","parent":"nv_tou4","length":11.67,"rotation":15.9,"x":12.55},{"name":"nv_tou6","parent":"nv_tou5","length":11.08,"rotation":14.92,"x":11.67},{"name":"nv_tou7","parent":"nv_tou6","length":8.01,"rotation":6.96,"x":11.08},{"name":"nv_tou8","parent":"nv_tou7","length":8.1,"rotation":-22.33,"x":8.01},{"name":"nv_tou9","parent":"nv_tou8","length":10.14,"rotation":-11.67,"x":8.1},{"name":"nv_naizi2","parent":"nv_naizi","length":8.36,"rotation":-148.47,"x":-1.63,"y":-2.18},{"name":"nv_naizi3","parent":"nv_naizi","length":8.72,"rotation":12.87,"x":3.88,"y":0.81},{"name":"nv_naizi4","parent":"nv_naizi","length":9.87,"rotation":-69.33,"x":0.07},{"name":"nv_naizi5","parent":"nv_naizi4","length":9.92,"rotation":-3.56,"x":9.87},{"name":"nv_maozi2","parent":"nv_maozi","length":8.97,"rotation":-130.13,"x":-3.33,"y":3.11},{"name":"nv_maozi3","parent":"nv_maozi2","length":6.9,"rotation":17.57,"x":8.97},{"name":"nv_maozi4","parent":"nv_maozi3","length":11.94,"rotation":6.35,"x":6.9},{"name":"target3","parent":"root","x":-14.56,"y":-4.02,"color":"ff3f00ff"},{"name":"target5","parent":"root","x":56.44,"y":17.06,"color":"ff3f00ff"},{"name":"nv_ns","parent":"nv_st4","rotation":-31.76,"x":20.22,"y":-1.11},{"name":"nv_ns2","parent":"nv_ns","length":19.34,"rotation":-49.62,"x":0.35,"y":-0.4},{"name":"nv_ns3","parent":"nv_ns2","length":17.54,"rotation":123.1,"x":19.34},{"name":"target6","parent":"root","x":54.86,"y":17.94,"color":"ff3f00ff"},{"name":"nan_dd","parent":"nan_st","x":18.81,"y":-10.78},{"name":"ps","parent":"root","rotation":145.9,"x":-27.49,"y":-16.75,"scaleX":0.2495,"scaleY":0.2495}],"slots":[{"name":"zs","bone":"nan_ns","attachment":"zs"},{"name":"nv_ns","bone":"nv_ns","attachment":"nv_ns"},{"name":"nan_jiao","bone":"nan_jiao","attachment":"nan_jiao"},{"name":"d","bone":"nan_dd","attachment":"d"},{"name":"nan_st","bone":"nan_st","attachment":"nan_st"},{"name":"nan_datui","bone":"nan_datui","attachment":"nan_datui"},{"name":"nan_xiaotui","bone":"nan_xiaotui","attachment":"nan_xiaotui"},{"name":"nv_st","bone":"nv_st","attachment":"nv_st"},{"name":"nv_tou","bone":"nv_tou","attachment":"nv_tou"},{"name":"nv_maozi","bone":"nv_maozi","attachment":"nv_maozi"},{"name":"ps","bone":"ps","blend":"additive"},{"name":"nv_tui","bone":"nv_datui","attachment":"nv_tui"},{"name":"nv_naizi","bone":"nv_naizi","attachment":"nv_naizi"},{"name":"nv_shoubi","bone":"nv_shoubi","attachment":"nv_shoubi"},{"name":"nv_shou","bone":"nv_shou","attachment":"nv_shou"},{"name":"nan_dashoubi","bone":"nan_dashoubi","attachment":"nan_dashoubi"},{"name":"nan_xiaoshoubi","bone":"nan_xiaoshoubi","attachment":"nan_xiaoshoubi"}],"ik":[{"name":"target","target":"target2","bendPositive":false,"bones":["nan_datui","nan_xiaotui"]},{"name":"target1","order":1,"target":"target1","bendPositive":false,"bones":["nan_jiao2","nan_jiao3"]},{"name":"target2","order":2,"target":"target3","bones":["nan_dashoubi","nan_xiaoshoubi"]},{"name":"target3","order":3,"target":"target4","bendPositive":false,"bones":["nv_datui2","nv_datui3"]},{"name":"target4","order":4,"target":"target5","bones":["nv_shoubi","nv_shou"]},{"name":"target5","order":5,"target":"target6","bones":["nv_ns2","nv_ns3"]}],"skins":[{"name":"default","attachments":{"nv_tui":{"nv_tui":{"type":"mesh","hull":36,"width":31,"height":102,"uvs":[0.74261,0.00964,0.80757,0.02955,0.80873,0.06807,0.74271,0.09206,0.83958,0.20478,0.83941,0.24965,0.9239,0.26859,0.87155,0.31007,0.87221,0.55735,0.83913,0.64762,0.76751,0.71229,0.71028,0.79397,0.87371,0.79397,0.92481,0.82689,0.84142,0.85307,0.54948,0.8532,0.61397,0.92163,0.791,0.97556,0.71181,0.99982,0.65007,1,0.53985,1,0.20864,0.9827,0.12777,0.96257,0.12803,0.9174,0.22462,0.84316,0.28971,0.8231,0.28897,0.67535,0.41896,0.55877,0.41695,0.5191,0.18767,0.37524,0.02194,0.23744,0.06414,0.21967,0.06406,0.11684,0.10455,0.0794,0.20757,0.04173,0.41833,0.00972],"triangles":[17,18,19,20,21,16,24,16,23,19,20,16,17,19,16,22,23,21,16,21,23,15,24,25,24,15,16,15,11,14,15,25,11,14,12,13,14,11,12,25,26,11,11,26,10,10,26,9,26,27,9,9,27,8,27,28,8,28,7,8,7,29,5,7,28,29,5,29,4,3,31,34,34,35,3,30,31,29,31,4,29,33,34,32,7,5,6,3,4,31,34,31,32,35,0,3,2,0,1,2,3,0],"vertices":[1,21,-13.3,12.36,1,1,21,-10.93,13.96,1,1,21,-7.06,13.27,1,1,21,-5.04,10.8,1,1,21,6.82,11.63,1,1,21,11.31,10.78,1,1,21,14.5,10.78,1,1,21,17.55,10.62,1,2,21,42.35,5.98,0.3039,22,0.4,6.76,0.6961,1,22,9.58,8,1,1,22,16.52,7.45,1,1,22,25.03,7.75,1,1,22,23.81,12.66,1,1,22,26.68,15.01,1,1,22,29.9,13.15,1,2,22,32.1,4.38,0.98726,24,2.54,9.15,0.01274,2,22,38.39,8.01,0.23344,24,7.45,3.8,0.76656,2,22,42.4,14.67,0,24,14.82,1.33,1,1,24,13.73,-1.98,1,1,24,12.03,-2.85,1,1,24,8.97,-4.38,1,1,24,-1,-7.39,1,1,24,-4.16,-6.68,1,2,22,41.63,-6.71,0.1357,24,-6.22,-2.55,0.8643,2,22,33.55,-5.64,0.98488,24,-6.92,5.56,0.01512,1,22,31.08,-4.18,1,1,22,16.46,-7.86,1,2,21,39.89,-7.86,0.27315,22,3.95,-6.83,0.72685,2,21,35.9,-7.17,0.75789,22,0.04,-7.88,0.24211,1,21,20.17,-11.44,1,1,21,10.49,-12.49,1,1,21,3.87,-12.27,1,1,21,-6.44,-10.34,1,1,21,-9.96,-8.4,1,1,21,-13.15,-4.55,1,1,21,-15.15,2.48,1],"edges":[0,70,0,2,2,4,4,6,6,8,8,10,10,12,12,14,14,16,16,18,18,20,20,22,22,24,24,26,26,28,28,30,30,32,32,34,34,36,36,38,38,40,40,42,42,44,44,46,46,48,48,50,50,52,52,54,54,56,56,58,58,60,60,62,62,64,64,66,66,68,68,70]}},"ps":{"s1":{"width":116,"height":116},"s2":{"width":116,"height":116},"s3":{"width":116,"height":116},"s4":{"width":116,"height":116}},"nan_st":{"nan_st":{"type":"mesh","hull":30,"width":49,"height":109,"uvs":[0.63472,0,0.8055,0.03872,0.99819,0.13776,0.95947,0.19653,0.95995,0.2571,0.85815,0.28009,0.85724,0.36527,0.65332,0.46096,0.65333,0.73569,0.6135,0.75225,0.54036,0.89678,0.55733,0.94214,0.49392,0.92875,0.44387,0.98103,0.24569,0.99099,0.14202,0.99095,0.0911,0.97939,0.04059,0.94502,0.04046,0.80516,0.08024,0.72001,0.08114,0.66446,0.04059,0.60193,0.04006,0.49638,0.20293,0.40348,0.21035,0.38053,0.06067,0.26964,0.06084,0.17314,0.1336,0.07614,0.26541,0.0185,0.3839,0],"triangles":[3,1,2,5,1,3,5,3,4,0,1,5,27,29,26,29,24,26,25,26,24,5,29,0,28,29,27,29,5,24,5,7,24,6,7,5,23,24,7,23,7,22,7,21,22,7,20,21,20,7,8,9,19,20,8,9,20,9,18,19,10,18,9,12,18,10,12,10,11,17,18,12,15,16,17,17,12,15,12,14,15,13,14,12],"vertices":[1,25,54.63,1.71,1,1,25,53.16,-7.54,1,1,25,45.76,-19.83,1,1,25,39.08,-19.98,1,1,25,32.8,-22.01,1,1,25,28.89,-18.03,1,3,4,56.84,-27,0.00004,5,40.49,-22.38,0.00005,25,20.04,-20.82,0.99991,3,4,45.42,-18.17,0.04924,5,28.07,-15.01,0.15023,25,7.06,-14.48,0.80052,2,4,15.64,-21.32,0.96298,5,-1.1,-21.79,0.03702,2,4,13.64,-19.57,0.98198,5,-3.3,-20.3,0.01802,1,4,-2.41,-17.66,1,1,4,-7.24,-19.01,1,1,4,-6.11,-15.77,1,1,4,-12.04,-13.93,1,1,4,-14.14,-4.39,1,1,4,-14.67,0.67,1,1,4,-13.68,3.28,1,1,4,-10.21,6.13,1,2,4,4.94,7.75,0.99899,5,-15.27,5.75,0.00101,2,4,14.38,6.79,0.71994,5,-5.79,5.95,0.28006,2,4,20.41,7.38,0.06519,5,0.12,7.28,0.93481,1,5,6.31,10.76,1,2,5,17.51,13.39,0.9061,25,-5.79,12.96,0.0939,2,5,29.18,7.9,0.11592,25,6.29,8.45,0.88408,2,5,31.7,8.12,0.02583,25,8.78,8.86,0.97417,1,25,18.06,19.53,1,1,25,28.08,22.74,1,1,25,39.23,22.57,1,1,25,47.19,18.33,1,1,25,50.88,13.42,1],"edges":[0,58,0,2,2,4,4,6,6,8,8,10,10,12,12,14,14,16,16,18,18,20,20,22,22,24,24,26,26,28,28,30,30,32,32,34,34,36,36,38,38,40,40,42,42,44,44,46,46,48,48,50,50,52,52,54,54,56,56,58]}},"nan_datui":{"nan_datui":{"x":24.93,"y":-0.7,"rotation":75.07,"width":36,"height":67}},"nv_naizi":{"nv_naizi":{"type":"mesh","hull":16,"width":31,"height":29,"uvs":[0.61413,0.03359,0.93555,0.03405,1,0.06617,1,0.14112,0.93638,0.41329,0.97155,0.56577,0.93619,0.79289,0.77419,0.96617,0.68096,1,0.60946,1,0.38077,0.95161,0.22721,0.62813,0,0.61662,0,0.60249,0.1152,0.29448,0.35701,0.12528,0.38288,0.4789,0.42469,0.65765,0.52398,0.79451,0.6703,0.85596,0.78788,0.8001,0.85582,0.68279,0.85059,0.4761,0.7905,0.26383,0.61021,0.37834,0.63895,0.57107,0.6703,0.72748,0.3045,0.36159,0.4273,0.24707,0.68598,0.16048,0.85321,0.1521],"triangles":[22,4,5,25,24,22,17,16,25,21,22,5,25,22,21,26,25,21,18,17,25,6,21,5,26,18,25,20,26,21,20,21,6,19,26,20,18,26,19,10,11,17,10,17,18,7,19,20,7,20,6,9,18,19,8,9,19,10,18,9,7,8,19,1,2,3,30,0,1,30,1,3,29,0,30,28,0,29,23,29,30,24,29,23,4,30,3,23,30,4,22,23,4,24,28,29,24,23,22,16,24,25,28,15,0,27,14,15,28,27,15,16,27,28,16,28,24,11,12,13,11,14,27,11,27,16,11,13,14,11,16,17],"vertices":[2,42,-4.09,4.87,0.14181,41,0.38,4.77,0.85819,1,41,10.09,2.53,1,1,41,11.83,1.18,1,3,42,3.05,14.97,0.00412,41,11.35,-0.94,0.99395,43,-7.73,14.51,0.00193,3,42,9.74,10.34,0.24824,41,7.67,-8.19,0.48958,43,-0.77,10.31,0.26218,3,42,14.26,9.79,0.1867,41,7.75,-12.75,0.18579,43,3.78,10.05,0.62751,3,42,20.04,6.44,0.02811,41,5.21,-18.92,0.02666,43,9.75,7.06,0.94523,1,43,13.08,0.79,1,2,40,4.74,20.9,0.00537,43,13.17,-2.26,0.99463,3,40,6.63,19.74,0.02054,42,22.09,-5.15,0.00001,43,12.51,-4.38,0.97945,3,40,11.94,14.84,0.15249,42,18.27,-11.29,0.0226,43,9.09,-10.75,0.82491,3,40,11.09,4.35,0.81912,42,7.81,-12.43,0.04958,43,-1.28,-12.54,0.1313,1,40,16.92,0.39,1,1,40,16.7,0.04,1,1,40,8.99,-5.71,1,3,40,0.03,-5.97,0.65333,42,-4.41,-3.52,0.34159,41,-7.98,3.95,0.00508,3,40,4.71,3.19,0.76449,42,5.47,-6.39,0.18422,43,-4,-6.65,0.05129,3,40,6.32,8.29,0.35985,42,10.78,-7.01,0.19003,43,1.34,-6.94,0.45012,3,40,5.77,13.28,0.10023,42,15.58,-5.53,0.03437,43,6.04,-5.16,0.86541,2,40,2.84,17.17,0.00554,43,9.08,-1.35,0.99446,3,42,18.61,2.07,0.00449,41,0.68,-18.1,0.00553,43,8.6,2.61,0.98998,3,42,16.17,5.24,0.07329,41,3.49,-15.26,0.05646,43,5.97,5.62,0.87024,3,42,10.51,7.2,0.31373,41,4.67,-9.38,0.30737,43,0.19,7.23,0.3789,3,42,4.09,7.63,0.14844,41,4.23,-2.96,0.82794,43,-6.24,7.26,0.02362,2,42,5.23,1.23,0.9161,41,-1.96,-4.95,0.0839,3,42,10.77,0.09,0.00905,41,-2.34,-10.6,0.00134,43,0.89,0.15,0.98961,2,40,0.89,13.99,0.0012,43,5.51,-0.26,0.9988,1,40,5.01,-0.98,1,2,40,0.02,-1.82,0.79626,42,-0.34,-2.73,0.20374,1,41,1.73,0.68,1,3,42,1.75,10.6,0.00208,41,6.84,-0.23,0.99731,43,-8.77,10.07,0.00061],"edges":[0,30,0,2,2,4,4,6,6,8,8,10,10,12,12,14,14,16,16,18,18,20,20,22,22,24,24,26,26,28,28,30]}},"nan_jiao":{"nan_jiao":{"type":"mesh","hull":36,"width":21,"height":85,"uvs":[0.61989,0,0.62033,0.00061,0.75775,0.13598,0.8534,0.24072,0.95504,0.39097,0.95345,0.43414,1,0.47016,1,0.6036,0.95632,0.65637,0.73372,0.83037,0.66844,0.88239,0.83846,0.91049,0.95309,0.95292,0.9531,0.98022,0.95245,0.97661,0.8567,0.98846,0.81318,0.98837,0.47073,0.98841,0.46691,0.98723,0.0945,0.94125,0.04025,0.92781,0.04713,0.92943,0.04675,0.90621,0.22919,0.72382,0.346,0.63688,0.38036,0.60754,0.38,0.54608,0.37908,0.51683,0.1897,0.42401,0.12371,0.37443,0.06325,0.31421,0,0.23622,0,0.1034,0.06644,0.05609,0.11833,0.01788,0.18688,0],"triangles":[8,25,7,25,26,7,26,6,7,26,27,6,27,5,6,27,28,5,5,28,4,28,29,4,29,3,4,29,30,3,3,31,2,33,2,32,31,3,30,2,33,1,1,33,35,33,34,35,35,0,1,2,31,32,18,19,10,20,21,19,10,19,22,19,21,22,10,22,9,9,22,23,9,23,8,8,23,24,24,25,8,17,18,16,14,15,16,14,16,12,11,12,16,18,10,11,14,12,13,11,16,18],"vertices":[1,28,-6.63,6.79,1,1,28,-6.58,6.79,1,1,28,5.26,7.49,1,1,28,14.38,7.81,1,1,28,27.33,7.53,1,1,28,30.93,6.82,1,1,28,34.12,7.21,1,1,28,45.26,5.1,1,2,29,2.26,4.9,0.32144,28,49.5,3.37,0.67856,2,31,3.45,10,0.00803,29,17.76,4.23,0.99197,2,31,3.65,5.38,0.34048,29,22.38,4.06,0.65952,2,31,7.81,4.32,0.9091,29,23.76,8.13,0.0909,2,31,11.29,1.73,0.9992,29,26.62,11.39,0.0008,2,31,12.07,-0.45,1,29,28.86,11.99,0,2,31,11.95,-0.17,1,29,28.56,11.9,0,2,31,10.4,-1.79,1,29,30.06,10.22,0,1,31,9.53,-2.09,1,2,31,2.76,-4.51,0.99645,29,32.16,2.39,0.00355,2,31,2.65,-4.44,0.99504,29,32.09,2.29,0.00496,2,31,-6.03,-3.38,0.05527,29,30.35,-6.28,0.94473,2,31,-7.49,-2.69,0.02365,29,29.54,-7.67,0.97635,2,31,-7.3,-2.77,0.02624,29,29.64,-7.5,0.97376,2,31,-7.97,-0.91,0.00563,29,27.74,-8.02,0.99437,1,29,11.77,-8.36,1,2,29,4,-7.91,0.92351,28,45.49,-8.92,0.07649,2,29,1.4,-7.86,0.72155,28,43.17,-7.75,0.27845,2,29,-3.64,-9.23,0.1872,28,38.04,-6.78,0.8128,2,29,-6.04,-9.89,0.05747,28,35.59,-6.34,0.94253,1,28,27.1,-8.78,1,1,28,22.7,-9.36,1,1,28,17.44,-9.66,1,1,28,10.68,-9.73,1,1,28,-0.42,-7.63,1,1,28,-4.11,-5.51,1,1,28,-7.1,-3.84,1,1,28,-8.32,-2.14,1],"edges":[0,70,0,2,2,4,4,6,6,8,8,10,10,12,12,14,14,16,16,18,18,20,20,22,22,24,24,26,26,28,28,30,30,32,32,34,34,36,36,38,38,40,40,42,42,44,44,46,46,48,48,50,50,52,52,54,54,56,56,58,58,60,60,62,62,64,64,66,66,68,68,70]}},"nv_shou":{"nv_shou":{"x":11.7,"y":-0.73,"rotation":-57.38,"width":27,"height":32}},"nv_maozi":{"nv_maozi":{"type":"mesh","hull":15,"width":35,"height":34,"uvs":[0.42377,0,0.80192,0,0.97322,0.08814,0.97169,0.24865,0.88205,0.30028,0.45338,0.94749,0.35669,0.97524,0.25672,0.97102,0.25667,0.8312,0.18874,0.67241,0,0.5886,0,0.49886,0.14193,0.35279,0.18497,0.22097,0.37569,0.02445],"triangles":[5,6,8,6,7,8,4,5,9,9,5,8,9,11,12,4,9,12,9,10,11,13,14,4,14,0,4,0,1,4,13,4,12,3,4,2,2,4,1],"vertices":[2,44,1.98,-9.39,0.92985,45,-9.5,-6.84,0.07015,1,44,-6.55,0.73,1,2,44,-8.12,7.25,0.99917,45,-14.11,12.07,0.00083,2,44,-3.91,10.73,0.97644,45,-9.05,14.11,0.02356,2,44,-0.55,9.46,0.9173,45,-6.22,11.89,0.0827,2,45,19.86,6.48,0.00473,46,13.6,5,0.99527,1,46,15.45,2.02,1,1,46,16.28,-1.38,1,2,45,18.85,-1.4,0.00011,46,11.72,-2.71,0.99989,2,45,14.77,-5.66,0.11557,46,7.2,-6.5,0.88443,2,45,14.67,-12.86,0.32837,46,6.31,-13.64,0.67163,3,44,24.51,-9.8,0.0013,45,11.86,-14.03,0.36211,46,3.38,-14.49,0.63659,3,44,17.51,-9.2,0.09386,45,5.36,-11.35,0.59727,46,-2.78,-11.11,0.30887,3,44,13.11,-10.93,0.31884,45,0.65,-11.67,0.60581,46,-7.5,-10.91,0.07535,2,44,3.7,-10.14,0.88234,45,-8.08,-8.07,0.11766],"edges":[0,28,0,2,2,4,4,6,6,8,8,10,10,12,12,14,14,16,16,18,18,20,20,22,22,24,24,26,26,28]}},"nv_shoubi":{"nv_shoubi":{"x":8.96,"y":-1.53,"rotation":45.17,"width":27,"height":30}},"nv_ns":{"nv_ns":{"type":"mesh","hull":16,"width":32,"height":28,"uvs":[0.89591,0.03429,0.93868,0.17751,0.93837,0.46467,0.84318,0.50453,0.73417,0.96489,0.55057,0.96528,0,0.23439,0,0.16908,0.00166,0.14189,0.26103,0.14238,0.36707,0.06846,0.40722,0.25055,0.52989,0.39021,0.62458,0.39097,0.62456,0.09868,0.69701,0.03507],"triangles":[1,13,14,0,1,15,14,15,1,2,3,1,3,13,1,3,5,13,4,5,3,11,6,7,9,10,11,5,12,13,6,11,12,7,8,9,7,9,11,12,5,6],"vertices":[1,51,21.85,-2.27,1,1,51,18.39,-4.72,1,1,51,10.68,-7,1,1,51,8.74,-4.4,1,2,50,25.81,-1.28,0.28009,51,-4.61,-4.72,0.71991,2,50,22.01,-5.76,0.8327,51,-6.29,0.91,0.1673,1,50,-5,-5.93,1,1,50,-6.39,-4.74,1,1,50,-6.93,-4.21,1,1,50,-1.55,2.1,1,1,50,-0.93,6.03,1,2,50,3.79,3.71,0.99889,51,11.6,11,0.00111,2,50,9.31,4.16,0.76815,51,8.96,6.13,0.23185,2,50,11.29,6.46,0.18782,51,9.8,3.21,0.81218,1,51,17.65,5.54,1,1,51,20.02,3.82,1],"edges":[0,30,0,2,2,4,4,6,6,8,8,10,10,12,12,14,14,16,16,18,18,20,20,22,22,24,24,26,26,28,28,30]}},"nv_tou":{"nv_tou":{"type":"mesh","hull":41,"width":55,"height":59,"uvs":[0.69483,0,0.69947,0.00231,0.78619,0.02941,0.79886,0.03271,0.85448,0.06746,0.94692,0.1533,0.97025,0.19883,0.96389,0.18835,0.96387,0.36348,0.95812,0.36827,0.90131,0.47111,0.90952,0.47961,0.90927,0.58051,0.90722,0.57948,0.8069,0.72912,0.79754,0.72899,0.72738,0.72903,0.61845,0.67853,0.61854,0.72892,0.58149,0.78056,0.5653,0.7801,0.49321,0.78035,0.32764,0.7462,0.27342,0.77952,0.25365,0.83376,0.19168,0.90864,0.14538,0.94962,0.04505,0.99618,0.03924,1,0,1,0,0.8979,0.09115,0.813,0.18058,0.72972,0.18161,0.66591,0.1815,0.28757,0.20147,0.2141,0.23619,0.15129,0.25118,0.13847,0.32792,0.06694,0.36261,0.03418,0.43558,0],"triangles":[6,7,5,5,7,4,8,9,7,4,9,2,7,9,4,13,10,11,12,13,11,4,2,3,9,10,2,17,10,13,17,38,10,17,13,16,14,15,13,13,15,16,34,17,22,22,17,21,18,20,17,20,21,17,19,20,18,25,31,24,26,30,31,25,26,31,27,30,26,29,30,27,28,29,27,22,32,33,23,32,22,24,32,23,31,32,24,34,22,33,37,38,17,35,36,37,37,34,35,37,17,34,10,39,1,1,40,0,40,1,39,1,2,10,10,38,39],"vertices":[2,34,-5.77,-2.23,0.89933,33,24.63,11.67,0.10067,2,34,-5.87,-1.96,0.88942,33,24.61,11.38,0.11058,2,34,-8.49,2.34,0.56096,33,25.1,6.38,0.43904,2,34,-8.9,2.94,0.51455,33,25.21,5.66,0.48545,2,34,-9.91,6.48,0.26592,33,24.6,2.03,0.73408,2,34,-10.53,13.63,0.00624,33,22.06,-4.68,0.99376,1,33,20.14,-6.96,1,2,34,-9.91,15.81,0.00006,33,20.56,-6.38,0.99994,2,32,31.19,-7.11,0.00105,33,11.13,-10.62,0.99895,2,32,30.77,-7.05,0.00178,33,10.74,-10.45,0.99822,2,32,24.12,-8.6,0.1875,33,3.93,-10.08,0.8125,2,32,24.03,-9.26,0.22923,33,3.66,-10.7,0.77077,2,32,19.48,-13.11,0.56561,33,-1.78,-13.13,0.43439,2,32,19.45,-12.98,0.56319,33,-1.77,-13,0.43681,2,32,9.15,-14.49,0.94762,33,-12.08,-11.59,0.05238,2,32,8.82,-14.09,0.95007,33,-12.29,-11.11,0.04993,2,32,6.33,-11.15,0.98168,33,-13.87,-7.6,0.01832,1,32,4.72,-4.65,1,1,32,2.46,-6.58,1,1,32,-1.18,-7,1,2,37,8.83,17.8,0.00032,32,-1.74,-6.3,0.99968,3,37,9.68,13.92,0.04151,38,-3.75,13.51,0.00319,32,-4.32,-3.29,0.95531,3,37,9.61,4.59,0.44351,38,-0.27,4.86,0.34257,32,-8.67,4.96,0.21392,4,37,12.15,2.09,0.0441,38,3.04,3.51,0.9309,39,-5.67,2.41,0.00174,32,-12.1,5.96,0.02326,3,38,6.3,4.42,0.82607,39,-2.66,3.96,0.1737,32,-15.24,4.72,0.00023,2,38,11.87,4.1,0.02473,39,2.86,4.77,0.97527,1,39,6.37,4.75,1,1,39,12.25,2.9,1,1,39,12.63,2.84,1,1,39,14.19,1.34,1,1,39,10.01,-3,1,2,38,10.33,-3.65,0.017,39,2.92,-3.12,0.983,2,37,10.35,-3.52,0.02865,38,3.5,-2.37,0.97135,2,37,6.65,-4.25,0.71967,38,0.36,-4.45,0.28033,3,34,26.75,-7.47,0.00535,35,11.61,-11.08,0.73577,36,-2.91,-10.69,0.25888,3,34,23.12,-10.08,0.05298,35,7.4,-12.59,0.86707,36,-7.36,-11.06,0.07995,3,34,19.27,-11.68,0.16524,35,3.26,-13.07,0.82006,36,-11.49,-10.46,0.0147,3,34,18.15,-11.72,0.2085,35,2.17,-12.81,0.78334,36,-12.47,-9.93,0.00816,2,34,12.2,-12.23,0.56946,35,-3.69,-11.66,0.43054,2,34,9.5,-12.47,0.71929,35,-6.36,-11.16,0.28071,2,34,5.13,-11.42,0.88941,35,-10.27,-8.95,0.11059],"edges":[0,80,0,2,2,4,4,6,6,8,8,10,10,12,12,14,14,16,16,18,18,20,20,22,22,24,24,26,26,28,28,30,30,32,32,34,34,36,36,38,38,40,40,42,42,44,44,46,46,48,48,50,50,52,52,54,54,56,56,58,58,60,64,66,66,68,68,70,70,72,72,74,74,76,76,78,78,80,60,62,62,64]}},"d":{"d":{"x":5.94,"y":0.76,"width":25,"height":9}},"nan_xiaotui":{"nan_xiaotui":{"type":"mesh","hull":19,"width":36,"height":61,"uvs":[0.72139,0,0.83522,0,0.97276,0.06403,0.97256,0.26873,0.74982,0.46887,0.51011,0.72547,0.55364,0.79324,0.75088,0.88134,0.75068,0.93431,0.66691,0.98407,0.55716,1,0.38776,1,0.22515,0.95259,0,0.83896,0,0.8016,0.1684,0.43733,0.32563,0.21159,0.47178,0.08137,0.55866,0.04761],"triangles":[2,0,1,0,3,18,2,3,0,3,17,18,3,16,17,4,16,3,15,16,4,5,15,4,14,15,5,12,13,14,7,9,6,5,12,14,12,5,6,8,9,7,11,12,6,6,10,11,9,10,6],"vertices":[1,3,-7.72,-2.52,1,1,3,-9.33,1.25,1,1,3,-7.69,7.34,1,1,3,3.79,12.24,1,1,3,18.17,9.67,1,2,27,7.83,9.51,0.30681,3,35.96,7.9,0.69319,2,27,10.9,6.32,0.79469,3,39.14,10.97,0.20531,2,27,19.54,4.17,0.99997,3,41.29,19.61,0.00003,1,27,20.8,1.2,1,1,27,19.22,-2.78,1,1,27,15.97,-5.22,1,1,27,10.36,-7.62,1,1,27,3.84,-7.26,1,2,27,-6.34,-4.07,0.68534,3,49.55,-6.26,0.31466,2,27,-7.23,-1.98,0.4997,3,47.45,-7.16,0.5003,1,3,24.64,-10.33,1,1,3,9.75,-10.54,1,1,3,0.38,-8.83,1,1,3,-2.75,-6.76,1],"edges":[0,36,0,2,2,4,4,6,6,8,8,10,10,12,12,14,14,16,16,18,18,20,20,22,22,24,24,26,26,28,28,30,30,32,32,34,34,36]}},"nan_dashoubi":{"nan_dashoubi":{"x":17.33,"y":0.4,"rotation":74.63,"width":28,"height":50}},"nv_st":{"nv_st":{"type":"mesh","hull":20,"width":61,"height":48,"uvs":[0.81957,0.04123,0.89475,0.04129,0.85794,0.13187,0.88582,0.29403,0.88586,0.54082,0.82229,0.62326,0.64085,0.76994,0.56566,0.86504,0.47676,0.93234,0.32503,0.98054,0.09789,0.97918,0.01516,0.76829,0.0159,0.68268,0.11524,0.58669,0.217,0.5351,0.30842,0.48875,0.39163,0.42145,0.47072,0.35749,0.68109,0.13076,0.75471,0.06875],"triangles":[2,0,1,19,2,3,2,19,0,5,3,4,3,18,19,5,18,3,17,18,5,6,17,5,16,17,6,7,16,6,15,16,7,8,15,7,13,11,12,10,11,13,9,14,15,8,9,15,13,14,9,10,13,9],"vertices":[1,14,17.33,2.73,1,1,14,19.41,-1.36,1,1,14,14.52,-1.33,1,2,13,23.5,-1.13,0.0031,14,8.36,-6.39,0.9969,3,12,30.3,-10.8,0.00252,13,17.27,-11.21,0.48163,14,-2.19,-11.77,0.51585,3,12,24.96,-12.25,0.03914,13,11.88,-12.53,0.71741,14,-7.48,-10.12,0.24345,4,11,29.06,-10.56,0.01682,12,11.85,-12.72,0.64989,13,-1.23,-12.69,0.33322,14,-18.78,-3.46,0.00007,3,11,23.15,-13.2,0.15022,12,5.58,-14.33,0.78503,13,-7.53,-14.16,0.06475,3,11,16.93,-14.29,0.42971,12,-0.73,-14.37,0.56701,13,-13.85,-14.05,0.00328,2,11,7.46,-13.17,0.89219,12,-9.88,-11.68,0.10781,1,11,-5.47,-8.19,1,1,11,-6.6,3.06,1,1,11,-5.1,6.89,1,2,11,2.2,9.04,0.99878,12,-11.35,11.1,0.00122,2,11,8.88,9.16,0.89386,12,-4.75,10.09,0.10614,3,11,14.89,9.26,0.43879,12,1.19,9.19,0.5604,13,-11.37,9.46,0.00081,4,11,20.78,10.48,0.05999,12,7.2,9.4,0.85141,13,-5.35,9.53,0.08736,14,-10.8,17.68,0.00124,4,11,26.38,11.63,0.00055,12,12.92,9.61,0.48546,13,0.36,9.61,0.47216,14,-5.87,14.78,0.04184,2,13,17,12.1,0.07976,14,9.66,8.3,0.92024,2,13,22.39,12.27,0.0037,14,14.35,5.65,0.9963],"edges":[0,38,0,2,2,4,4,6,6,8,8,10,10,12,12,14,14,16,16,18,18,20,20,22,22,24,24,26,34,36,36,38,26,28,28,30,30,32,32,34]}},"zs":{"zs":{"x":8.73,"y":-17.19,"width":47,"height":51}},"nan_xiaoshoubi":{"nan_xiaoshoubi":{"x":17.04,"y":0.08,"rotation":35.34,"width":38,"height":33}}}}],"events":{"plug_into":{},"shoot_sperm":{}},"animations":{"animation":{"bones":{"nan_st":{"translate":[{"x":-5.88},{"time":0.1,"x":12.86,"y":-1.21},{"time":0.5667,"x":-5.88}]},"nan_datui":{"rotate":[{"angle":-1.37}]},"nan_xiaotui":{"rotate":[{"angle":2.45}]},"nan_st2":{"rotate":[{},{"time":0.1,"angle":47.08},{"time":0.5667}]},"nan_st3":{"rotate":[{},{"time":0.1,"angle":-39.91},{"time":0.5667}]},"nan_dashoubi":{"rotate":[{"angle":-7.53}]},"nan_xiaoshoubi":{"rotate":[{"angle":10.63}]},"nv_st":{"translate":[{"time":0.1},{"time":0.2,"x":5.95,"y":0.22},{"time":0.5667}],"scale":[{"time":0.1},{"time":0.2,"x":0.95},{"time":0.5667}]},"nv_st3":{"rotate":[{"time":0.1},{"time":0.2,"angle":6.04},{"time":0.5667}]},"nv_tou":{"scale":[{"time":0.1},{"time":0.2,"x":1.05},{"time":0.5667}]},"nv_shoubi":{"rotate":[{"angle":-1.07}]},"nv_shou":{"rotate":[{"angle":0.25}]},"nv_datui2":{"rotate":[{"angle":-2.8}]},"nv_datui3":{"rotate":[{"angle":5.41}]},"nan_jiao2":{"rotate":[{"angle":0.04}]},"nan_jiao3":{"rotate":[{"angle":-0.23}]},"nv_tou8":{"rotate":[{"time":0.1},{"time":0.2,"angle":-29.07},{"time":0.3,"angle":-5.12},{"time":0.5667}]},"nv_tou9":{"rotate":[{"time":0.1},{"time":0.2,"angle":-27},{"time":0.3667,"angle":-1.85},{"time":0.5667}]},"nv_naizi4":{"rotate":[{"angle":-9.8,"curve":"stepped"},{"time":0.1,"angle":-9.8},{"time":0.2667,"angle":-9.72},{"time":0.3,"angle":-30.92},{"time":0.4667,"angle":-44.36},{"time":0.5667,"curve":"stepped"},{"time":0.6},{"time":0.6667,"angle":-9.8}],"translate":[{"time":0.1},{"time":0.2667,"x":-0.26,"y":-1.98},{"time":0.3}],"scale":[{"time":0.1},{"time":0.2667,"x":0.812},{"time":0.3,"x":0.81},{"time":0.5667}]},"nv_naizi5":{"rotate":[{},{"time":0.1,"angle":10.95},{"time":0.2667,"angle":15.28},{"time":0.3667,"angle":3.17},{"time":0.4667,"angle":14.38},{"time":0.5,"angle":12.76},{"time":0.5667,"angle":-15.71},{"time":0.6667}],"translate":[{},{"time":0.1,"x":0.06,"y":-1.13},{"time":0.2,"x":1.76,"y":3.33},{"time":0.3667,"x":2.45,"y":-3.1},{"time":0.4,"x":0.41,"y":-9.95},{"time":0.4667,"x":2.19,"y":2.42},{"time":0.5,"x":-0.14,"y":1.82},{"time":0.5667,"x":-0.36,"y":-3.99},{"time":0.6667}],"scale":[{"time":0.1},{"time":0.2,"x":1.184},{"time":0.3667,"x":1.332,"y":1.231},{"time":0.4667}]},"target3":{"translate":[{"time":0.1},{"time":0.2,"x":6.03},{"time":0.4667}]},"nv_ns2":{"rotate":[{"angle":0.61}]},"nv_ns3":{"rotate":[{"angle":0.14}]}},"deform":{"default":{"nv_naizi":{"nv_naizi":[{},{"time":0.1,"vertices":[-0.09363,0.13813,0.14133,0.08874,0.14133,0.08874,0.14133,0.08874,-0.09363,0.13813,0.14133,0.08874,-0.0751,0.14902,-0.09363,0.13813,0.14133,0.08874,-0.0751,0.14902,-0.09363,0.13813,0.14133,0.08874,-0.0751,0.14902,-0.09363,0.13813,0.14133,0.08874,-0.0751,0.14902,-0.0751,0.14902,-0.16228,-0.03885,-0.0751,0.14902,-0.16228,-0.03885,-0.09363,0.13813,-0.0751,0.14902,-0.16228,-0.03885,-0.09363,0.13813,-0.0751,0.14902,-0.16228,-0.03885,-0.09363,0.13813,-0.0751,0.14902,-0.16228,-0.03885,-0.16228,-0.03885,-0.16228,-0.03885,-0.16228,-0.03885,-0.09363,0.13813,0.14133,0.08874,-0.16228,-0.03885,-0.09363,0.13813,-0.0751,0.14902,-0.16228,-0.03885,-0.09363,0.13813,-0.0751,0.14902,-0.16228,-0.03885,-0.09363,0.13813,-0.0751,0.14902,-0.16228,-0.03885,-0.0751,0.14902,-0.09363,0.13813,0.14133,0.08874,-0.0751,0.14902,-0.09363,0.13813,0.14133,0.08874,-0.0751,0.14902,-0.09363,0.13813,0.14133,0.08874,-0.0751,0.14902,-0.09363,0.13813,0.14133,0.08874,-0.0751,0.14902,-0.09363,0.13813,0.14133,0.08874,-0.09363,0.13813,0.14133,0.08874,-0.0751,0.14902,-0.16228,-0.03885,-0.0751,0.14902,-0.16228,-0.03885,-0.16228,-0.03885,-0.09363,0.13813,0.14133,0.08874,-0.09363,0.13813,0.14133,0.08874,-0.0751,0.14902]},{"time":0.2},{"time":0.3667,"offset":14,"vertices":[-2.08624,-1.06923,-0.31911,1.97476,-1.90427,-1.08322,-1.45027,-1.83287,-1.25019,1.75814,-1.30757,-1.84485,-1.65349,-1.07491,-0.49265,1.64595,-1.50679,-1.09293,-0.34953,-0.04189,0,0,0,-0.00001,0,0,-0.00001,0,0,-0.00001,-1.83981,-2.07703,-3.34837,-0.14325,-2.51305,-0.13475,1.51974,-4.19189,-2.7094,-4.01296,-1.64632,-3.60354,0.74238,-0.77903,0.67365,-1.9102,0,0,2.24375,0.31107,2.16748,-1.38323,-2.02628,-1.01249,5.702,-1.64195,2.79053,-5.4654,2.67093,-5.4143,3.83572,-2.26667,0.78586,-4.40768,0.80135,-4.38973,2.20087,-0.05908,1.61697,-1.7482,1.52381,-1.71897,0,0,0,-0.00001,-0.00001,0,0,-0.00001,0,-0.00001,-2.54667,-0.13583,0.62966,2.00334,-2.34594,-0.17291,-1.31441,-1.08133,-0.58397,1.39222,-1.19444,-1.09096,-0.00001,0,0,-0.00001,0,-0.00001,-0.00001,0,0,-0.00001,-0.00001,0,0,-0.00001,0,-0.00001,0,0,0,-0.00001,4.14825,-2.03152]},{"time":0.4,"offset":14,"vertices":[-4.84832,-0.4991,1.73584,3.74586,-4.46396,-0.68197,-0.78652,-1.87994,-1.3948,1.46105,-0.66749,-1.83499,-0.82674,-0.53745,-0.24632,0.82298,-0.7534,-0.54646,-0.53282,-0.02598,-0.1368,-0.19715,-0.23868,-0.00336,-0.114,-0.16429,-0.23186,0.0049,-0.1989,-0.0028,-0.68985,-1.12605,-1.58508,-0.22222,-1.23455,-0.21576,0.99228,-4.66873,-3.03314,-4.2821,-2.34581,-4.03962,-0.07386,-0.26802,0.05187,-0.75136,0,0,1.91878,0.31119,1.92293,-1.0085,-1.71826,-0.90867,2.851,-0.82098,1.39526,-2.7327,1.33546,-2.70715,2.2609,-1.24986,0.41819,-2.56284,0.43242,-2.51577,1.16463,0.99692,1.63355,-0.13085,1.44674,-0.16823,0,0,0,0,0,0,0,0,0,0,-1.27333,-0.06791,0.31483,1.00167,-1.17297,-0.08645,-0.65516,-1.48587,-1.07754,1.22162,-0.55329,-1.43788,0,0,0,0,0,0,0,0,0,0,1.70031,3.78827,2.48131,-3.21316,1.3418,3.44546,0,0,0,0,2.37232,-2.84106]},{"time":0.4667}]},"nv_tui":{"nv_tui":[{"time":0.1},{"time":0.2,"offset":74,"vertices":[0.2611,3.27761,0.2611,3.27761,0.2611,3.27761,0.2611,3.27761,0.15548,1.95181,-3.10325,1.31666,-3.10325,1.31666]},{"time":0.2667,"offset":74,"vertices":[0.05222,0.65552,0.05222,0.65552,0.05222,0.65552,0.05222,0.65552,0.0311,0.39036,-1.68808,3.58461,-1.68808,3.58461]},{"time":0.3}]}}},"events":[{"time":0.1,"name":"plug_into"}]},"duang":{"slots":{"ps":{"attachment":[{"time":0.7667,"name":"s1"},{"time":0.8333,"name":"s2"},{"time":0.9,"name":"s3"},{"time":0.9667,"name":"s4"},{"time":1.0333,"name":null},{"time":1.6,"name":"s1"},{"time":1.6667,"name":"s2"},{"time":1.7333,"name":"s3"},{"time":1.8,"name":"s4"},{"time":1.8667,"name":null},{"time":2.4333,"name":"s1"},{"time":2.5,"name":"s2"},{"time":2.5667,"name":"s3"},{"time":2.6333,"name":"s4"},{"time":2.7,"name":null}]}},"bones":{"nan_st":{"translate":[{"x":-5.88},{"time":0.0667,"x":12.86,"y":-1.21},{"time":0.3333,"x":-5.88,"curve":"stepped"},{"time":0.3667,"x":-5.88},{"time":0.4333,"x":12.86,"y":-1.21},{"time":0.4667,"x":12.09,"y":-1.6},{"time":0.5,"x":11.96,"y":-0.95},{"time":0.5333,"x":10.54,"y":-2.63},{"time":0.5667,"x":11.19,"y":-2.63},{"time":0.6,"x":9.51,"y":-2.89},{"time":0.6333,"x":8.99,"y":-2.24},{"time":0.6667,"x":9.64,"y":-3.53},{"time":0.7,"x":12.86,"y":-1.21},{"time":0.7333,"x":12.09,"y":-1.6},{"time":0.7667,"x":11.96,"y":-0.95},{"time":0.8,"x":10.54,"y":-2.63},{"time":0.8333,"x":11.19,"y":-2.63},{"time":0.8667,"x":9.51,"y":-2.89},{"time":0.9,"x":8.99,"y":-2.24},{"time":0.9333,"x":9.64,"y":-3.53},{"time":0.9667,"x":12.86,"y":-1.21},{"time":1,"x":12.09,"y":-1.6},{"time":1.0333,"x":11.96,"y":-0.95},{"time":1.0667,"x":10.54,"y":-2.63},{"time":1.1,"x":11.19,"y":-2.63},{"time":1.1333,"x":9.51,"y":-2.89},{"time":1.1667,"x":8.99,"y":-2.24},{"time":1.2,"x":9.64,"y":-3.53},{"time":1.2667,"x":12.86,"y":-1.21},{"time":1.3,"x":12.09,"y":-1.6},{"time":1.3333,"x":11.96,"y":-0.95},{"time":1.3667,"x":10.54,"y":-2.63},{"time":1.4,"x":11.19,"y":-2.63},{"time":1.4333,"x":9.51,"y":-2.89},{"time":1.4667,"x":8.99,"y":-2.24},{"time":1.5,"x":9.64,"y":-3.53},{"time":1.5333,"x":12.86,"y":-1.21},{"time":1.5667,"x":12.09,"y":-1.6},{"time":1.6,"x":11.96,"y":-0.95},{"time":1.6333,"x":10.54,"y":-2.63},{"time":1.6667,"x":11.19,"y":-2.63},{"time":1.7,"x":9.51,"y":-2.89},{"time":1.7333,"x":8.99,"y":-2.24},{"time":1.7667,"x":9.64,"y":-3.53},{"time":1.8,"x":12.86,"y":-1.21},{"time":1.8333,"x":12.09,"y":-1.6},{"time":1.8667,"x":11.96,"y":-0.95},{"time":1.9,"x":10.54,"y":-2.63},{"time":1.9333,"x":11.19,"y":-2.63},{"time":1.9667,"x":9.51,"y":-2.89},{"time":2,"x":8.99,"y":-2.24},{"time":2.0333,"x":9.64,"y":-3.53},{"time":2.1,"x":12.86,"y":-1.21},{"time":2.1333,"x":12.09,"y":-1.6},{"time":2.1667,"x":11.96,"y":-0.95},{"time":2.2,"x":10.54,"y":-2.63},{"time":2.2333,"x":11.19,"y":-2.63},{"time":2.2667,"x":9.51,"y":-2.89},{"time":2.3,"x":8.99,"y":-2.24},{"time":2.3333,"x":9.64,"y":-3.53},{"time":2.3667,"x":12.86,"y":-1.21},{"time":2.4,"x":12.09,"y":-1.6},{"time":2.4333,"x":11.96,"y":-0.95},{"time":2.4667,"x":10.54,"y":-2.63},{"time":2.5,"x":11.19,"y":-2.63},{"time":2.5333,"x":9.51,"y":-2.89},{"time":2.5667,"x":8.99,"y":-2.24},{"time":2.6,"x":9.64,"y":-3.53},{"time":2.6333,"x":12.86,"y":-1.21},{"time":2.6667,"x":12.09,"y":-1.6},{"time":2.7,"x":11.96,"y":-0.95},{"time":2.7333,"x":10.54,"y":-2.63},{"time":2.7667,"x":11.19,"y":-2.63},{"time":2.8,"x":9.51,"y":-2.89},{"time":2.8333,"x":8.99,"y":-2.24},{"time":2.8667,"x":9.64,"y":-3.53}]},"nan_datui":{"rotate":[{"angle":-1.37}]},"nan_xiaotui":{"rotate":[{"angle":2.45}]},"nan_st2":{"rotate":[{},{"time":0.0667,"angle":47.08},{"time":0.3333,"curve":"stepped"},{"time":0.3667},{"time":0.4333,"angle":47.08}]},"nan_st3":{"rotate":[{},{"time":0.0667,"angle":-39.91},{"time":0.3333,"curve":"stepped"},{"time":0.3667},{"time":0.4333,"angle":-39.91}]},"nan_dashoubi":{"rotate":[{"angle":-7.53}]},"nan_xiaoshoubi":{"rotate":[{"angle":10.63}]},"nv_st":{"translate":[{"time":0.0667},{"time":0.1,"x":5.95,"y":0.22},{"time":0.3333,"curve":"stepped"},{"time":0.4333},{"time":0.4667,"x":0.36},{"time":0.5,"x":0.36,"y":0.48},{"time":0.5333,"x":-0.36,"y":-0.24},{"time":0.5667,"x":0.24,"y":-0.36},{"time":0.6},{"time":0.6333,"x":0.36},{"time":0.6667,"x":0.36,"y":0.48},{"time":0.7,"x":-0.36,"y":-0.24},{"time":0.7333,"x":0.24,"y":-0.36},{"time":0.7667},{"time":0.8,"x":0.36},{"time":0.8333,"x":0.36,"y":0.48},{"time":0.8667,"x":-0.36,"y":-0.24},{"time":0.9,"x":0.24,"y":-0.36},{"time":0.9333},{"time":0.9667,"x":0.36},{"time":1,"x":0.36,"y":0.48},{"time":1.0333,"x":-0.36,"y":-0.24},{"time":1.0667,"x":0.24,"y":-0.36},{"time":1.1},{"time":1.1333,"x":0.36},{"time":1.1667,"x":0.36,"y":0.48},{"time":1.2,"x":-0.36,"y":-0.24},{"time":1.2333,"x":0.24,"y":-0.36},{"time":1.2667},{"time":1.3,"x":0.36},{"time":1.3333,"x":0.36,"y":0.48},{"time":1.3667,"x":-0.36,"y":-0.24},{"time":1.4,"x":0.24,"y":-0.36},{"time":1.4333},{"time":1.4667,"x":0.36},{"time":1.5,"x":0.36,"y":0.48},{"time":1.5333,"x":-0.36,"y":-0.24},{"time":1.5667,"x":0.24,"y":-0.36},{"time":1.6},{"time":1.6333,"x":0.36},{"time":1.6667,"x":0.36,"y":0.48},{"time":1.7,"x":-0.36,"y":-0.24},{"time":1.7333,"x":0.24,"y":-0.36},{"time":1.7667},{"time":1.8,"x":0.36},{"time":1.8333,"x":0.36,"y":0.48},{"time":1.8667,"x":-0.36,"y":-0.24},{"time":1.9,"x":0.24,"y":-0.36},{"time":1.9333},{"time":1.9667,"x":0.36},{"time":2,"x":0.36,"y":0.48},{"time":2.0333,"x":-0.36,"y":-0.24},{"time":2.0667,"x":0.24,"y":-0.36},{"time":2.1},{"time":2.1333,"x":0.36},{"time":2.1667,"x":0.36,"y":0.48},{"time":2.2,"x":-0.36,"y":-0.24},{"time":2.2333,"x":0.24,"y":-0.36},{"time":2.2667},{"time":2.3,"x":0.36},{"time":2.3333,"x":0.36,"y":0.48},{"time":2.3667,"x":-0.36,"y":-0.24},{"time":2.4,"x":0.24,"y":-0.36},{"time":2.4333},{"time":2.4667,"x":0.36},{"time":2.5,"x":0.36,"y":0.48},{"time":2.5333,"x":-0.36,"y":-0.24},{"time":2.5667,"x":0.24,"y":-0.36},{"time":2.6},{"time":2.6333,"x":0.36},{"time":2.6667,"x":0.36,"y":0.48},{"time":2.7,"x":-0.36,"y":-0.24},{"time":2.7333,"x":0.24,"y":-0.36},{"time":2.7667},{"time":2.8,"x":0.36},{"time":2.8333,"x":0.36,"y":0.48},{"time":2.8667,"x":-0.36,"y":-0.24},{"time":2.9,"x":0.24,"y":-0.36}],"scale":[{"time":0.0667},{"time":0.1,"x":0.95},{"time":0.3333}]},"nv_st3":{"rotate":[{"time":0.0667},{"time":0.1,"angle":6.04},{"time":0.3333}]},"nv_tou":{"scale":[{"time":0.0667},{"time":0.1,"x":1.05},{"time":0.3333}]},"nv_datui":{"translate":[{"time":0.3667},{"time":0.4667,"x":-0.69,"y":-0.35},{"time":0.5,"x":-1.38},{"time":0.5333,"x":-1.04},{"time":0.5667,"x":-1.04,"y":-0.86},{"time":0.6,"x":-2.08,"y":-1.21},{"time":0.6333,"x":-0.35,"y":-0.35},{"time":0.6667,"x":-0.69,"y":-0.35},{"time":0.7,"x":-1.38},{"time":0.7333,"x":-1.04},{"time":0.7667,"x":-1.04,"y":-0.86},{"time":0.8,"x":-2.08,"y":-1.21},{"time":0.8333,"x":-0.35,"y":-0.35},{"time":0.8667,"x":-0.69,"y":-0.35},{"time":0.9,"x":-1.38},{"time":0.9333,"x":-1.04},{"time":0.9667,"x":-1.04,"y":-0.86},{"time":1,"x":-2.08,"y":-1.21},{"time":1.0333,"x":-0.35,"y":-0.35},{"time":1.0667,"x":-0.69,"y":-0.35},{"time":1.1,"x":-1.38},{"time":1.1333,"x":-1.04},{"time":1.1667,"x":-1.04,"y":-0.86},{"time":1.2,"x":-2.08,"y":-1.21},{"time":1.2333,"x":-0.35,"y":-0.35},{"time":1.3,"x":-0.69,"y":-0.35},{"time":1.3333,"x":-1.38},{"time":1.3667,"x":-1.04},{"time":1.4,"x":-1.04,"y":-0.86},{"time":1.4333,"x":-2.08,"y":-1.21},{"time":1.4667,"x":-0.35,"y":-0.35},{"time":1.5,"x":-0.69,"y":-0.35},{"time":1.5333,"x":-1.38},{"time":1.5667,"x":-1.04},{"time":1.6,"x":-1.04,"y":-0.86},{"time":1.6333,"x":-2.08,"y":-1.21},{"time":1.6667,"x":-0.35,"y":-0.35},{"time":1.7,"x":-0.69,"y":-0.35},{"time":1.7333,"x":-1.38},{"time":1.7667,"x":-1.04},{"time":1.8,"x":-1.04,"y":-0.86},{"time":1.8333,"x":-2.08,"y":-1.21},{"time":1.8667,"x":-0.35,"y":-0.35},{"time":1.9,"x":-0.69,"y":-0.35},{"time":1.9333,"x":-1.38},{"time":1.9667,"x":-1.04},{"time":2,"x":-1.04,"y":-0.86},{"time":2.0333,"x":-2.08,"y":-1.21},{"time":2.0667,"x":-0.35,"y":-0.35},{"time":2.1333,"x":-0.69,"y":-0.35},{"time":2.1667,"x":-1.38},{"time":2.2,"x":-1.04},{"time":2.2333,"x":-1.04,"y":-0.86},{"time":2.2667,"x":-2.08,"y":-1.21},{"time":2.3,"x":-0.35,"y":-0.35},{"time":2.3333,"x":-0.69,"y":-0.35},{"time":2.3667,"x":-1.38},{"time":2.4,"x":-1.04},{"time":2.4333,"x":-1.04,"y":-0.86},{"time":2.4667,"x":-2.08,"y":-1.21},{"time":2.5,"x":-0.35,"y":-0.35},{"time":2.5333,"x":-0.69,"y":-0.35},{"time":2.5667,"x":-1.38},{"time":2.6,"x":-1.04},{"time":2.6333,"x":-1.04,"y":-0.86},{"time":2.6667,"x":-2.08,"y":-1.21},{"time":2.7,"x":-0.35,"y":-0.35},{"time":2.7333,"x":-0.69,"y":-0.35},{"time":2.7667,"x":-1.38},{"time":2.8,"x":-1.04},{"time":2.8333,"x":-1.04,"y":-0.86},{"time":2.8667,"x":-2.08,"y":-1.21},{"time":2.9,"x":-0.35,"y":-0.35}]},"nv_shoubi":{"rotate":[{"angle":-1.07}]},"nv_shou":{"rotate":[{"angle":0.25}]},"nv_datui2":{"rotate":[{"angle":-2.8}]},"nv_datui3":{"rotate":[{"angle":5.41}]},"nan_jiao2":{"rotate":[{"angle":0.04}]},"nan_jiao3":{"rotate":[{"angle":-0.23}]},"nv_tou8":{"rotate":[{"time":0.0667},{"time":0.1,"angle":-29.07},{"time":0.1667,"angle":-5.12},{"time":0.3333,"curve":"stepped"},{"time":0.4333},{"time":0.6,"angle":-28.47},{"time":0.9,"angle":-2.88},{"time":1.2,"curve":"stepped"},{"time":1.2667},{"time":1.4333,"angle":-28.47},{"time":1.7333,"angle":-2.88},{"time":2.0333,"curve":"stepped"},{"time":2.1},{"time":2.2667,"angle":-28.47},{"time":2.5667,"angle":-2.88},{"time":2.8667}]},"nv_tou9":{"rotate":[{"time":0.0667},{"time":0.1,"angle":-27},{"time":0.2,"angle":-1.85},{"time":0.3333,"curve":"stepped"},{"time":0.4333},{"time":0.7333,"angle":0.12},{"time":1,"angle":-1.49},{"time":1.2,"curve":"stepped"},{"time":1.2667},{"time":1.5667,"angle":0.12},{"time":1.8333,"angle":-1.49},{"time":2.0333,"curve":"stepped"},{"time":2.1},{"time":2.4,"angle":0.12},{"time":2.6667,"angle":-1.49},{"time":2.8667}]},"nv_naizi4":{"rotate":[{"angle":-9.8,"curve":"stepped"},{"time":0.0667,"angle":-9.8},{"time":0.1333,"angle":-9.72},{"time":0.1667,"angle":-30.92},{"time":0.2667,"angle":-44.36},{"time":0.3333},{"time":0.3667,"angle":-9.8}],"translate":[{"time":0.0667},{"time":0.1333,"x":-0.26,"y":-1.98},{"time":0.1667}],"scale":[{"time":0.0667},{"time":0.1333,"x":0.812},{"time":0.1667,"x":0.81},{"time":0.3333}]},"nv_naizi5":{"rotate":[{},{"time":0.0667,"angle":10.95},{"time":0.1333,"angle":15.28},{"time":0.2,"angle":3.17},{"time":0.2667,"angle":14.38},{"time":0.3,"angle":12.76},{"time":0.3333,"angle":-15.71},{"time":0.3667},{"time":0.4333,"angle":10.95}],"translate":[{},{"time":0.0667,"x":0.06,"y":-1.13},{"time":0.1,"x":1.76,"y":3.33},{"time":0.2,"x":2.45,"y":-3.1},{"time":0.2333,"x":0.41,"y":-9.95},{"time":0.2667,"x":2.19,"y":2.42},{"time":0.3,"x":-0.14,"y":1.82},{"time":0.3333,"x":-0.36,"y":-3.99},{"time":0.3667},{"time":0.4333,"x":0.06,"y":-1.13},{"time":0.4667,"x":-0.45,"y":0.35},{"time":0.5,"x":0.13,"y":0.24},{"time":0.5333,"x":0.02,"y":-0.33},{"time":0.5667,"x":0.06,"y":-1.13},{"time":0.6,"x":-0.45,"y":0.35},{"time":0.6333,"x":0.13,"y":0.24},{"time":0.6667,"x":0.02,"y":-0.33},{"time":0.7,"x":0.06,"y":-1.13},{"time":0.7333,"x":-0.45,"y":0.35},{"time":0.7667,"x":0.13,"y":0.24},{"time":0.8,"x":0.02,"y":-0.33},{"time":0.8333,"x":0.06,"y":-1.13},{"time":0.8667,"x":-0.45,"y":0.35},{"time":0.9,"x":0.13,"y":0.24},{"time":0.9333,"x":0.02,"y":-0.33},{"time":0.9667,"x":0.06,"y":-1.13},{"time":1,"x":-0.45,"y":0.35},{"time":1.0333,"x":0.13,"y":0.24},{"time":1.0667,"x":0.02,"y":-0.33},{"time":1.1,"x":0.06,"y":-1.13},{"time":1.1333,"x":-0.45,"y":0.35},{"time":1.1667,"x":0.13,"y":0.24},{"time":1.2,"x":0.02,"y":-0.33},{"time":1.2667,"x":0.06,"y":-1.13},{"time":1.3,"x":-0.45,"y":0.35},{"time":1.3333,"x":0.13,"y":0.24},{"time":1.3667,"x":0.02,"y":-0.33},{"time":1.4,"x":0.06,"y":-1.13},{"time":1.4333,"x":-0.45,"y":0.35},{"time":1.4667,"x":0.13,"y":0.24},{"time":1.5,"x":0.02,"y":-0.33},{"time":1.5333,"x":0.06,"y":-1.13},{"time":1.5667,"x":-0.45,"y":0.35},{"time":1.6,"x":0.13,"y":0.24},{"time":1.6333,"x":0.02,"y":-0.33},{"time":1.6667,"x":0.06,"y":-1.13},{"time":1.7,"x":-0.45,"y":0.35},{"time":1.7333,"x":0.13,"y":0.24},{"time":1.7667,"x":0.02,"y":-0.33},{"time":1.8,"x":0.06,"y":-1.13},{"time":1.8333,"x":-0.45,"y":0.35},{"time":1.8667,"x":0.13,"y":0.24},{"time":1.9,"x":0.02,"y":-0.33},{"time":1.9333,"x":0.06,"y":-1.13},{"time":1.9667,"x":-0.45,"y":0.35},{"time":2,"x":0.13,"y":0.24},{"time":2.0333,"x":0.02,"y":-0.33},{"time":2.1,"x":0.06,"y":-1.13},{"time":2.1333,"x":-0.45,"y":0.35},{"time":2.1667,"x":0.13,"y":0.24},{"time":2.2,"x":0.02,"y":-0.33},{"time":2.2333,"x":0.06,"y":-1.13},{"time":2.2667,"x":-0.45,"y":0.35},{"time":2.3,"x":0.13,"y":0.24},{"time":2.3333,"x":0.02,"y":-0.33},{"time":2.3667,"x":0.06,"y":-1.13},{"time":2.4,"x":-0.45,"y":0.35},{"time":2.4333,"x":0.13,"y":0.24},{"time":2.4667,"x":0.02,"y":-0.33},{"time":2.5,"x":0.06,"y":-1.13},{"time":2.5333,"x":-0.45,"y":0.35},{"time":2.5667,"x":0.13,"y":0.24},{"time":2.6,"x":0.02,"y":-0.33},{"time":2.6333,"x":0.06,"y":-1.13},{"time":2.6667,"x":-0.45,"y":0.35},{"time":2.7,"x":0.13,"y":0.24},{"time":2.7333,"x":0.02,"y":-0.33},{"time":2.7667,"x":0.06,"y":-1.13},{"time":2.8,"x":-0.45,"y":0.35},{"time":2.8333,"x":0.13,"y":0.24},{"time":2.8667,"x":0.02,"y":-0.33}],"scale":[{"time":0.0667},{"time":0.1,"x":1.184},{"time":0.2,"x":1.332,"y":1.231},{"time":0.2667}]},"target3":{"translate":[{"time":0.0667},{"time":0.1,"x":6.03},{"time":0.2667}]},"nv_ns2":{"rotate":[{"angle":0.61}]},"nv_ns3":{"rotate":[{"angle":0.14}]}},"deform":{"default":{"nv_naizi":{"nv_naizi":[{},{"time":0.0667,"vertices":[-0.09363,0.13813,0.14133,0.08874,0.14133,0.08874,0.14133,0.08874,-0.09363,0.13813,0.14133,0.08874,-0.0751,0.14902,-0.09363,0.13813,0.14133,0.08874,-0.0751,0.14902,-0.09363,0.13813,0.14133,0.08874,-0.0751,0.14902,-0.09363,0.13813,0.14133,0.08874,-0.0751,0.14902,-0.0751,0.14902,-0.16228,-0.03885,-0.0751,0.14902,-0.16228,-0.03885,-0.09363,0.13813,-0.0751,0.14902,-0.16228,-0.03885,-0.09363,0.13813,-0.0751,0.14902,-0.16228,-0.03885,-0.09363,0.13813,-0.0751,0.14902,-0.16228,-0.03885,-0.16228,-0.03885,-0.16228,-0.03885,-0.16228,-0.03885,-0.09363,0.13813,0.14133,0.08874,-0.16228,-0.03885,-0.09363,0.13813,-0.0751,0.14902,-0.16228,-0.03885,-0.09363,0.13813,-0.0751,0.14902,-0.16228,-0.03885,-0.09363,0.13813,-0.0751,0.14902,-0.16228,-0.03885,-0.0751,0.14902,-0.09363,0.13813,0.14133,0.08874,-0.0751,0.14902,-0.09363,0.13813,0.14133,0.08874,-0.0751,0.14902,-0.09363,0.13813,0.14133,0.08874,-0.0751,0.14902,-0.09363,0.13813,0.14133,0.08874,-0.0751,0.14902,-0.09363,0.13813,0.14133,0.08874,-0.09363,0.13813,0.14133,0.08874,-0.0751,0.14902,-0.16228,-0.03885,-0.0751,0.14902,-0.16228,-0.03885,-0.16228,-0.03885,-0.09363,0.13813,0.14133,0.08874,-0.09363,0.13813,0.14133,0.08874,-0.0751,0.14902]},{"time":0.1},{"time":0.2,"offset":14,"vertices":[-2.08624,-1.06923,-0.31911,1.97476,-1.90427,-1.08322,-1.45027,-1.83287,-1.25019,1.75814,-1.30757,-1.84485,-1.65349,-1.07491,-0.49265,1.64595,-1.50679,-1.09293,-0.34953,-0.04189,0,0,0,-0.00001,0,0,-0.00001,0,0,-0.00001,-1.83981,-2.07703,-3.34837,-0.14325,-2.51305,-0.13475,1.51974,-4.19189,-2.7094,-4.01296,-1.64632,-3.60354,0.74238,-0.77903,0.67365,-1.9102,0,0,2.24375,0.31107,2.16748,-1.38323,-2.02628,-1.01249,5.702,-1.64195,2.79053,-5.4654,2.67093,-5.4143,3.83572,-2.26667,0.78586,-4.40768,0.80135,-4.38973,2.20087,-0.05908,1.61697,-1.7482,1.52381,-1.71897,0,0,0,-0.00001,-0.00001,0,0,-0.00001,0,-0.00001,-2.54667,-0.13583,0.62966,2.00334,-2.34594,-0.17291,-1.31441,-1.08133,-0.58397,1.39222,-1.19444,-1.09096,-0.00001,0,0,-0.00001,0,-0.00001,-0.00001,0,0,-0.00001,-0.00001,0,0,-0.00001,0,-0.00001,0,0,0,-0.00001,4.14825,-2.03152]},{"time":0.2333,"offset":14,"vertices":[-4.84832,-0.4991,1.73584,3.74586,-4.46396,-0.68197,-0.78652,-1.87994,-1.3948,1.46105,-0.66749,-1.83499,-0.82674,-0.53745,-0.24632,0.82298,-0.7534,-0.54646,-0.53282,-0.02598,-0.1368,-0.19715,-0.23868,-0.00336,-0.114,-0.16429,-0.23186,0.0049,-0.1989,-0.0028,-0.68985,-1.12605,-1.58508,-0.22222,-1.23455,-0.21576,0.99228,-4.66873,-3.03314,-4.2821,-2.34581,-4.03962,-0.07386,-0.26802,0.05187,-0.75136,0,0,1.91878,0.31119,1.92293,-1.0085,-1.71826,-0.90867,2.851,-0.82098,1.39526,-2.7327,1.33546,-2.70715,2.2609,-1.24986,0.41819,-2.56284,0.43242,-2.51577,1.16463,0.99692,1.63355,-0.13085,1.44674,-0.16823,0,0,0,0,0,0,0,0,0,0,-1.27333,-0.06791,0.31483,1.00167,-1.17297,-0.08645,-0.65516,-1.48587,-1.07754,1.22162,-0.55329,-1.43788,0,0,0,0,0,0,0,0,0,0,1.70031,3.78827,2.48131,-3.21316,1.3418,3.44546,0,0,0,0,2.37232,-2.84106]},{"time":0.2667,"curve":"stepped"},{"time":0.3667},{"time":0.4333,"vertices":[-0.09363,0.13813,0.14133,0.08874,0.14133,0.08874,0.14133,0.08874,-0.09363,0.13813,0.14133,0.08874,-0.0751,0.14902,-0.09363,0.13813,0.14133,0.08874,-0.0751,0.14902,-0.09363,0.13813,0.14133,0.08874,-0.0751,0.14902,-0.09363,0.13813,0.14133,0.08874,-0.0751,0.14902,-0.0751,0.14902,-0.16228,-0.03885,-0.0751,0.14902,-0.16228,-0.03885,-0.09363,0.13813,-0.0751,0.14902,-0.16228,-0.03885,-0.09363,0.13813,-0.0751,0.14902,-0.16228,-0.03885,-0.09363,0.13813,-0.0751,0.14902,-0.16228,-0.03885,-0.16228,-0.03885,-0.16228,-0.03885,-0.16228,-0.03885,-0.09363,0.13813,0.14133,0.08874,-0.16228,-0.03885,-0.09363,0.13813,-0.0751,0.14902,-0.16228,-0.03885,-0.09363,0.13813,-0.0751,0.14902,-0.16228,-0.03885,-0.09363,0.13813,-0.0751,0.14902,-0.16228,-0.03885,-0.0751,0.14902,-0.09363,0.13813,0.14133,0.08874,-0.0751,0.14902,-0.09363,0.13813,0.14133,0.08874,-0.0751,0.14902,-0.09363,0.13813,0.14133,0.08874,-0.0751,0.14902,-0.09363,0.13813,0.14133,0.08874,-0.0751,0.14902,-0.09363,0.13813,0.14133,0.08874,-0.09363,0.13813,0.14133,0.08874,-0.0751,0.14902,-0.16228,-0.03885,-0.0751,0.14902,-0.16228,-0.03885,-0.16228,-0.03885,-0.09363,0.13813,0.14133,0.08874,-0.09363,0.13813,0.14133,0.08874,-0.0751,0.14902]}]},"nv_tui":{"nv_tui":[{"time":0.0667},{"time":0.1,"offset":74,"vertices":[0.2611,3.27761,0.2611,3.27761,0.2611,3.27761,0.2611,3.27761,0.15548,1.95181,-3.10325,1.31666,-3.10325,1.31666]},{"time":0.1333,"offset":74,"vertices":[0.05222,0.65552,0.05222,0.65552,0.05222,0.65552,0.05222,0.65552,0.0311,0.39036,-1.68808,3.58461,-1.68808,3.58461]},{"time":0.1667}]}}},"events":[{"time":0.0667,"name":"plug_into"},{"time":0.4333,"name":"plug_into"},{"time":0.7333,"name":"shoot_sperm"},{"time":1.5667,"name":"shoot_sperm"},{"time":2.4,"name":"shoot_sperm"}]},"shejing":{"slots":{"ps":{"attachment":[{"time":3.3,"name":"s1"},{"time":3.3667,"name":"s2"},{"time":3.4333,"name":"s3"},{"time":3.5,"name":"s4"},{"time":3.5667,"name":null},{"time":4.1333,"name":"s1"},{"time":4.2,"name":"s2"},{"time":4.2667,"name":"s3"},{"time":4.3333,"name":"s4"},{"time":4.4,"name":null},{"time":4.9667,"name":"s1"},{"time":5.0333,"name":"s2"},{"time":5.1,"name":"s3"},{"time":5.1667,"name":"s4"},{"time":5.2333,"name":null}]}},"bones":{"nan_st":{"translate":[{"x":-5.88},{"time":0.0667,"x":12.86,"y":-1.21},{"time":0.3667,"x":-5.88,"curve":"stepped"},{"time":0.4333,"x":-5.88},{"time":0.5,"x":12.86,"y":-1.21},{"time":0.8,"x":-5.88,"curve":"stepped"},{"time":0.8667,"x":-5.88},{"time":0.9333,"x":12.86,"y":-1.21},{"time":1.2333,"x":-5.88,"curve":"stepped"},{"time":1.3,"x":-5.88},{"time":1.3667,"x":12.86,"y":-1.21},{"time":1.6667,"x":-5.88,"curve":"stepped"},{"time":1.7333,"x":-5.88},{"time":1.8,"x":12.86,"y":-1.21},{"time":2.1,"x":-5.88,"curve":"stepped"},{"time":2.1667,"x":-5.88},{"time":2.2333,"x":12.86,"y":-1.21},{"time":2.5,"x":-5.88,"curve":"stepped"},{"time":2.5333,"x":-5.88},{"time":2.6,"x":12.86,"y":-1.21},{"time":2.8667,"x":-5.88,"curve":"stepped"},{"time":2.9,"x":-5.88},{"time":2.9667,"x":12.86,"y":-1.21},{"time":3,"x":12.09,"y":-1.6},{"time":3.0333,"x":11.96,"y":-0.95},{"time":3.0667,"x":10.54,"y":-2.63},{"time":3.1,"x":11.19,"y":-2.63},{"time":3.1333,"x":9.51,"y":-2.89},{"time":3.1667,"x":8.99,"y":-2.24},{"time":3.2,"x":9.64,"y":-3.53},{"time":3.2333,"x":12.86,"y":-1.21},{"time":3.2667,"x":12.09,"y":-1.6},{"time":3.3,"x":11.96,"y":-0.95},{"time":3.3333,"x":10.54,"y":-2.63},{"time":3.3667,"x":11.19,"y":-2.63},{"time":3.4,"x":9.51,"y":-2.89},{"time":3.4333,"x":8.99,"y":-2.24},{"time":3.4667,"x":9.64,"y":-3.53},{"time":3.5,"x":12.86,"y":-1.21},{"time":3.5333,"x":12.09,"y":-1.6},{"time":3.5667,"x":11.96,"y":-0.95},{"time":3.6,"x":10.54,"y":-2.63},{"time":3.6333,"x":11.19,"y":-2.63},{"time":3.6667,"x":9.51,"y":-2.89},{"time":3.7,"x":8.99,"y":-2.24},{"time":3.7333,"x":9.64,"y":-3.53},{"time":3.8,"x":12.86,"y":-1.21},{"time":3.8333,"x":12.09,"y":-1.6},{"time":3.8667,"x":11.96,"y":-0.95},{"time":3.9,"x":10.54,"y":-2.63},{"time":3.9333,"x":11.19,"y":-2.63},{"time":3.9667,"x":9.51,"y":-2.89},{"time":4,"x":8.99,"y":-2.24},{"time":4.0333,"x":9.64,"y":-3.53},{"time":4.0667,"x":12.86,"y":-1.21},{"time":4.1,"x":12.09,"y":-1.6},{"time":4.1333,"x":11.96,"y":-0.95},{"time":4.1667,"x":10.54,"y":-2.63},{"time":4.2,"x":11.19,"y":-2.63},{"time":4.2333,"x":9.51,"y":-2.89},{"time":4.2667,"x":8.99,"y":-2.24},{"time":4.3,"x":9.64,"y":-3.53},{"time":4.3333,"x":12.86,"y":-1.21},{"time":4.3667,"x":12.09,"y":-1.6},{"time":4.4,"x":11.96,"y":-0.95},{"time":4.4333,"x":10.54,"y":-2.63},{"time":4.4667,"x":11.19,"y":-2.63},{"time":4.5,"x":9.51,"y":-2.89},{"time":4.5333,"x":8.99,"y":-2.24},{"time":4.5667,"x":9.64,"y":-3.53},{"time":4.6333,"x":12.86,"y":-1.21},{"time":4.6667,"x":12.09,"y":-1.6},{"time":4.7,"x":11.96,"y":-0.95},{"time":4.7333,"x":10.54,"y":-2.63},{"time":4.7667,"x":11.19,"y":-2.63},{"time":4.8,"x":9.51,"y":-2.89},{"time":4.8333,"x":8.99,"y":-2.24},{"time":4.8667,"x":9.64,"y":-3.53},{"time":4.9,"x":12.86,"y":-1.21},{"time":4.9333,"x":12.09,"y":-1.6},{"time":4.9667,"x":11.96,"y":-0.95},{"time":5,"x":10.54,"y":-2.63},{"time":5.0333,"x":11.19,"y":-2.63},{"time":5.0667,"x":9.51,"y":-2.89},{"time":5.1,"x":8.99,"y":-2.24},{"time":5.1333,"x":9.64,"y":-3.53},{"time":5.1667,"x":12.86,"y":-1.21},{"time":5.2,"x":12.09,"y":-1.6},{"time":5.2333,"x":11.96,"y":-0.95},{"time":5.2667,"x":10.54,"y":-2.63},{"time":5.3,"x":11.19,"y":-2.63},{"time":5.3333,"x":9.51,"y":-2.89},{"time":5.3667,"x":8.99,"y":-2.24},{"time":5.4,"x":9.64,"y":-3.53}]},"nan_datui":{"rotate":[{"angle":-1.37}]},"nan_xiaotui":{"rotate":[{"angle":2.45}]},"nan_st2":{"rotate":[{},{"time":0.0667,"angle":47.08},{"time":0.3667,"curve":"stepped"},{"time":0.4333},{"time":0.5,"angle":47.08},{"time":0.8,"curve":"stepped"},{"time":0.8667},{"time":0.9333,"angle":47.08},{"time":1.2333,"curve":"stepped"},{"time":1.3},{"time":1.3667,"angle":47.08},{"time":1.6667,"curve":"stepped"},{"time":1.7333},{"time":1.8,"angle":47.08},{"time":2.1,"curve":"stepped"},{"time":2.1667},{"time":2.2333,"angle":47.08},{"time":2.5,"curve":"stepped"},{"time":2.5333},{"time":2.6,"angle":47.08},{"time":2.8667,"curve":"stepped"},{"time":2.9},{"time":2.9667,"angle":47.08}]},"nan_st3":{"rotate":[{},{"time":0.0667,"angle":-39.91},{"time":0.3667,"curve":"stepped"},{"time":0.4333},{"time":0.5,"angle":-39.91},{"time":0.8,"curve":"stepped"},{"time":0.8667},{"time":0.9333,"angle":-39.91},{"time":1.2333,"curve":"stepped"},{"time":1.3},{"time":1.3667,"angle":-39.91},{"time":1.6667,"curve":"stepped"},{"time":1.7333},{"time":1.8,"angle":-39.91},{"time":2.1,"curve":"stepped"},{"time":2.1667},{"time":2.2333,"angle":-39.91},{"time":2.5,"curve":"stepped"},{"time":2.5333},{"time":2.6,"angle":-39.91},{"time":2.8667,"curve":"stepped"},{"time":2.9},{"time":2.9667,"angle":-39.91}]},"nan_dashoubi":{"rotate":[{"angle":-7.53}]},"nan_xiaoshoubi":{"rotate":[{"angle":10.63}]},"nv_st":{"translate":[{"time":0.0667},{"time":0.1333,"x":5.95,"y":0.22},{"time":0.3667,"curve":"stepped"},{"time":0.5},{"time":0.5667,"x":5.95,"y":0.22},{"time":0.8,"curve":"stepped"},{"time":0.9333},{"time":1,"x":5.95,"y":0.22},{"time":1.2333,"curve":"stepped"},{"time":1.3667},{"time":1.4333,"x":5.95,"y":0.22},{"time":1.6667,"curve":"stepped"},{"time":1.8},{"time":1.8667,"x":5.95,"y":0.22},{"time":2.1,"curve":"stepped"},{"time":2.2333},{"time":2.2667,"x":5.95,"y":0.22},{"time":2.5,"curve":"stepped"},{"time":2.6},{"time":2.6333,"x":5.95,"y":0.22},{"time":2.8667,"curve":"stepped"},{"time":2.9667},{"time":3,"x":0.36},{"time":3.0333,"x":0.36,"y":0.48},{"time":3.0667,"x":-0.36,"y":-0.24},{"time":3.1,"x":0.24,"y":-0.36},{"time":3.1333},{"time":3.1667,"x":0.36},{"time":3.2,"x":0.36,"y":0.48},{"time":3.2333,"x":-0.36,"y":-0.24},{"time":3.2667,"x":0.24,"y":-0.36},{"time":3.3},{"time":3.3333,"x":0.36},{"time":3.3667,"x":0.36,"y":0.48},{"time":3.4,"x":-0.36,"y":-0.24},{"time":3.4333,"x":0.24,"y":-0.36},{"time":3.4667},{"time":3.5,"x":0.36},{"time":3.5333,"x":0.36,"y":0.48},{"time":3.5667,"x":-0.36,"y":-0.24},{"time":3.6,"x":0.24,"y":-0.36},{"time":3.6333},{"time":3.6667,"x":0.36},{"time":3.7,"x":0.36,"y":0.48},{"time":3.7333,"x":-0.36,"y":-0.24},{"time":3.7667,"x":0.24,"y":-0.36},{"time":3.8},{"time":3.8333,"x":0.36},{"time":3.8667,"x":0.36,"y":0.48},{"time":3.9,"x":-0.36,"y":-0.24},{"time":3.9333,"x":0.24,"y":-0.36},{"time":3.9667},{"time":4,"x":0.36},{"time":4.0333,"x":0.36,"y":0.48},{"time":4.0667,"x":-0.36,"y":-0.24},{"time":4.1,"x":0.24,"y":-0.36},{"time":4.1333},{"time":4.1667,"x":0.36},{"time":4.2,"x":0.36,"y":0.48},{"time":4.2333,"x":-0.36,"y":-0.24},{"time":4.2667,"x":0.24,"y":-0.36},{"time":4.3},{"time":4.3333,"x":0.36},{"time":4.3667,"x":0.36,"y":0.48},{"time":4.4,"x":-0.36,"y":-0.24},{"time":4.4333,"x":0.24,"y":-0.36},{"time":4.4667},{"time":4.5,"x":0.36},{"time":4.5333,"x":0.36,"y":0.48},{"time":4.5667,"x":-0.36,"y":-0.24},{"time":4.6,"x":0.24,"y":-0.36},{"time":4.6333},{"time":4.6667,"x":0.36},{"time":4.7,"x":0.36,"y":0.48},{"time":4.7333,"x":-0.36,"y":-0.24},{"time":4.7667,"x":0.24,"y":-0.36},{"time":4.8},{"time":4.8333,"x":0.36},{"time":4.8667,"x":0.36,"y":0.48},{"time":4.9,"x":-0.36,"y":-0.24},{"time":4.9333,"x":0.24,"y":-0.36},{"time":4.9667},{"time":5,"x":0.36},{"time":5.0333,"x":0.36,"y":0.48},{"time":5.0667,"x":-0.36,"y":-0.24},{"time":5.1,"x":0.24,"y":-0.36},{"time":5.1333},{"time":5.1667,"x":0.36},{"time":5.2,"x":0.36,"y":0.48},{"time":5.2333,"x":-0.36,"y":-0.24},{"time":5.2667,"x":0.24,"y":-0.36},{"time":5.3},{"time":5.3333,"x":0.36},{"time":5.3667,"x":0.36,"y":0.48},{"time":5.4,"x":-0.36,"y":-0.24},{"time":5.4333,"x":0.24,"y":-0.36}],"scale":[{"time":0.0667},{"time":0.1333,"x":0.95},{"time":0.3667,"curve":"stepped"},{"time":0.5},{"time":0.5667,"x":0.95},{"time":0.8,"curve":"stepped"},{"time":0.9333},{"time":1,"x":0.95},{"time":1.2333,"curve":"stepped"},{"time":1.3667},{"time":1.4333,"x":0.95},{"time":1.6667,"curve":"stepped"},{"time":1.8},{"time":1.8667,"x":0.95},{"time":2.1,"curve":"stepped"},{"time":2.2333},{"time":2.2667,"x":0.95},{"time":2.5,"curve":"stepped"},{"time":2.6},{"time":2.6333,"x":0.95},{"time":2.8667}]},"nv_st3":{"rotate":[{"time":0.0667},{"time":0.1333,"angle":6.04},{"time":0.3667,"curve":"stepped"},{"time":0.5},{"time":0.5667,"angle":6.04},{"time":0.8,"curve":"stepped"},{"time":0.9333},{"time":1,"angle":6.04},{"time":1.2333,"curve":"stepped"},{"time":1.3667},{"time":1.4333,"angle":6.04},{"time":1.6667,"curve":"stepped"},{"time":1.8},{"time":1.8667,"angle":6.04},{"time":2.1,"curve":"stepped"},{"time":2.2333},{"time":2.2667,"angle":6.04},{"time":2.5,"curve":"stepped"},{"time":2.6},{"time":2.6333,"angle":6.04},{"time":2.8667}]},"nv_tou":{"scale":[{"time":0.0667},{"time":0.1333,"x":1.05},{"time":0.3667,"curve":"stepped"},{"time":0.5},{"time":0.5667,"x":1.05},{"time":0.8,"curve":"stepped"},{"time":0.9333},{"time":1,"x":1.05},{"time":1.2333,"curve":"stepped"},{"time":1.3667},{"time":1.4333,"x":1.05},{"time":1.6667,"curve":"stepped"},{"time":1.8},{"time":1.8667,"x":1.05},{"time":2.1,"curve":"stepped"},{"time":2.2333},{"time":2.2667,"x":1.05},{"time":2.5,"curve":"stepped"},{"time":2.6},{"time":2.6333,"x":1.05},{"time":2.8667}]},"nv_datui":{"translate":[{"time":2.9},{"time":3,"x":-0.69,"y":-0.35},{"time":3.0333,"x":-1.38},{"time":3.0667,"x":-1.04},{"time":3.1,"x":-1.04,"y":-0.86},{"time":3.1333,"x":-2.08,"y":-1.21},{"time":3.1667,"x":-0.35,"y":-0.35},{"time":3.2,"x":-0.69,"y":-0.35},{"time":3.2333,"x":-1.38},{"time":3.2667,"x":-1.04},{"time":3.3,"x":-1.04,"y":-0.86},{"time":3.3333,"x":-2.08,"y":-1.21},{"time":3.3667,"x":-0.35,"y":-0.35},{"time":3.4,"x":-0.69,"y":-0.35},{"time":3.4333,"x":-1.38},{"time":3.4667,"x":-1.04},{"time":3.5,"x":-1.04,"y":-0.86},{"time":3.5333,"x":-2.08,"y":-1.21},{"time":3.5667,"x":-0.35,"y":-0.35},{"time":3.6,"x":-0.69,"y":-0.35},{"time":3.6333,"x":-1.38},{"time":3.6667,"x":-1.04},{"time":3.7,"x":-1.04,"y":-0.86},{"time":3.7333,"x":-2.08,"y":-1.21},{"time":3.7667,"x":-0.35,"y":-0.35},{"time":3.8333,"x":-0.69,"y":-0.35},{"time":3.8667,"x":-1.38},{"time":3.9,"x":-1.04},{"time":3.9333,"x":-1.04,"y":-0.86},{"time":3.9667,"x":-2.08,"y":-1.21},{"time":4,"x":-0.35,"y":-0.35},{"time":4.0333,"x":-0.69,"y":-0.35},{"time":4.0667,"x":-1.38},{"time":4.1,"x":-1.04},{"time":4.1333,"x":-1.04,"y":-0.86},{"time":4.1667,"x":-2.08,"y":-1.21},{"time":4.2,"x":-0.35,"y":-0.35},{"time":4.2333,"x":-0.69,"y":-0.35},{"time":4.2667,"x":-1.38},{"time":4.3,"x":-1.04},{"time":4.3333,"x":-1.04,"y":-0.86},{"time":4.3667,"x":-2.08,"y":-1.21},{"time":4.4,"x":-0.35,"y":-0.35},{"time":4.4333,"x":-0.69,"y":-0.35},{"time":4.4667,"x":-1.38},{"time":4.5,"x":-1.04},{"time":4.5333,"x":-1.04,"y":-0.86},{"time":4.5667,"x":-2.08,"y":-1.21},{"time":4.6,"x":-0.35,"y":-0.35},{"time":4.6667,"x":-0.69,"y":-0.35},{"time":4.7,"x":-1.38},{"time":4.7333,"x":-1.04},{"time":4.7667,"x":-1.04,"y":-0.86},{"time":4.8,"x":-2.08,"y":-1.21},{"time":4.8333,"x":-0.35,"y":-0.35},{"time":4.8667,"x":-0.69,"y":-0.35},{"time":4.9,"x":-1.38},{"time":4.9333,"x":-1.04},{"time":4.9667,"x":-1.04,"y":-0.86},{"time":5,"x":-2.08,"y":-1.21},{"time":5.0333,"x":-0.35,"y":-0.35},{"time":5.0667,"x":-0.69,"y":-0.35},{"time":5.1,"x":-1.38},{"time":5.1333,"x":-1.04},{"time":5.1667,"x":-1.04,"y":-0.86},{"time":5.2,"x":-2.08,"y":-1.21},{"time":5.2333,"x":-0.35,"y":-0.35},{"time":5.2667,"x":-0.69,"y":-0.35},{"time":5.3,"x":-1.38},{"time":5.3333,"x":-1.04},{"time":5.3667,"x":-1.04,"y":-0.86},{"time":5.4,"x":-2.08,"y":-1.21},{"time":5.4333,"x":-0.35,"y":-0.35}]},"nv_shoubi":{"rotate":[{"angle":-1.07}]},"nv_shou":{"rotate":[{"angle":0.25}]},"nv_datui2":{"rotate":[{"angle":-2.8}]},"nv_datui3":{"rotate":[{"angle":5.41}]},"nan_jiao2":{"rotate":[{"angle":0.04}]},"nan_jiao3":{"rotate":[{"angle":-0.23}]},"nv_tou8":{"rotate":[{"time":0.0667},{"time":0.1333,"angle":-29.07},{"time":0.2,"angle":-5.12},{"time":0.3667,"curve":"stepped"},{"time":0.5},{"time":0.5667,"angle":-29.07},{"time":0.6333,"angle":-5.12},{"time":0.8,"curve":"stepped"},{"time":0.9333},{"time":1,"angle":-29.07},{"time":1.0667,"angle":-5.12},{"time":1.2333,"curve":"stepped"},{"time":1.3667},{"time":1.4333,"angle":-29.07},{"time":1.5,"angle":-5.12},{"time":1.6667,"curve":"stepped"},{"time":1.8},{"time":1.8667,"angle":-29.07},{"time":1.9333,"angle":-5.12},{"time":2.1,"curve":"stepped"},{"time":2.2333},{"time":2.2667,"angle":-29.07},{"time":2.3333,"angle":-5.12},{"time":2.5,"curve":"stepped"},{"time":2.6},{"time":2.6333,"angle":-29.07},{"time":2.7,"angle":-5.12},{"time":2.8667,"curve":"stepped"},{"time":2.9667},{"time":3.1333,"angle":-28.47},{"time":3.4333,"angle":-2.88},{"time":3.7333,"curve":"stepped"},{"time":3.8},{"time":3.9667,"angle":-28.47},{"time":4.2667,"angle":-2.88},{"time":4.5667,"curve":"stepped"},{"time":4.6333},{"time":4.8,"angle":-28.47},{"time":5.1,"angle":-2.88},{"time":5.4}]},"nv_tou9":{"rotate":[{"time":0.0667},{"time":0.1333,"angle":-27},{"time":0.2333,"angle":-1.85},{"time":0.3667,"curve":"stepped"},{"time":0.5},{"time":0.5667,"angle":-27},{"time":0.6667,"angle":-1.85},{"time":0.8,"curve":"stepped"},{"time":0.9333},{"time":1,"angle":-27},{"time":1.1,"angle":-1.85},{"time":1.2333,"curve":"stepped"},{"time":1.3667},{"time":1.4333,"angle":-27},{"time":1.5333,"angle":-1.85},{"time":1.6667,"curve":"stepped"},{"time":1.8},{"time":1.8667,"angle":-27},{"time":1.9667,"angle":-1.85},{"time":2.1,"curve":"stepped"},{"time":2.2333},{"time":2.2667,"angle":-27},{"time":2.3667,"angle":-1.85},{"time":2.5,"curve":"stepped"},{"time":2.6},{"time":2.6333,"angle":-27},{"time":2.7333,"angle":-1.85},{"time":2.8667,"curve":"stepped"},{"time":2.9667},{"time":3.2667,"angle":0.12},{"time":3.5333,"angle":-1.49},{"time":3.7333,"curve":"stepped"},{"time":3.8},{"time":4.1,"angle":0.12},{"time":4.3667,"angle":-1.49},{"time":4.5667,"curve":"stepped"},{"time":4.6333},{"time":4.9333,"angle":0.12},{"time":5.2,"angle":-1.49},{"time":5.4}]},"nv_naizi4":{"rotate":[{"angle":-9.8,"curve":"stepped"},{"time":0.0667,"angle":-9.8},{"time":0.1667,"angle":-9.72},{"time":0.2,"angle":-30.92},{"time":0.3,"angle":-44.36},{"time":0.3667,"curve":"stepped"},{"time":0.4},{"time":0.4333,"angle":-9.8,"curve":"stepped"},{"time":0.5,"angle":-9.8},{"time":0.6,"angle":-9.72},{"time":0.6333,"angle":-30.92},{"time":0.7333,"angle":-44.36},{"time":0.8,"curve":"stepped"},{"time":0.8333},{"time":0.8667,"angle":-9.8,"curve":"stepped"},{"time":0.9333,"angle":-9.8},{"time":1.0333,"angle":-9.72},{"time":1.0667,"angle":-30.92},{"time":1.1667,"angle":-44.36},{"time":1.2333,"curve":"stepped"},{"time":1.2667},{"time":1.3,"angle":-9.8,"curve":"stepped"},{"time":1.3667,"angle":-9.8},{"time":1.4667,"angle":-9.72},{"time":1.5,"angle":-30.92},{"time":1.6,"angle":-44.36},{"time":1.6667,"curve":"stepped"},{"time":1.7},{"time":1.7333,"angle":-9.8,"curve":"stepped"},{"time":1.8,"angle":-9.8},{"time":1.9,"angle":-9.72},{"time":1.9333,"angle":-30.92},{"time":2.0333,"angle":-44.36},{"time":2.1,"curve":"stepped"},{"time":2.1333},{"time":2.1667,"angle":-9.8,"curve":"stepped"},{"time":2.2333,"angle":-9.8},{"time":2.3,"angle":-9.72},{"time":2.3333,"angle":-30.92},{"time":2.4333,"angle":-44.36},{"time":2.5},{"time":2.5333,"angle":-9.8,"curve":"stepped"},{"time":2.6,"angle":-9.8},{"time":2.6667,"angle":-9.72},{"time":2.7,"angle":-30.92},{"time":2.8,"angle":-44.36},{"time":2.8667},{"time":2.9,"angle":-9.8}],"translate":[{"time":0.0667},{"time":0.1667,"x":-0.26,"y":-1.98},{"time":0.2,"curve":"stepped"},{"time":0.5},{"time":0.6,"x":-0.26,"y":-1.98},{"time":0.6333,"curve":"stepped"},{"time":0.9333},{"time":1.0333,"x":-0.26,"y":-1.98},{"time":1.0667,"curve":"stepped"},{"time":1.3667},{"time":1.4667,"x":-0.26,"y":-1.98},{"time":1.5,"curve":"stepped"},{"time":1.8},{"time":1.9,"x":-0.26,"y":-1.98},{"time":1.9333,"curve":"stepped"},{"time":2.2333},{"time":2.3,"x":-0.26,"y":-1.98},{"time":2.3333,"curve":"stepped"},{"time":2.6},{"time":2.6667,"x":-0.26,"y":-1.98},{"time":2.7}],"scale":[{"time":0.0667},{"time":0.1667,"x":0.812},{"time":0.2,"x":0.81},{"time":0.3667,"curve":"stepped"},{"time":0.5},{"time":0.6,"x":0.812},{"time":0.6333,"x":0.81},{"time":0.8,"curve":"stepped"},{"time":0.9333},{"time":1.0333,"x":0.812},{"time":1.0667,"x":0.81},{"time":1.2333,"curve":"stepped"},{"time":1.3667},{"time":1.4667,"x":0.812},{"time":1.5,"x":0.81},{"time":1.6667,"curve":"stepped"},{"time":1.8},{"time":1.9,"x":0.812},{"time":1.9333,"x":0.81},{"time":2.1,"curve":"stepped"},{"time":2.2333},{"time":2.3,"x":0.812},{"time":2.3333,"x":0.81},{"time":2.5,"curve":"stepped"},{"time":2.6},{"time":2.6667,"x":0.812},{"time":2.7,"x":0.81},{"time":2.8667}]},"nv_naizi5":{"rotate":[{},{"time":0.0667,"angle":10.95},{"time":0.1667,"angle":15.28},{"time":0.2333,"angle":3.17},{"time":0.3,"angle":14.38},{"time":0.3333,"angle":12.76},{"time":0.3667,"angle":-15.71},{"time":0.4333},{"time":0.5,"angle":10.95},{"time":0.6,"angle":15.28},{"time":0.6667,"angle":3.17},{"time":0.7333,"angle":14.38},{"time":0.7667,"angle":12.76},{"time":0.8,"angle":-15.71},{"time":0.8667},{"time":0.9333,"angle":10.95},{"time":1.0333,"angle":15.28},{"time":1.1,"angle":3.17},{"time":1.1667,"angle":14.38},{"time":1.2,"angle":12.76},{"time":1.2333,"angle":-15.71},{"time":1.3},{"time":1.3667,"angle":10.95},{"time":1.4667,"angle":15.28},{"time":1.5333,"angle":3.17},{"time":1.6,"angle":14.38},{"time":1.6333,"angle":12.76},{"time":1.6667,"angle":-15.71},{"time":1.7333},{"time":1.8,"angle":10.95},{"time":1.9,"angle":15.28},{"time":1.9667,"angle":3.17},{"time":2.0333,"angle":14.38},{"time":2.0667,"angle":12.76},{"time":2.1,"angle":-15.71},{"time":2.1667},{"time":2.2333,"angle":10.95},{"time":2.3,"angle":15.28},{"time":2.3667,"angle":3.17},{"time":2.4333,"angle":14.38},{"time":2.4667,"angle":12.76},{"time":2.5,"angle":-15.71},{"time":2.5333},{"time":2.6,"angle":10.95},{"time":2.6667,"angle":15.28},{"time":2.7333,"angle":3.17},{"time":2.8,"angle":14.38},{"time":2.8333,"angle":12.76},{"time":2.8667,"angle":-15.71},{"time":2.9},{"time":2.9667,"angle":10.95}],"translate":[{},{"time":0.0667,"x":0.06,"y":-1.13},{"time":0.1333,"x":1.76,"y":3.33},{"time":0.2333,"x":2.45,"y":-3.1},{"time":0.2667,"x":0.41,"y":-9.95},{"time":0.3,"x":2.19,"y":2.42},{"time":0.3333,"x":-0.14,"y":1.82},{"time":0.3667,"x":-0.36,"y":-3.99},{"time":0.4333},{"time":0.5,"x":0.06,"y":-1.13},{"time":0.5667,"x":1.76,"y":3.33},{"time":0.6667,"x":2.45,"y":-3.1},{"time":0.7,"x":0.41,"y":-9.95},{"time":0.7333,"x":2.19,"y":2.42},{"time":0.7667,"x":-0.14,"y":1.82},{"time":0.8,"x":-0.36,"y":-3.99},{"time":0.8667},{"time":0.9333,"x":0.06,"y":-1.13},{"time":1,"x":1.76,"y":3.33},{"time":1.1,"x":2.45,"y":-3.1},{"time":1.1333,"x":0.41,"y":-9.95},{"time":1.1667,"x":2.19,"y":2.42},{"time":1.2,"x":-0.14,"y":1.82},{"time":1.2333,"x":-0.36,"y":-3.99},{"time":1.3},{"time":1.3667,"x":0.06,"y":-1.13},{"time":1.4333,"x":1.76,"y":3.33},{"time":1.5333,"x":2.45,"y":-3.1},{"time":1.5667,"x":0.41,"y":-9.95},{"time":1.6,"x":2.19,"y":2.42},{"time":1.6333,"x":-0.14,"y":1.82},{"time":1.6667,"x":-0.36,"y":-3.99},{"time":1.7333},{"time":1.8,"x":0.06,"y":-1.13},{"time":1.8667,"x":1.76,"y":3.33},{"time":1.9667,"x":2.45,"y":-3.1},{"time":2,"x":0.41,"y":-9.95},{"time":2.0333,"x":2.19,"y":2.42},{"time":2.0667,"x":-0.14,"y":1.82},{"time":2.1,"x":-0.36,"y":-3.99},{"time":2.1667},{"time":2.2333,"x":0.06,"y":-1.13},{"time":2.2667,"x":1.76,"y":3.33},{"time":2.3667,"x":2.45,"y":-3.1},{"time":2.4,"x":0.41,"y":-9.95},{"time":2.4333,"x":2.19,"y":2.42},{"time":2.4667,"x":-0.14,"y":1.82},{"time":2.5,"x":-0.36,"y":-3.99},{"time":2.5333},{"time":2.6,"x":0.06,"y":-1.13},{"time":2.6333,"x":1.76,"y":3.33},{"time":2.7333,"x":2.45,"y":-3.1},{"time":2.7667,"x":0.41,"y":-9.95},{"time":2.8,"x":2.19,"y":2.42},{"time":2.8333,"x":-0.14,"y":1.82},{"time":2.8667,"x":-0.36,"y":-3.99},{"time":2.9},{"time":2.9667,"x":0.06,"y":-1.13},{"time":3,"x":-0.45,"y":0.35},{"time":3.0333,"x":0.13,"y":0.24},{"time":3.0667,"x":0.02,"y":-0.33},{"time":3.1,"x":0.06,"y":-1.13},{"time":3.1333,"x":-0.45,"y":0.35},{"time":3.1667,"x":0.13,"y":0.24},{"time":3.2,"x":0.02,"y":-0.33},{"time":3.2333,"x":0.06,"y":-1.13},{"time":3.2667,"x":-0.45,"y":0.35},{"time":3.3,"x":0.13,"y":0.24},{"time":3.3333,"x":0.02,"y":-0.33},{"time":3.3667,"x":0.06,"y":-1.13},{"time":3.4,"x":-0.45,"y":0.35},{"time":3.4333,"x":0.13,"y":0.24},{"time":3.4667,"x":0.02,"y":-0.33},{"time":3.5,"x":0.06,"y":-1.13},{"time":3.5333,"x":-0.45,"y":0.35},{"time":3.5667,"x":0.13,"y":0.24},{"time":3.6,"x":0.02,"y":-0.33},{"time":3.6333,"x":0.06,"y":-1.13},{"time":3.6667,"x":-0.45,"y":0.35},{"time":3.7,"x":0.13,"y":0.24},{"time":3.7333,"x":0.02,"y":-0.33},{"time":3.8,"x":0.06,"y":-1.13},{"time":3.8333,"x":-0.45,"y":0.35},{"time":3.8667,"x":0.13,"y":0.24},{"time":3.9,"x":0.02,"y":-0.33},{"time":3.9333,"x":0.06,"y":-1.13},{"time":3.9667,"x":-0.45,"y":0.35},{"time":4,"x":0.13,"y":0.24},{"time":4.0333,"x":0.02,"y":-0.33},{"time":4.0667,"x":0.06,"y":-1.13},{"time":4.1,"x":-0.45,"y":0.35},{"time":4.1333,"x":0.13,"y":0.24},{"time":4.1667,"x":0.02,"y":-0.33},{"time":4.2,"x":0.06,"y":-1.13},{"time":4.2333,"x":-0.45,"y":0.35},{"time":4.2667,"x":0.13,"y":0.24},{"time":4.3,"x":0.02,"y":-0.33},{"time":4.3333,"x":0.06,"y":-1.13},{"time":4.3667,"x":-0.45,"y":0.35},{"time":4.4,"x":0.13,"y":0.24},{"time":4.4333,"x":0.02,"y":-0.33},{"time":4.4667,"x":0.06,"y":-1.13},{"time":4.5,"x":-0.45,"y":0.35},{"time":4.5333,"x":0.13,"y":0.24},{"time":4.5667,"x":0.02,"y":-0.33},{"time":4.6333,"x":0.06,"y":-1.13},{"time":4.6667,"x":-0.45,"y":0.35},{"time":4.7,"x":0.13,"y":0.24},{"time":4.7333,"x":0.02,"y":-0.33},{"time":4.7667,"x":0.06,"y":-1.13},{"time":4.8,"x":-0.45,"y":0.35},{"time":4.8333,"x":0.13,"y":0.24},{"time":4.8667,"x":0.02,"y":-0.33},{"time":4.9,"x":0.06,"y":-1.13},{"time":4.9333,"x":-0.45,"y":0.35},{"time":4.9667,"x":0.13,"y":0.24},{"time":5,"x":0.02,"y":-0.33},{"time":5.0333,"x":0.06,"y":-1.13},{"time":5.0667,"x":-0.45,"y":0.35},{"time":5.1,"x":0.13,"y":0.24},{"time":5.1333,"x":0.02,"y":-0.33},{"time":5.1667,"x":0.06,"y":-1.13},{"time":5.2,"x":-0.45,"y":0.35},{"time":5.2333,"x":0.13,"y":0.24},{"time":5.2667,"x":0.02,"y":-0.33},{"time":5.3,"x":0.06,"y":-1.13},{"time":5.3333,"x":-0.45,"y":0.35},{"time":5.3667,"x":0.13,"y":0.24},{"time":5.4,"x":0.02,"y":-0.33}],"scale":[{"time":0.0667},{"time":0.1333,"x":1.184},{"time":0.2333,"x":1.332,"y":1.231},{"time":0.3,"curve":"stepped"},{"time":0.5},{"time":0.5667,"x":1.184},{"time":0.6667,"x":1.332,"y":1.231},{"time":0.7333,"curve":"stepped"},{"time":0.9333},{"time":1,"x":1.184},{"time":1.1,"x":1.332,"y":1.231},{"time":1.1667,"curve":"stepped"},{"time":1.3667},{"time":1.4333,"x":1.184},{"time":1.5333,"x":1.332,"y":1.231},{"time":1.6,"curve":"stepped"},{"time":1.8},{"time":1.8667,"x":1.184},{"time":1.9667,"x":1.332,"y":1.231},{"time":2.0333,"curve":"stepped"},{"time":2.2333},{"time":2.2667,"x":1.184},{"time":2.3667,"x":1.332,"y":1.231},{"time":2.4333,"curve":"stepped"},{"time":2.6},{"time":2.6333,"x":1.184},{"time":2.7333,"x":1.332,"y":1.231},{"time":2.8}]},"target3":{"translate":[{"time":0.0667},{"time":0.1333,"x":6.03},{"time":0.3,"curve":"stepped"},{"time":0.5},{"time":0.5667,"x":6.03},{"time":0.7333,"curve":"stepped"},{"time":0.9333},{"time":1,"x":6.03},{"time":1.1667,"curve":"stepped"},{"time":1.3667},{"time":1.4333,"x":6.03},{"time":1.6,"curve":"stepped"},{"time":1.8},{"time":1.8667,"x":6.03},{"time":2.0333,"curve":"stepped"},{"time":2.2333},{"time":2.2667,"x":6.03},{"time":2.4333,"curve":"stepped"},{"time":2.6},{"time":2.6333,"x":6.03},{"time":2.8}]},"nv_ns2":{"rotate":[{"angle":0.61}]},"nv_ns3":{"rotate":[{"angle":0.14}]}},"deform":{"default":{"nv_naizi":{"nv_naizi":[{},{"time":0.0667,"vertices":[-0.09363,0.13813,0.14133,0.08874,0.14133,0.08874,0.14133,0.08874,-0.09363,0.13813,0.14133,0.08874,-0.0751,0.14902,-0.09363,0.13813,0.14133,0.08874,-0.0751,0.14902,-0.09363,0.13813,0.14133,0.08874,-0.0751,0.14902,-0.09363,0.13813,0.14133,0.08874,-0.0751,0.14902,-0.0751,0.14902,-0.16228,-0.03885,-0.0751,0.14902,-0.16228,-0.03885,-0.09363,0.13813,-0.0751,0.14902,-0.16228,-0.03885,-0.09363,0.13813,-0.0751,0.14902,-0.16228,-0.03885,-0.09363,0.13813,-0.0751,0.14902,-0.16228,-0.03885,-0.16228,-0.03885,-0.16228,-0.03885,-0.16228,-0.03885,-0.09363,0.13813,0.14133,0.08874,-0.16228,-0.03885,-0.09363,0.13813,-0.0751,0.14902,-0.16228,-0.03885,-0.09363,0.13813,-0.0751,0.14902,-0.16228,-0.03885,-0.09363,0.13813,-0.0751,0.14902,-0.16228,-0.03885,-0.0751,0.14902,-0.09363,0.13813,0.14133,0.08874,-0.0751,0.14902,-0.09363,0.13813,0.14133,0.08874,-0.0751,0.14902,-0.09363,0.13813,0.14133,0.08874,-0.0751,0.14902,-0.09363,0.13813,0.14133,0.08874,-0.0751,0.14902,-0.09363,0.13813,0.14133,0.08874,-0.09363,0.13813,0.14133,0.08874,-0.0751,0.14902,-0.16228,-0.03885,-0.0751,0.14902,-0.16228,-0.03885,-0.16228,-0.03885,-0.09363,0.13813,0.14133,0.08874,-0.09363,0.13813,0.14133,0.08874,-0.0751,0.14902]},{"time":0.1333},{"time":0.2333,"offset":14,"vertices":[-2.08624,-1.06923,-0.31911,1.97476,-1.90427,-1.08322,-1.45027,-1.83287,-1.25019,1.75814,-1.30757,-1.84485,-1.65349,-1.07491,-0.49265,1.64595,-1.50679,-1.09293,-0.34953,-0.04189,0,0,0,-0.00001,0,0,-0.00001,0,0,-0.00001,-1.83981,-2.07703,-3.34837,-0.14325,-2.51305,-0.13475,1.51974,-4.19189,-2.7094,-4.01296,-1.64632,-3.60354,0.74238,-0.77903,0.67365,-1.9102,0,0,2.24375,0.31107,2.16748,-1.38323,-2.02628,-1.01249,5.702,-1.64195,2.79053,-5.4654,2.67093,-5.4143,3.83572,-2.26667,0.78586,-4.40768,0.80135,-4.38973,2.20087,-0.05908,1.61697,-1.7482,1.52381,-1.71897,0,0,0,-0.00001,-0.00001,0,0,-0.00001,0,-0.00001,-2.54667,-0.13583,0.62966,2.00334,-2.34594,-0.17291,-1.31441,-1.08133,-0.58397,1.39222,-1.19444,-1.09096,-0.00001,0,0,-0.00001,0,-0.00001,-0.00001,0,0,-0.00001,-0.00001,0,0,-0.00001,0,-0.00001,0,0,0,-0.00001,4.14825,-2.03152]},{"time":0.2667,"offset":14,"vertices":[-4.84832,-0.4991,1.73584,3.74586,-4.46396,-0.68197,-0.78652,-1.87994,-1.3948,1.46105,-0.66749,-1.83499,-0.82674,-0.53745,-0.24632,0.82298,-0.7534,-0.54646,-0.53282,-0.02598,-0.1368,-0.19715,-0.23868,-0.00336,-0.114,-0.16429,-0.23186,0.0049,-0.1989,-0.0028,-0.68985,-1.12605,-1.58508,-0.22222,-1.23455,-0.21576,0.99228,-4.66873,-3.03314,-4.2821,-2.34581,-4.03962,-0.07386,-0.26802,0.05187,-0.75136,0,0,1.91878,0.31119,1.92293,-1.0085,-1.71826,-0.90867,2.851,-0.82098,1.39526,-2.7327,1.33546,-2.70715,2.2609,-1.24986,0.41819,-2.56284,0.43242,-2.51577,1.16463,0.99692,1.63355,-0.13085,1.44674,-0.16823,0,0,0,0,0,0,0,0,0,0,-1.27333,-0.06791,0.31483,1.00167,-1.17297,-0.08645,-0.65516,-1.48587,-1.07754,1.22162,-0.55329,-1.43788,0,0,0,0,0,0,0,0,0,0,1.70031,3.78827,2.48131,-3.21316,1.3418,3.44546,0,0,0,0,2.37232,-2.84106]},{"time":0.3,"curve":"stepped"},{"time":0.4333},{"time":0.5,"vertices":[-0.09363,0.13813,0.14133,0.08874,0.14133,0.08874,0.14133,0.08874,-0.09363,0.13813,0.14133,0.08874,-0.0751,0.14902,-0.09363,0.13813,0.14133,0.08874,-0.0751,0.14902,-0.09363,0.13813,0.14133,0.08874,-0.0751,0.14902,-0.09363,0.13813,0.14133,0.08874,-0.0751,0.14902,-0.0751,0.14902,-0.16228,-0.03885,-0.0751,0.14902,-0.16228,-0.03885,-0.09363,0.13813,-0.0751,0.14902,-0.16228,-0.03885,-0.09363,0.13813,-0.0751,0.14902,-0.16228,-0.03885,-0.09363,0.13813,-0.0751,0.14902,-0.16228,-0.03885,-0.16228,-0.03885,-0.16228,-0.03885,-0.16228,-0.03885,-0.09363,0.13813,0.14133,0.08874,-0.16228,-0.03885,-0.09363,0.13813,-0.0751,0.14902,-0.16228,-0.03885,-0.09363,0.13813,-0.0751,0.14902,-0.16228,-0.03885,-0.09363,0.13813,-0.0751,0.14902,-0.16228,-0.03885,-0.0751,0.14902,-0.09363,0.13813,0.14133,0.08874,-0.0751,0.14902,-0.09363,0.13813,0.14133,0.08874,-0.0751,0.14902,-0.09363,0.13813,0.14133,0.08874,-0.0751,0.14902,-0.09363,0.13813,0.14133,0.08874,-0.0751,0.14902,-0.09363,0.13813,0.14133,0.08874,-0.09363,0.13813,0.14133,0.08874,-0.0751,0.14902,-0.16228,-0.03885,-0.0751,0.14902,-0.16228,-0.03885,-0.16228,-0.03885,-0.09363,0.13813,0.14133,0.08874,-0.09363,0.13813,0.14133,0.08874,-0.0751,0.14902]},{"time":0.5667},{"time":0.6667,"offset":14,"vertices":[-2.08624,-1.06923,-0.31911,1.97476,-1.90427,-1.08322,-1.45027,-1.83287,-1.25019,1.75814,-1.30757,-1.84485,-1.65349,-1.07491,-0.49265,1.64595,-1.50679,-1.09293,-0.34953,-0.04189,0,0,0,-0.00001,0,0,-0.00001,0,0,-0.00001,-1.83981,-2.07703,-3.34837,-0.14325,-2.51305,-0.13475,1.51974,-4.19189,-2.7094,-4.01296,-1.64632,-3.60354,0.74238,-0.77903,0.67365,-1.9102,0,0,2.24375,0.31107,2.16748,-1.38323,-2.02628,-1.01249,5.702,-1.64195,2.79053,-5.4654,2.67093,-5.4143,3.83572,-2.26667,0.78586,-4.40768,0.80135,-4.38973,2.20087,-0.05908,1.61697,-1.7482,1.52381,-1.71897,0,0,0,-0.00001,-0.00001,0,0,-0.00001,0,-0.00001,-2.54667,-0.13583,0.62966,2.00334,-2.34594,-0.17291,-1.31441,-1.08133,-0.58397,1.39222,-1.19444,-1.09096,-0.00001,0,0,-0.00001,0,-0.00001,-0.00001,0,0,-0.00001,-0.00001,0,0,-0.00001,0,-0.00001,0,0,0,-0.00001,4.14825,-2.03152]},{"time":0.7,"offset":14,"vertices":[-4.84832,-0.4991,1.73584,3.74586,-4.46396,-0.68197,-0.78652,-1.87994,-1.3948,1.46105,-0.66749,-1.83499,-0.82674,-0.53745,-0.24632,0.82298,-0.7534,-0.54646,-0.53282,-0.02598,-0.1368,-0.19715,-0.23868,-0.00336,-0.114,-0.16429,-0.23186,0.0049,-0.1989,-0.0028,-0.68985,-1.12605,-1.58508,-0.22222,-1.23455,-0.21576,0.99228,-4.66873,-3.03314,-4.2821,-2.34581,-4.03962,-0.07386,-0.26802,0.05187,-0.75136,0,0,1.91878,0.31119,1.92293,-1.0085,-1.71826,-0.90867,2.851,-0.82098,1.39526,-2.7327,1.33546,-2.70715,2.2609,-1.24986,0.41819,-2.56284,0.43242,-2.51577,1.16463,0.99692,1.63355,-0.13085,1.44674,-0.16823,0,0,0,0,0,0,0,0,0,0,-1.27333,-0.06791,0.31483,1.00167,-1.17297,-0.08645,-0.65516,-1.48587,-1.07754,1.22162,-0.55329,-1.43788,0,0,0,0,0,0,0,0,0,0,1.70031,3.78827,2.48131,-3.21316,1.3418,3.44546,0,0,0,0,2.37232,-2.84106]},{"time":0.7333,"curve":"stepped"},{"time":0.8667},{"time":0.9333,"vertices":[-0.09363,0.13813,0.14133,0.08874,0.14133,0.08874,0.14133,0.08874,-0.09363,0.13813,0.14133,0.08874,-0.0751,0.14902,-0.09363,0.13813,0.14133,0.08874,-0.0751,0.14902,-0.09363,0.13813,0.14133,0.08874,-0.0751,0.14902,-0.09363,0.13813,0.14133,0.08874,-0.0751,0.14902,-0.0751,0.14902,-0.16228,-0.03885,-0.0751,0.14902,-0.16228,-0.03885,-0.09363,0.13813,-0.0751,0.14902,-0.16228,-0.03885,-0.09363,0.13813,-0.0751,0.14902,-0.16228,-0.03885,-0.09363,0.13813,-0.0751,0.14902,-0.16228,-0.03885,-0.16228,-0.03885,-0.16228,-0.03885,-0.16228,-0.03885,-0.09363,0.13813,0.14133,0.08874,-0.16228,-0.03885,-0.09363,0.13813,-0.0751,0.14902,-0.16228,-0.03885,-0.09363,0.13813,-0.0751,0.14902,-0.16228,-0.03885,-0.09363,0.13813,-0.0751,0.14902,-0.16228,-0.03885,-0.0751,0.14902,-0.09363,0.13813,0.14133,0.08874,-0.0751,0.14902,-0.09363,0.13813,0.14133,0.08874,-0.0751,0.14902,-0.09363,0.13813,0.14133,0.08874,-0.0751,0.14902,-0.09363,0.13813,0.14133,0.08874,-0.0751,0.14902,-0.09363,0.13813,0.14133,0.08874,-0.09363,0.13813,0.14133,0.08874,-0.0751,0.14902,-0.16228,-0.03885,-0.0751,0.14902,-0.16228,-0.03885,-0.16228,-0.03885,-0.09363,0.13813,0.14133,0.08874,-0.09363,0.13813,0.14133,0.08874,-0.0751,0.14902]},{"time":1},{"time":1.1,"offset":14,"vertices":[-2.08624,-1.06923,-0.31911,1.97476,-1.90427,-1.08322,-1.45027,-1.83287,-1.25019,1.75814,-1.30757,-1.84485,-1.65349,-1.07491,-0.49265,1.64595,-1.50679,-1.09293,-0.34953,-0.04189,0,0,0,-0.00001,0,0,-0.00001,0,0,-0.00001,-1.83981,-2.07703,-3.34837,-0.14325,-2.51305,-0.13475,1.51974,-4.19189,-2.7094,-4.01296,-1.64632,-3.60354,0.74238,-0.77903,0.67365,-1.9102,0,0,2.24375,0.31107,2.16748,-1.38323,-2.02628,-1.01249,5.702,-1.64195,2.79053,-5.4654,2.67093,-5.4143,3.83572,-2.26667,0.78586,-4.40768,0.80135,-4.38973,2.20087,-0.05908,1.61697,-1.7482,1.52381,-1.71897,0,0,0,-0.00001,-0.00001,0,0,-0.00001,0,-0.00001,-2.54667,-0.13583,0.62966,2.00334,-2.34594,-0.17291,-1.31441,-1.08133,-0.58397,1.39222,-1.19444,-1.09096,-0.00001,0,0,-0.00001,0,-0.00001,-0.00001,0,0,-0.00001,-0.00001,0,0,-0.00001,0,-0.00001,0,0,0,-0.00001,4.14825,-2.03152]},{"time":1.1333,"offset":14,"vertices":[-4.84832,-0.4991,1.73584,3.74586,-4.46396,-0.68197,-0.78652,-1.87994,-1.3948,1.46105,-0.66749,-1.83499,-0.82674,-0.53745,-0.24632,0.82298,-0.7534,-0.54646,-0.53282,-0.02598,-0.1368,-0.19715,-0.23868,-0.00336,-0.114,-0.16429,-0.23186,0.0049,-0.1989,-0.0028,-0.68985,-1.12605,-1.58508,-0.22222,-1.23455,-0.21576,0.99228,-4.66873,-3.03314,-4.2821,-2.34581,-4.03962,-0.07386,-0.26802,0.05187,-0.75136,0,0,1.91878,0.31119,1.92293,-1.0085,-1.71826,-0.90867,2.851,-0.82098,1.39526,-2.7327,1.33546,-2.70715,2.2609,-1.24986,0.41819,-2.56284,0.43242,-2.51577,1.16463,0.99692,1.63355,-0.13085,1.44674,-0.16823,0,0,0,0,0,0,0,0,0,0,-1.27333,-0.06791,0.31483,1.00167,-1.17297,-0.08645,-0.65516,-1.48587,-1.07754,1.22162,-0.55329,-1.43788,0,0,0,0,0,0,0,0,0,0,1.70031,3.78827,2.48131,-3.21316,1.3418,3.44546,0,0,0,0,2.37232,-2.84106]},{"time":1.1667,"curve":"stepped"},{"time":1.3},{"time":1.3667,"vertices":[-0.09363,0.13813,0.14133,0.08874,0.14133,0.08874,0.14133,0.08874,-0.09363,0.13813,0.14133,0.08874,-0.0751,0.14902,-0.09363,0.13813,0.14133,0.08874,-0.0751,0.14902,-0.09363,0.13813,0.14133,0.08874,-0.0751,0.14902,-0.09363,0.13813,0.14133,0.08874,-0.0751,0.14902,-0.0751,0.14902,-0.16228,-0.03885,-0.0751,0.14902,-0.16228,-0.03885,-0.09363,0.13813,-0.0751,0.14902,-0.16228,-0.03885,-0.09363,0.13813,-0.0751,0.14902,-0.16228,-0.03885,-0.09363,0.13813,-0.0751,0.14902,-0.16228,-0.03885,-0.16228,-0.03885,-0.16228,-0.03885,-0.16228,-0.03885,-0.09363,0.13813,0.14133,0.08874,-0.16228,-0.03885,-0.09363,0.13813,-0.0751,0.14902,-0.16228,-0.03885,-0.09363,0.13813,-0.0751,0.14902,-0.16228,-0.03885,-0.09363,0.13813,-0.0751,0.14902,-0.16228,-0.03885,-0.0751,0.14902,-0.09363,0.13813,0.14133,0.08874,-0.0751,0.14902,-0.09363,0.13813,0.14133,0.08874,-0.0751,0.14902,-0.09363,0.13813,0.14133,0.08874,-0.0751,0.14902,-0.09363,0.13813,0.14133,0.08874,-0.0751,0.14902,-0.09363,0.13813,0.14133,0.08874,-0.09363,0.13813,0.14133,0.08874,-0.0751,0.14902,-0.16228,-0.03885,-0.0751,0.14902,-0.16228,-0.03885,-0.16228,-0.03885,-0.09363,0.13813,0.14133,0.08874,-0.09363,0.13813,0.14133,0.08874,-0.0751,0.14902]},{"time":1.4333},{"time":1.5333,"offset":14,"vertices":[-2.08624,-1.06923,-0.31911,1.97476,-1.90427,-1.08322,-1.45027,-1.83287,-1.25019,1.75814,-1.30757,-1.84485,-1.65349,-1.07491,-0.49265,1.64595,-1.50679,-1.09293,-0.34953,-0.04189,0,0,0,-0.00001,0,0,-0.00001,0,0,-0.00001,-1.83981,-2.07703,-3.34837,-0.14325,-2.51305,-0.13475,1.51974,-4.19189,-2.7094,-4.01296,-1.64632,-3.60354,0.74238,-0.77903,0.67365,-1.9102,0,0,2.24375,0.31107,2.16748,-1.38323,-2.02628,-1.01249,5.702,-1.64195,2.79053,-5.4654,2.67093,-5.4143,3.83572,-2.26667,0.78586,-4.40768,0.80135,-4.38973,2.20087,-0.05908,1.61697,-1.7482,1.52381,-1.71897,0,0,0,-0.00001,-0.00001,0,0,-0.00001,0,-0.00001,-2.54667,-0.13583,0.62966,2.00334,-2.34594,-0.17291,-1.31441,-1.08133,-0.58397,1.39222,-1.19444,-1.09096,-0.00001,0,0,-0.00001,0,-0.00001,-0.00001,0,0,-0.00001,-0.00001,0,0,-0.00001,0,-0.00001,0,0,0,-0.00001,4.14825,-2.03152]},{"time":1.5667,"offset":14,"vertices":[-4.84832,-0.4991,1.73584,3.74586,-4.46396,-0.68197,-0.78652,-1.87994,-1.3948,1.46105,-0.66749,-1.83499,-0.82674,-0.53745,-0.24632,0.82298,-0.7534,-0.54646,-0.53282,-0.02598,-0.1368,-0.19715,-0.23868,-0.00336,-0.114,-0.16429,-0.23186,0.0049,-0.1989,-0.0028,-0.68985,-1.12605,-1.58508,-0.22222,-1.23455,-0.21576,0.99228,-4.66873,-3.03314,-4.2821,-2.34581,-4.03962,-0.07386,-0.26802,0.05187,-0.75136,0,0,1.91878,0.31119,1.92293,-1.0085,-1.71826,-0.90867,2.851,-0.82098,1.39526,-2.7327,1.33546,-2.70715,2.2609,-1.24986,0.41819,-2.56284,0.43242,-2.51577,1.16463,0.99692,1.63355,-0.13085,1.44674,-0.16823,0,0,0,0,0,0,0,0,0,0,-1.27333,-0.06791,0.31483,1.00167,-1.17297,-0.08645,-0.65516,-1.48587,-1.07754,1.22162,-0.55329,-1.43788,0,0,0,0,0,0,0,0,0,0,1.70031,3.78827,2.48131,-3.21316,1.3418,3.44546,0,0,0,0,2.37232,-2.84106]},{"time":1.6,"curve":"stepped"},{"time":1.7333},{"time":1.8,"vertices":[-0.09363,0.13813,0.14133,0.08874,0.14133,0.08874,0.14133,0.08874,-0.09363,0.13813,0.14133,0.08874,-0.0751,0.14902,-0.09363,0.13813,0.14133,0.08874,-0.0751,0.14902,-0.09363,0.13813,0.14133,0.08874,-0.0751,0.14902,-0.09363,0.13813,0.14133,0.08874,-0.0751,0.14902,-0.0751,0.14902,-0.16228,-0.03885,-0.0751,0.14902,-0.16228,-0.03885,-0.09363,0.13813,-0.0751,0.14902,-0.16228,-0.03885,-0.09363,0.13813,-0.0751,0.14902,-0.16228,-0.03885,-0.09363,0.13813,-0.0751,0.14902,-0.16228,-0.03885,-0.16228,-0.03885,-0.16228,-0.03885,-0.16228,-0.03885,-0.09363,0.13813,0.14133,0.08874,-0.16228,-0.03885,-0.09363,0.13813,-0.0751,0.14902,-0.16228,-0.03885,-0.09363,0.13813,-0.0751,0.14902,-0.16228,-0.03885,-0.09363,0.13813,-0.0751,0.14902,-0.16228,-0.03885,-0.0751,0.14902,-0.09363,0.13813,0.14133,0.08874,-0.0751,0.14902,-0.09363,0.13813,0.14133,0.08874,-0.0751,0.14902,-0.09363,0.13813,0.14133,0.08874,-0.0751,0.14902,-0.09363,0.13813,0.14133,0.08874,-0.0751,0.14902,-0.09363,0.13813,0.14133,0.08874,-0.09363,0.13813,0.14133,0.08874,-0.0751,0.14902,-0.16228,-0.03885,-0.0751,0.14902,-0.16228,-0.03885,-0.16228,-0.03885,-0.09363,0.13813,0.14133,0.08874,-0.09363,0.13813,0.14133,0.08874,-0.0751,0.14902]},{"time":1.8667},{"time":1.9667,"offset":14,"vertices":[-2.08624,-1.06923,-0.31911,1.97476,-1.90427,-1.08322,-1.45027,-1.83287,-1.25019,1.75814,-1.30757,-1.84485,-1.65349,-1.07491,-0.49265,1.64595,-1.50679,-1.09293,-0.34953,-0.04189,0,0,0,-0.00001,0,0,-0.00001,0,0,-0.00001,-1.83981,-2.07703,-3.34837,-0.14325,-2.51305,-0.13475,1.51974,-4.19189,-2.7094,-4.01296,-1.64632,-3.60354,0.74238,-0.77903,0.67365,-1.9102,0,0,2.24375,0.31107,2.16748,-1.38323,-2.02628,-1.01249,5.702,-1.64195,2.79053,-5.4654,2.67093,-5.4143,3.83572,-2.26667,0.78586,-4.40768,0.80135,-4.38973,2.20087,-0.05908,1.61697,-1.7482,1.52381,-1.71897,0,0,0,-0.00001,-0.00001,0,0,-0.00001,0,-0.00001,-2.54667,-0.13583,0.62966,2.00334,-2.34594,-0.17291,-1.31441,-1.08133,-0.58397,1.39222,-1.19444,-1.09096,-0.00001,0,0,-0.00001,0,-0.00001,-0.00001,0,0,-0.00001,-0.00001,0,0,-0.00001,0,-0.00001,0,0,0,-0.00001,4.14825,-2.03152]},{"time":2,"offset":14,"vertices":[-4.84832,-0.4991,1.73584,3.74586,-4.46396,-0.68197,-0.78652,-1.87994,-1.3948,1.46105,-0.66749,-1.83499,-0.82674,-0.53745,-0.24632,0.82298,-0.7534,-0.54646,-0.53282,-0.02598,-0.1368,-0.19715,-0.23868,-0.00336,-0.114,-0.16429,-0.23186,0.0049,-0.1989,-0.0028,-0.68985,-1.12605,-1.58508,-0.22222,-1.23455,-0.21576,0.99228,-4.66873,-3.03314,-4.2821,-2.34581,-4.03962,-0.07386,-0.26802,0.05187,-0.75136,0,0,1.91878,0.31119,1.92293,-1.0085,-1.71826,-0.90867,2.851,-0.82098,1.39526,-2.7327,1.33546,-2.70715,2.2609,-1.24986,0.41819,-2.56284,0.43242,-2.51577,1.16463,0.99692,1.63355,-0.13085,1.44674,-0.16823,0,0,0,0,0,0,0,0,0,0,-1.27333,-0.06791,0.31483,1.00167,-1.17297,-0.08645,-0.65516,-1.48587,-1.07754,1.22162,-0.55329,-1.43788,0,0,0,0,0,0,0,0,0,0,1.70031,3.78827,2.48131,-3.21316,1.3418,3.44546,0,0,0,0,2.37232,-2.84106]},{"time":2.0333,"curve":"stepped"},{"time":2.1667},{"time":2.2333,"vertices":[-0.09363,0.13813,0.14133,0.08874,0.14133,0.08874,0.14133,0.08874,-0.09363,0.13813,0.14133,0.08874,-0.0751,0.14902,-0.09363,0.13813,0.14133,0.08874,-0.0751,0.14902,-0.09363,0.13813,0.14133,0.08874,-0.0751,0.14902,-0.09363,0.13813,0.14133,0.08874,-0.0751,0.14902,-0.0751,0.14902,-0.16228,-0.03885,-0.0751,0.14902,-0.16228,-0.03885,-0.09363,0.13813,-0.0751,0.14902,-0.16228,-0.03885,-0.09363,0.13813,-0.0751,0.14902,-0.16228,-0.03885,-0.09363,0.13813,-0.0751,0.14902,-0.16228,-0.03885,-0.16228,-0.03885,-0.16228,-0.03885,-0.16228,-0.03885,-0.09363,0.13813,0.14133,0.08874,-0.16228,-0.03885,-0.09363,0.13813,-0.0751,0.14902,-0.16228,-0.03885,-0.09363,0.13813,-0.0751,0.14902,-0.16228,-0.03885,-0.09363,0.13813,-0.0751,0.14902,-0.16228,-0.03885,-0.0751,0.14902,-0.09363,0.13813,0.14133,0.08874,-0.0751,0.14902,-0.09363,0.13813,0.14133,0.08874,-0.0751,0.14902,-0.09363,0.13813,0.14133,0.08874,-0.0751,0.14902,-0.09363,0.13813,0.14133,0.08874,-0.0751,0.14902,-0.09363,0.13813,0.14133,0.08874,-0.09363,0.13813,0.14133,0.08874,-0.0751,0.14902,-0.16228,-0.03885,-0.0751,0.14902,-0.16228,-0.03885,-0.16228,-0.03885,-0.09363,0.13813,0.14133,0.08874,-0.09363,0.13813,0.14133,0.08874,-0.0751,0.14902]},{"time":2.2667},{"time":2.3667,"offset":14,"vertices":[-2.08624,-1.06923,-0.31911,1.97476,-1.90427,-1.08322,-1.45027,-1.83287,-1.25019,1.75814,-1.30757,-1.84485,-1.65349,-1.07491,-0.49265,1.64595,-1.50679,-1.09293,-0.34953,-0.04189,0,0,0,-0.00001,0,0,-0.00001,0,0,-0.00001,-1.83981,-2.07703,-3.34837,-0.14325,-2.51305,-0.13475,1.51974,-4.19189,-2.7094,-4.01296,-1.64632,-3.60354,0.74238,-0.77903,0.67365,-1.9102,0,0,2.24375,0.31107,2.16748,-1.38323,-2.02628,-1.01249,5.702,-1.64195,2.79053,-5.4654,2.67093,-5.4143,3.83572,-2.26667,0.78586,-4.40768,0.80135,-4.38973,2.20087,-0.05908,1.61697,-1.7482,1.52381,-1.71897,0,0,0,-0.00001,-0.00001,0,0,-0.00001,0,-0.00001,-2.54667,-0.13583,0.62966,2.00334,-2.34594,-0.17291,-1.31441,-1.08133,-0.58397,1.39222,-1.19444,-1.09096,-0.00001,0,0,-0.00001,0,-0.00001,-0.00001,0,0,-0.00001,-0.00001,0,0,-0.00001,0,-0.00001,0,0,0,-0.00001,4.14825,-2.03152]},{"time":2.4,"offset":14,"vertices":[-4.84832,-0.4991,1.73584,3.74586,-4.46396,-0.68197,-0.78652,-1.87994,-1.3948,1.46105,-0.66749,-1.83499,-0.82674,-0.53745,-0.24632,0.82298,-0.7534,-0.54646,-0.53282,-0.02598,-0.1368,-0.19715,-0.23868,-0.00336,-0.114,-0.16429,-0.23186,0.0049,-0.1989,-0.0028,-0.68985,-1.12605,-1.58508,-0.22222,-1.23455,-0.21576,0.99228,-4.66873,-3.03314,-4.2821,-2.34581,-4.03962,-0.07386,-0.26802,0.05187,-0.75136,0,0,1.91878,0.31119,1.92293,-1.0085,-1.71826,-0.90867,2.851,-0.82098,1.39526,-2.7327,1.33546,-2.70715,2.2609,-1.24986,0.41819,-2.56284,0.43242,-2.51577,1.16463,0.99692,1.63355,-0.13085,1.44674,-0.16823,0,0,0,0,0,0,0,0,0,0,-1.27333,-0.06791,0.31483,1.00167,-1.17297,-0.08645,-0.65516,-1.48587,-1.07754,1.22162,-0.55329,-1.43788,0,0,0,0,0,0,0,0,0,0,1.70031,3.78827,2.48131,-3.21316,1.3418,3.44546,0,0,0,0,2.37232,-2.84106]},{"time":2.4333,"curve":"stepped"},{"time":2.5333},{"time":2.6,"vertices":[-0.09363,0.13813,0.14133,0.08874,0.14133,0.08874,0.14133,0.08874,-0.09363,0.13813,0.14133,0.08874,-0.0751,0.14902,-0.09363,0.13813,0.14133,0.08874,-0.0751,0.14902,-0.09363,0.13813,0.14133,0.08874,-0.0751,0.14902,-0.09363,0.13813,0.14133,0.08874,-0.0751,0.14902,-0.0751,0.14902,-0.16228,-0.03885,-0.0751,0.14902,-0.16228,-0.03885,-0.09363,0.13813,-0.0751,0.14902,-0.16228,-0.03885,-0.09363,0.13813,-0.0751,0.14902,-0.16228,-0.03885,-0.09363,0.13813,-0.0751,0.14902,-0.16228,-0.03885,-0.16228,-0.03885,-0.16228,-0.03885,-0.16228,-0.03885,-0.09363,0.13813,0.14133,0.08874,-0.16228,-0.03885,-0.09363,0.13813,-0.0751,0.14902,-0.16228,-0.03885,-0.09363,0.13813,-0.0751,0.14902,-0.16228,-0.03885,-0.09363,0.13813,-0.0751,0.14902,-0.16228,-0.03885,-0.0751,0.14902,-0.09363,0.13813,0.14133,0.08874,-0.0751,0.14902,-0.09363,0.13813,0.14133,0.08874,-0.0751,0.14902,-0.09363,0.13813,0.14133,0.08874,-0.0751,0.14902,-0.09363,0.13813,0.14133,0.08874,-0.0751,0.14902,-0.09363,0.13813,0.14133,0.08874,-0.09363,0.13813,0.14133,0.08874,-0.0751,0.14902,-0.16228,-0.03885,-0.0751,0.14902,-0.16228,-0.03885,-0.16228,-0.03885,-0.09363,0.13813,0.14133,0.08874,-0.09363,0.13813,0.14133,0.08874,-0.0751,0.14902]},{"time":2.6333},{"time":2.7333,"offset":14,"vertices":[-2.08624,-1.06923,-0.31911,1.97476,-1.90427,-1.08322,-1.45027,-1.83287,-1.25019,1.75814,-1.30757,-1.84485,-1.65349,-1.07491,-0.49265,1.64595,-1.50679,-1.09293,-0.34953,-0.04189,0,0,0,-0.00001,0,0,-0.00001,0,0,-0.00001,-1.83981,-2.07703,-3.34837,-0.14325,-2.51305,-0.13475,1.51974,-4.19189,-2.7094,-4.01296,-1.64632,-3.60354,0.74238,-0.77903,0.67365,-1.9102,0,0,2.24375,0.31107,2.16748,-1.38323,-2.02628,-1.01249,5.702,-1.64195,2.79053,-5.4654,2.67093,-5.4143,3.83572,-2.26667,0.78586,-4.40768,0.80135,-4.38973,2.20087,-0.05908,1.61697,-1.7482,1.52381,-1.71897,0,0,0,-0.00001,-0.00001,0,0,-0.00001,0,-0.00001,-2.54667,-0.13583,0.62966,2.00334,-2.34594,-0.17291,-1.31441,-1.08133,-0.58397,1.39222,-1.19444,-1.09096,-0.00001,0,0,-0.00001,0,-0.00001,-0.00001,0,0,-0.00001,-0.00001,0,0,-0.00001,0,-0.00001,0,0,0,-0.00001,4.14825,-2.03152]},{"time":2.7667,"offset":14,"vertices":[-4.84832,-0.4991,1.73584,3.74586,-4.46396,-0.68197,-0.78652,-1.87994,-1.3948,1.46105,-0.66749,-1.83499,-0.82674,-0.53745,-0.24632,0.82298,-0.7534,-0.54646,-0.53282,-0.02598,-0.1368,-0.19715,-0.23868,-0.00336,-0.114,-0.16429,-0.23186,0.0049,-0.1989,-0.0028,-0.68985,-1.12605,-1.58508,-0.22222,-1.23455,-0.21576,0.99228,-4.66873,-3.03314,-4.2821,-2.34581,-4.03962,-0.07386,-0.26802,0.05187,-0.75136,0,0,1.91878,0.31119,1.92293,-1.0085,-1.71826,-0.90867,2.851,-0.82098,1.39526,-2.7327,1.33546,-2.70715,2.2609,-1.24986,0.41819,-2.56284,0.43242,-2.51577,1.16463,0.99692,1.63355,-0.13085,1.44674,-0.16823,0,0,0,0,0,0,0,0,0,0,-1.27333,-0.06791,0.31483,1.00167,-1.17297,-0.08645,-0.65516,-1.48587,-1.07754,1.22162,-0.55329,-1.43788,0,0,0,0,0,0,0,0,0,0,1.70031,3.78827,2.48131,-3.21316,1.3418,3.44546,0,0,0,0,2.37232,-2.84106]},{"time":2.8,"curve":"stepped"},{"time":2.9},{"time":2.9667,"vertices":[-0.09363,0.13813,0.14133,0.08874,0.14133,0.08874,0.14133,0.08874,-0.09363,0.13813,0.14133,0.08874,-0.0751,0.14902,-0.09363,0.13813,0.14133,0.08874,-0.0751,0.14902,-0.09363,0.13813,0.14133,0.08874,-0.0751,0.14902,-0.09363,0.13813,0.14133,0.08874,-0.0751,0.14902,-0.0751,0.14902,-0.16228,-0.03885,-0.0751,0.14902,-0.16228,-0.03885,-0.09363,0.13813,-0.0751,0.14902,-0.16228,-0.03885,-0.09363,0.13813,-0.0751,0.14902,-0.16228,-0.03885,-0.09363,0.13813,-0.0751,0.14902,-0.16228,-0.03885,-0.16228,-0.03885,-0.16228,-0.03885,-0.16228,-0.03885,-0.09363,0.13813,0.14133,0.08874,-0.16228,-0.03885,-0.09363,0.13813,-0.0751,0.14902,-0.16228,-0.03885,-0.09363,0.13813,-0.0751,0.14902,-0.16228,-0.03885,-0.09363,0.13813,-0.0751,0.14902,-0.16228,-0.03885,-0.0751,0.14902,-0.09363,0.13813,0.14133,0.08874,-0.0751,0.14902,-0.09363,0.13813,0.14133,0.08874,-0.0751,0.14902,-0.09363,0.13813,0.14133,0.08874,-0.0751,0.14902,-0.09363,0.13813,0.14133,0.08874,-0.0751,0.14902,-0.09363,0.13813,0.14133,0.08874,-0.09363,0.13813,0.14133,0.08874,-0.0751,0.14902,-0.16228,-0.03885,-0.0751,0.14902,-0.16228,-0.03885,-0.16228,-0.03885,-0.09363,0.13813,0.14133,0.08874,-0.09363,0.13813,0.14133,0.08874,-0.0751,0.14902]}]},"nv_tui":{"nv_tui":[{"time":0.0667},{"time":0.1333,"offset":74,"vertices":[0.2611,3.27761,0.2611,3.27761,0.2611,3.27761,0.2611,3.27761,0.15548,1.95181,-3.10325,1.31666,-3.10325,1.31666]},{"time":0.1667,"offset":74,"vertices":[0.05222,0.65552,0.05222,0.65552,0.05222,0.65552,0.05222,0.65552,0.0311,0.39036,-1.68808,3.58461,-1.68808,3.58461]},{"time":0.2,"curve":"stepped"},{"time":0.5},{"time":0.5667,"offset":74,"vertices":[0.2611,3.27761,0.2611,3.27761,0.2611,3.27761,0.2611,3.27761,0.15548,1.95181,-3.10325,1.31666,-3.10325,1.31666]},{"time":0.6,"offset":74,"vertices":[0.05222,0.65552,0.05222,0.65552,0.05222,0.65552,0.05222,0.65552,0.0311,0.39036,-1.68808,3.58461,-1.68808,3.58461]},{"time":0.6333,"curve":"stepped"},{"time":0.9333},{"time":1,"offset":74,"vertices":[0.2611,3.27761,0.2611,3.27761,0.2611,3.27761,0.2611,3.27761,0.15548,1.95181,-3.10325,1.31666,-3.10325,1.31666]},{"time":1.0333,"offset":74,"vertices":[0.05222,0.65552,0.05222,0.65552,0.05222,0.65552,0.05222,0.65552,0.0311,0.39036,-1.68808,3.58461,-1.68808,3.58461]},{"time":1.0667,"curve":"stepped"},{"time":1.3667},{"time":1.4333,"offset":74,"vertices":[0.2611,3.27761,0.2611,3.27761,0.2611,3.27761,0.2611,3.27761,0.15548,1.95181,-3.10325,1.31666,-3.10325,1.31666]},{"time":1.4667,"offset":74,"vertices":[0.05222,0.65552,0.05222,0.65552,0.05222,0.65552,0.05222,0.65552,0.0311,0.39036,-1.68808,3.58461,-1.68808,3.58461]},{"time":1.5,"curve":"stepped"},{"time":1.8},{"time":1.8667,"offset":74,"vertices":[0.2611,3.27761,0.2611,3.27761,0.2611,3.27761,0.2611,3.27761,0.15548,1.95181,-3.10325,1.31666,-3.10325,1.31666]},{"time":1.9,"offset":74,"vertices":[0.05222,0.65552,0.05222,0.65552,0.05222,0.65552,0.05222,0.65552,0.0311,0.39036,-1.68808,3.58461,-1.68808,3.58461]},{"time":1.9333,"curve":"stepped"},{"time":2.2333},{"time":2.2667,"offset":74,"vertices":[0.2611,3.27761,0.2611,3.27761,0.2611,3.27761,0.2611,3.27761,0.15548,1.95181,-3.10325,1.31666,-3.10325,1.31666]},{"time":2.3,"offset":74,"vertices":[0.05222,0.65552,0.05222,0.65552,0.05222,0.65552,0.05222,0.65552,0.0311,0.39036,-1.68808,3.58461,-1.68808,3.58461]},{"time":2.3333,"curve":"stepped"},{"time":2.6},{"time":2.6333,"offset":74,"vertices":[0.2611,3.27761,0.2611,3.27761,0.2611,3.27761,0.2611,3.27761,0.15548,1.95181,-3.10325,1.31666,-3.10325,1.31666]},{"time":2.6667,"offset":74,"vertices":[0.05222,0.65552,0.05222,0.65552,0.05222,0.65552,0.05222,0.65552,0.0311,0.39036,-1.68808,3.58461,-1.68808,3.58461]},{"time":2.7}]}}},"events":[{"time":0.0667,"name":"plug_into"},{"time":0.5,"name":"plug_into"},{"time":0.9333,"name":"plug_into"},{"time":1.3667,"name":"plug_into"},{"time":1.8,"name":"plug_into"},{"time":2.2333,"name":"plug_into"},{"time":2.6,"name":"plug_into"},{"time":2.9667,"name":"plug_into"},{"time":3.2667,"name":"shoot_sperm"},{"time":4.1,"name":"shoot_sperm"},{"time":4.9333,"name":"shoot_sperm"}]}}},[0]]],0,0,[0],[-1],[0]]