[1,["fco5ihjJNJfYYS+KWeXuOM"],0,[["sp.SkeletonData",["_name","_atlasText","textureNames","_skeletonJson","textures"],-1,3]],[[0,0,1,2,3,4,5]],[[0,"skeleton","\nskeleton.png\nsize: 1946,1157\nformat: RGBA8888\nfilter: Linear,Linear\nrepeat: none\nlian\n  rotate: false\n  xy: 1102, 58\n  size: 270, 396\n  orig: 274, 397\n  offset: 3, 0\n  index: -1\nqunzi\n  rotate: false\n  xy: 1197, 505\n  size: 595, 650\n  orig: 597, 650\n  offset: 0, 0\n  index: -1\nst\n  rotate: false\n  xy: 2, 350\n  size: 511, 805\n  orig: 511, 805\n  offset: 0, 0\n  index: -1\ntoufa\n  rotate: true\n  xy: 550, 4\n  size: 450, 550\n  orig: 463, 553\n  offset: 0, 0\n  index: -1\ntoufa_h\n  rotate: true\n  xy: 1181, 9\n  size: 47, 73\n  orig: 47, 74\n  offset: 0, 0\n  index: -1\ntui\n  rotate: false\n  xy: 2, 7\n  size: 546, 341\n  orig: 555, 341\n  offset: 7, 0\n  index: -1\nyj\n  rotate: true\n  xy: 1879, 814\n  size: 271, 65\n  orig: 271, 65\n  offset: 0, 0\n  index: -1\nyj_y\n  rotate: false\n  xy: 1794, 1087\n  size: 120, 68\n  orig: 120, 68\n  offset: 0, 0\n  index: -1\nyj_z\n  rotate: false\n  xy: 1794, 1027\n  size: 83, 58\n  orig: 84, 59\n  offset: 1, 0\n  index: -1\nys\n  rotate: false\n  xy: 515, 456\n  size: 680, 699\n  orig: 680, 700\n  offset: 0, 1\n  index: -1\nzs_1\n  rotate: true\n  xy: 1374, 2\n  size: 193, 536\n  orig: 194, 537\n  offset: 1, 0\n  index: -1\nzs_2\n  rotate: true\n  xy: 1374, 197\n  size: 306, 537\n  orig: 306, 549\n  offset: 0, 0\n  index: -1\nzui\n  rotate: false\n  xy: 1102, 6\n  size: 77, 50\n  orig: 77, 50\n  offset: 0, 0\n  index: -1\n",["skeleton.png"],{"skeleton":{"hash":"BmgXOWcVzn7WWk7yaMtAkL9viUU","spine":"3.8.75","x":-385.16,"y":3.05,"width":709.68,"height":2027.58,"images":"../拆解素材/","audio":""},"bones":[{"name":"root"},{"name":"st","parent":"root","x":-94.34,"y":84.77},{"name":"st2","parent":"st","length":215.38,"rotation":85.9,"x":1.27,"y":-0.72},{"name":"st3","parent":"st2","length":282.36,"rotation":-4.05,"x":215.38},{"name":"st4","parent":"st3","length":105.74,"rotation":-17.29,"x":281.6,"y":-0.11},{"name":"st5","parent":"st4","length":128.1,"rotation":29.24,"x":105.74},{"name":"lian","parent":"st5","rotation":-93.79,"x":255.17,"y":8.64},{"name":"toufa","parent":"lian","x":1.17,"y":255.5},{"name":"st6","parent":"st","length":175.95,"rotation":0.6,"x":112.36,"y":540.09},{"name":"ys","parent":"st6","rotation":-0.6,"x":231.9,"y":-3.52},{"name":"st7","parent":"st","length":137.18,"rotation":-176.02,"x":50.47,"y":540.03},{"name":"zs_1","parent":"st7","rotation":176.02,"x":175.16,"y":46.59},{"name":"zs_2","parent":"zs_1","x":-59.04,"y":-371.96},{"name":"qunzi","parent":"st","x":7.18,"y":-76.66},{"name":"tui","parent":"root","x":-91.21,"y":-622.29},{"name":"yj_z","parent":"lian","x":-88.65,"y":-5.07},{"name":"yj_y","parent":"lian","x":52.23,"y":3.2},{"name":"zui","parent":"lian","x":-16.08,"y":-129.19},{"name":"yj","parent":"lian","x":-12.15,"y":-23.07},{"name":"toufa2","parent":"toufa","length":107.52,"rotation":-148.69,"x":0.74,"y":1.5},{"name":"toufa3","parent":"toufa2","length":103.02,"rotation":29.53,"x":107.52},{"name":"toufa4","parent":"toufa3","length":102.21,"rotation":15.76,"x":103.02},{"name":"toufa5","parent":"toufa4","length":85.86,"rotation":6.42,"x":102.21},{"name":"toufa6","parent":"toufa5","length":127.49,"rotation":12.51,"x":85.86},{"name":"toufa7","parent":"toufa","length":105.51,"rotation":-28.41,"x":3.58,"y":0.55},{"name":"toufa8","parent":"toufa7","length":125.18,"rotation":-42.61,"x":105.51},{"name":"toufa9","parent":"toufa8","length":94.14,"rotation":-13.79,"x":125.18},{"name":"toufa10","parent":"toufa9","length":91.71,"rotation":-21.85,"x":94.14},{"name":"toufa11","parent":"toufa","length":89.37,"rotation":-115.75,"x":17.78,"y":-75.21},{"name":"toufa12","parent":"toufa11","length":85.12,"rotation":4.9,"x":88.52,"y":-0.41},{"name":"toufa13","parent":"toufa","length":89.16,"rotation":-102.26,"x":-111.96,"y":-188.85},{"name":"toufa14","parent":"toufa13","length":65.4,"rotation":9.78,"x":89.16},{"name":"toufa15","parent":"toufa14","length":83.41,"rotation":14.95,"x":65.4},{"name":"zs_3","parent":"zs_2","length":177.99,"rotation":95.58,"x":0.76,"y":-1.9},{"name":"zs_4","parent":"zs_3","length":211.1,"rotation":-6.7,"x":177.99},{"name":"zs_5","parent":"zs_4","length":142.72,"rotation":-63.92,"x":211.1},{"name":"zs_6","parent":"zs_5","length":74.4,"rotation":-34.59,"x":142.72},{"name":"zs_7","parent":"zs_6","length":48.59,"rotation":-16.56,"x":74.4},{"name":"zs_8","parent":"zs_5","length":49.83,"rotation":-52.23,"x":111.61,"y":-27.5},{"name":"zs_9","parent":"zs_8","length":43.04,"rotation":-9.22,"x":49.83},{"name":"ys2","parent":"ys","length":451.41,"rotation":-100.72,"x":1.94,"y":-1.92},{"name":"ys3","parent":"ys2","length":421.49,"rotation":-73.29,"x":451.41},{"name":"ys4","parent":"ys3","length":123.47,"rotation":42.62,"x":421.49},{"name":"st8","parent":"st","length":149.11,"rotation":-2.05,"x":54.53,"y":262.56},{"name":"st9","parent":"st","length":119.28,"rotation":163.59,"x":-7.56,"y":260.79},{"name":"qunzi2","parent":"qunzi","length":191.9,"rotation":166.39,"x":0.27,"y":0.26},{"name":"qunzi3","parent":"qunzi","length":206.8,"rotation":1.65,"x":0.27,"y":-0.93},{"name":"qunzi4","parent":"qunzi","length":138.77,"rotation":-111.07,"x":-196.94,"y":14.51},{"name":"qunzi5","parent":"qunzi4","length":158.11,"rotation":13.73,"x":138.77},{"name":"qunzi6","parent":"qunzi5","length":178.2,"rotation":7.72,"x":158.11},{"name":"qunzi7","parent":"qunzi","length":128.92,"rotation":-73.4,"x":197.48,"y":-15.19},{"name":"qunzi8","parent":"qunzi7","length":153.91,"rotation":-7.72,"x":128.92},{"name":"qunzi9","parent":"qunzi8","length":204.35,"rotation":-9.55,"x":153.91},{"name":"tf_h","parent":"lian","rotation":-4.86,"x":82.5,"y":-108.28,"scaleX":1.5184,"scaleY":1.5184},{"name":"toufa16","parent":"toufa","length":96.9,"rotation":-106.41,"x":-194.94,"y":-151.88},{"name":"toufa17","parent":"toufa16","length":78.09,"rotation":15.42,"x":96.9}],"slots":[{"name":"zs_1","bone":"zs_1","attachment":"zs_1"},{"name":"tui","bone":"tui","attachment":"tui"},{"name":"qunzi","bone":"qunzi","attachment":"qunzi"},{"name":"toufa_h","bone":"tf_h","attachment":"toufa_h"},{"name":"st","bone":"st","attachment":"st"},{"name":"lian","bone":"lian","attachment":"lian"},{"name":"yj_z","bone":"yj_z","attachment":"yj_z"},{"name":"yj","bone":"yj","attachment":"yj"},{"name":"toufa","bone":"toufa","attachment":"toufa"},{"name":"ys","bone":"ys","attachment":"ys"},{"name":"zs_2","bone":"zs_2","attachment":"zs_2"},{"name":"yj_y","bone":"yj_y","attachment":"yj_y"},{"name":"zui","bone":"zui","attachment":"zui"}],"skins":[{"name":"default","attachments":{"tui":{"tui":{"x":0.5,"y":0.5,"width":555,"height":341}},"yj_y":{"yj_y":{"x":0.5,"y":0.5,"width":120,"height":68}},"yj_z":{"yj_z":{"y":0.5,"width":84,"height":59}},"zui":{"zui":{"x":0.5,"width":77,"height":50}},"yj":{"yj":{"x":0.5,"y":0.5,"width":271,"height":65}},"toufa":{"toufa":{"type":"mesh","hull":105,"width":463,"height":553,"uvs":[0.67399,0.0067,0.71653,0.0083,0.78303,0.01803,0.85673,0.02223,0.89551,0.04825,0.91599,0.07189,0.92973,0.10617,0.92619,0.12755,0.94932,0.16442,0.94858,0.17871,0.94605,0.1851,0.96964,0.22114,0.97001,0.25032,0.95822,0.24965,0.9484,0.22739,0.93829,0.21752,0.90117,0.28927,0.91673,0.35556,0.91586,0.43199,0.90226,0.5531,0.88426,0.60418,0.87316,0.62148,0.81852,0.68671,0.82293,0.70291,0.83593,0.70805,0.83659,0.72234,0.7861,0.7199,0.77247,0.73505,0.7554,0.76606,0.75638,0.80644,0.71046,0.81674,0.63452,0.8381,0.69077,0.77861,0.71556,0.7419,0.72579,0.72632,0.73214,0.70058,0.74284,0.57045,0.74,0.56179,0.72527,0.53641,0.71439,0.52552,0.70071,0.5272,0.67132,0.50258,0.66648,0.50009,0.6359,0.50334,0.61835,0.48209,0.59341,0.42286,0.57357,0.34064,0.46305,0.44518,0.4381,0.49776,0.42237,0.56612,0.41908,0.57657,0.41306,0.53265,0.35082,0.52277,0.34441,0.54058,0.33049,0.6141,0.32823,0.59216,0.32751,0.54599,0.29502,0.54934,0.25286,0.63995,0.25358,0.69861,0.27595,0.73965,0.34895,0.83626,0.3523,0.87075,0.3566,0.89094,0.33205,0.88583,0.25821,0.82392,0.26886,0.85554,0.27547,0.89464,0.25774,0.90005,0.2387,0.87816,0.2072,0.85731,0.22435,0.91817,0.19787,0.93521,0.19661,0.94924,0.21322,0.96879,0.19228,0.97102,0.20697,0.98647,0.22048,0.99579,0.21663,1,0.19381,1,0.19028,0.99998,0.17445,0.98754,0.16834,0.97584,0.12285,0.98283,0.10535,0.97374,0.08163,0.95865,0.05924,0.89412,0.04112,0.52421,0.02587,0.60082,0.02497,0.67253,0.04055,0.69945,0.03027,0.70726,0.01088,0.69097,0,0.66018,0,0.6091,0.01036,0.5271,0.02356,0.482,0.09998,0.2561,0.15128,0.17963,0.18366,0.14556,0.25598,0.09249,0.3742,0.0477,0.50554,0.02735,0.61283,0.033,0.6549,0.02809],"triangles":[94,95,88,93,94,88,89,93,88,92,93,89,92,89,90,91,92,90,88,95,87,96,97,57,96,57,87,95,96,87,60,70,59,65,60,61,65,70,60,70,65,66,61,64,65,69,70,66,62,64,61,64,62,63,69,66,67,68,69,67,58,87,57,58,59,86,52,57,97,53,56,52,52,56,57,55,56,53,54,55,53,47,99,46,97,47,52,47,48,52,51,52,48,49,51,48,50,51,49,46,102,103,104,0,1,104,1,2,104,7,46,4,2,3,46,103,104,7,104,2,7,5,6,8,10,7,9,10,8,15,7,10,15,10,11,14,15,11,13,14,11,13,11,12,2,4,7,7,4,5,16,7,15,16,46,7,17,45,46,17,46,16,17,42,45,42,44,45,42,17,41,18,41,17,43,44,42,39,41,18,40,41,39,38,39,18,19,38,18,37,38,19,36,37,19,20,36,19,21,36,20,22,36,21,35,36,22,26,35,22,26,22,23,23,24,25,26,23,25,27,34,35,26,27,35,28,34,27,33,34,28,32,33,28,32,28,29,30,32,29,31,32,30,87,58,86,59,70,86,72,86,70,71,72,70,72,85,86,72,84,85,72,73,84,75,73,74,73,82,84,75,82,73,83,84,82,81,82,75,81,75,76,80,81,76,79,80,76,78,79,76,77,78,76,98,99,47,97,98,47,101,102,46,46,100,101,46,99,100],"vertices":[2,25,-101.71,18.78,0.04807,24,43.37,82.68,0.95193,2,25,-94.46,37.12,0.09775,24,61.12,91.27,0.90225,2,25,-79.36,64.48,0.26628,24,90.76,101.18,0.73372,2,25,-66.06,95.99,0.44743,24,121.88,115.37,0.55257,2,25,-46.61,108.29,0.5398,24,144.52,111.26,0.4602,2,25,-31.17,113,0.60779,24,159.08,104.27,0.39221,2,25,-11.17,112.85,0.69479,24,173.69,90.62,0.30521,2,25,-0.53,107.46,0.76078,24,177.87,79.44,0.23922,2,25,22.24,110.95,0.87808,24,196.99,66.6,0.12192,2,25,29.6,108.06,0.90196,24,200.45,59.48,0.09804,2,25,32.56,105.8,0.9159,24,201.1,55.82,0.0841,2,25,54.96,109.64,0.96626,24,220.19,43.48,0.03374,2,25,70.27,104.56,0.97359,24,228.01,29.37,0.02641,2,25,68.15,99.51,0.97319,24,223.03,27.1,0.02681,2,25,55.03,99.22,0.96545,24,213.18,35.77,0.03455,2,25,48.34,96.57,0.95796,24,206.47,38.34,0.04204,2,26,-59.68,54.76,0.02493,25,80.27,67.41,0.97507,2,26,-22.53,58.62,0.25873,25,117.28,62.3,0.74127,2,26,19.53,54.39,0.80241,25,157.11,48.17,0.19759,2,27,-23.23,36.07,0.15841,26,85.66,42.06,0.84159,2,27,6.22,35.94,0.66561,26,113.04,31.2,0.33439,2,27,16.84,33.67,0.84036,26,122.1,25.22,0.15964,1,27,58.54,19.44,1,1,27,66.57,23.89,1,1,27,67.62,30.47,1,1,27,75.13,32.96,1,1,27,80.35,10.14,1,1,27,90.15,6.42,1,1,27,108.83,3.61,1,1,27,130.15,10.27,1,1,27,141.54,-8.56,1,1,27,162.69,-39.04,1,1,27,123.83,-23.2,1,1,27,101.14,-17.83,1,1,27,91.54,-15.68,1,1,27,77.05,-16.83,1,4,27,6.56,-32.14,0.42752,26,88.53,-32.32,0.56687,25,203.46,-52.49,0.00298,28,124.3,165.6,0.00263,4,27,2.33,-34.74,0.30196,26,83.65,-33.19,0.68735,25,198.51,-52.17,0.0063,28,120.56,162.34,0.00439,4,27,-9.24,-45.2,0.06025,26,69.05,-38.72,0.88508,25,183.02,-54.06,0.03753,28,110.88,150.09,0.01714,4,27,-13.62,-51.72,0.02236,26,62.6,-43.19,0.88102,25,175.68,-56.86,0.06824,28,107.64,142.94,0.02837,4,27,-10.96,-57.54,0.01093,26,62.95,-49.58,0.86169,25,174.5,-63.16,0.09076,28,111.24,137.64,0.03662,4,27,-20.25,-74.4,0.00025,26,48.16,-61.9,0.73982,25,157.2,-71.59,0.18747,28,104.88,119.47,0.07246,3,26,46.58,-64,0.71426,25,155.17,-73.26,0.20563,28,104.61,116.85,0.08011,3,26,47.09,-78.27,0.64267,25,152.26,-87.24,0.25455,28,112.39,104.88,0.10278,3,26,34.65,-85.3,0.5921,25,138.51,-91.1,0.2875,28,105.33,92.46,0.1204,3,26,0.99,-93.83,0.35498,25,103.78,-91.36,0.40936,28,80.84,67.83,0.23565,3,26,-45.13,-98.86,0.05275,25,57.79,-85.26,0.25237,28,43.88,39.8,0.69487,2,28,118.18,18.82,0.01074,29,31.2,16.63,0.98926,1,29,62.49,16.19,1,3,20,149.57,147.2,0.00004,29,100.4,22.84,0.99254,30,50.06,89.18,0.00742,3,20,155.36,148.69,0.00005,29,106.35,23.47,0.99143,30,56.03,88.92,0.00853,2,20,135.51,134.42,0.00001,29,84.64,12.23,0.99999,2,29,89.8,-16.65,0.60965,30,33.68,51.72,0.39035,2,29,100.06,-15.92,0.44123,30,43.93,50.91,0.55877,3,29,140.35,-7.47,0.42094,30,85.03,53.25,0.5788,31,4.97,53.18,0.00026,3,29,129.38,-12.76,0.41884,30,73.4,49.65,0.58097,31,-7.1,51.61,0.00019,3,29,105.64,-22.17,0.38892,30,48.52,43.9,0.61075,31,-32.6,50.16,0.00033,3,29,112.73,-35.56,0.16515,30,53.53,29.59,0.82376,31,-30.09,35.21,0.01109,2,30,106.64,21.17,0.07237,31,20.82,17.89,0.92763,2,31,53.21,19.63,0.69344,32,-6.72,22.11,0.30656,2,31,75.43,30.97,0.1019,32,17.68,27.33,0.8981,1,32,77.13,48.81,1,1,32,96.09,46.21,1,1,32,107.42,45.75,1,1,32,102.21,35.26,1,1,32,61.41,9.26,1,1,32,79.55,10.3,1,1,32,101.32,8.63,1,1,32,102.47,-0.04,1,2,23,105.11,44.99,0.0103,32,88.75,-6.03,0.9897,2,23,92.22,31.58,0.40085,32,74.34,-17.78,0.59915,2,23,126.48,36.23,0.89618,32,108.92,-17.29,0.10382,2,23,134.68,23.12,0.95897,32,115.47,-31.3,0.04103,2,23,142.35,21.79,0.98476,32,122.93,-33.54,0.01524,2,23,153.85,28.4,0.99784,32,135.14,-28.36,0.00216,2,23,154.14,18.63,0.99743,32,134.25,-38.1,0.00257,1,23,163.3,24.58,1,2,23,169.03,30.31,1,32,150.44,-28.3,0,2,23,171.18,28.31,1,32,152.33,-30.55,0,1,23,170.16,17.79,1,2,23,169.99,16.16,1,32,149.69,-42.46,0,1,23,162.43,9.54,1,2,23,155.72,7.35,0.99966,32,134.46,-49.49,0.00034,1,23,157.54,-13.99,1,1,23,151.75,-21.57,1,1,23,142.38,-31.7,1,1,23,105.87,-38.57,1,3,22,-4.46,-47.87,0.05259,23,-98.55,-27.17,0.36741,54,83.14,6.75,0.58,4,21,145.99,-45.12,0,22,38.45,-49.74,0,54,125.77,11.94,0.00005,55,31.01,3.84,0.99995,1,55,70.67,4.1,1,1,55,85.43,11.58,1,1,55,89.83,6.89,1,1,55,80.98,-2.24,1,1,55,64.04,-7.57,1,2,54,133.55,1.75,0.00008,55,35.8,-8.06,0.99992,1,54,88.7,-6.46,1,1,54,63.04,-7.65,1,2,20,72.58,-66.67,0.7878,54,-66.78,-9,0.2122,3,19,161.27,-46.02,0.09902,20,24.08,-66.54,0.85465,54,-114.06,1.83,0.04632,3,19,138.67,-54.33,0.29721,20,0.32,-62.62,0.68632,54,-136.37,10.89,0.01647,3,19,94.81,-62,0.81943,20,-41.62,-47.68,0.18025,54,-173.98,34.72,0.00033,1,19,35.17,-54.72,1,2,19,-22.63,-32.73,0.86198,24,-19.8,35.53,0.13802,3,19,-63.45,-4.24,0.03844,25,-97.16,-12.73,0.00179,24,25.38,56.41,0.95977,3,19,-81.5,3.55,0.00174,25,-93.4,6.57,0.02513,24,41.22,68.07,0.97313],"edges":[0,208,0,2,2,4,4,6,6,8,8,10,10,12,12,14,14,16,16,18,18,20,20,22,22,24,24,26,26,28,28,30,30,32,32,34,34,36,36,38,38,40,40,42,42,44,44,46,46,48,48,50,50,52,52,54,54,56,56,58,58,60,60,62,62,64,64,66,66,68,68,70,70,72,72,74,74,76,76,78,78,80,80,82,82,84,84,86,86,88,88,90,90,92,92,94,94,96,96,98,98,100,100,102,102,104,104,106,106,108,108,110,110,112,112,114,114,116,116,118,118,120,120,122,122,124,124,126,126,128,128,130,130,132,132,134,134,136,136,138,138,140,140,142,142,144,144,146,146,148,148,150,150,152,152,154,154,156,156,158,158,160,160,162,162,164,164,166,166,168,168,170,170,172,172,174,180,182,182,184,184,186,186,188,188,190,190,192,192,194,194,196,196,198,198,200,200,202,202,204,204,206,206,208,178,180,174,176,176,178]}},"ys":{"ys":{"type":"mesh","hull":81,"width":680,"height":700,"uvs":[0.89022,0,0.91858,0.00989,0.95728,0.05022,0.98862,0.12312,1,0.15971,1,0.18959,0.97783,0.28085,0.96314,0.33134,0.94697,0.37272,0.94315,0.38779,0.93716,0.41944,0.93541,0.4289,0.93532,0.45489,0.92504,0.48431,0.92522,0.49008,0.9188,0.55477,0.91096,0.5764,0.91009,0.57977,0.90835,0.6102,0.89666,0.64897,0.89127,0.6557,0.8898,0.68962,0.87214,0.76,0.86644,0.76997,0.83171,0.8091,0.72203,0.84005,0.68859,0.84579,0.56508,0.84606,0.54678,0.843,0.42955,0.84457,0.42484,0.84216,0.35315,0.84562,0.18237,0.85142,0.1694,0.8515,0.12541,0.87654,0.11901,0.88118,0.09838,0.89417,0.09432,0.89836,0.07421,0.92588,0.07299,0.9355,0.05403,0.97863,0.0485,0.99741,0.04484,0.99805,0.03642,0.9863,0.00492,0.93106,0.00058,0.89994,0.00857,0.89869,0.02789,0.87433,0.00681,0.86575,0.01045,0.8624,0.02767,0.8739,0.04401,0.85186,0.05876,0.8281,0.09109,0.78734,0.11069,0.77688,0.18462,0.75645,0.23473,0.75498,0.31451,0.74348,0.44482,0.7148,0.44747,0.71667,0.54053,0.69025,0.61243,0.67408,0.64316,0.67408,0.65381,0.66893,0.67764,0.63182,0.68655,0.60021,0.69394,0.59646,0.6941,0.56877,0.69832,0.55768,0.69001,0.54595,0.71888,0.4606,0.71944,0.45589,0.73018,0.404,0.74754,0.32912,0.75267,0.30786,0.7584,0.26764,0.77735,0.16387,0.7981,0.08617,0.82017,0.05048,0.84418,0.02419,0.86891,0],"triangles":[47,50,51,48,49,50,47,48,50,33,53,54,34,53,33,52,53,34,52,36,51,34,35,52,35,36,52,37,47,51,36,37,51,38,47,37,46,47,38,44,45,46,44,46,38,39,44,38,40,44,39,43,44,40,41,43,40,42,43,41,25,63,24,62,63,25,30,57,58,30,58,59,27,28,60,59,60,28,29,30,59,28,29,59,31,57,30,26,62,25,61,27,60,61,62,26,27,61,26,55,33,54,32,55,56,31,32,56,31,56,57,32,33,55,3,4,5,79,80,0,1,79,0,79,1,2,78,79,2,3,78,2,3,77,78,77,3,5,5,76,77,6,76,5,6,75,76,7,75,6,74,75,7,8,74,7,73,74,8,9,73,8,10,72,73,9,10,73,11,72,10,11,13,72,13,71,72,11,12,13,70,71,13,14,15,70,14,70,13,68,69,70,15,68,70,16,68,15,17,68,16,17,66,68,68,66,67,66,17,18,18,20,66,19,20,18,20,64,66,20,21,64,21,22,64,22,23,64,66,64,65,63,64,23,23,24,63],"vertices":[1,40,-73.73,-16.02,1,1,40,-70.51,4.21,1,1,40,-47.67,35.32,1,1,40,-1.5,65.75,1,1,40,22.23,78.12,1,1,40,42.78,82.02,1,1,40,108.35,79.09,1,1,40,144.93,75.85,1,1,40,175.44,70.44,1,1,40,186.29,69.85,1,1,40,208.81,69.97,1,1,40,215.54,70.03,1,1,40,233.43,73.36,1,1,40,254.97,70.33,1,1,40,258.91,71.19,1,1,40,304.22,75.33,1,1,40,320.09,72.91,1,1,40,322.51,72.77,1,1,40,343.66,75.57,1,1,40,371.81,72.81,1,1,40,377.12,70.09,1,1,40,400.63,73.52,1,2,40,451.27,70.89,0.89862,41,-67.93,20.25,0.10138,2,40,458.85,68.38,0.85916,41,-63.35,26.79,0.14084,2,40,490.16,50.27,0.56234,41,-37.01,51.57,0.43766,2,40,525.32,-18.98,0.00277,41,39.43,65.33,0.99723,1,41,62.47,66.96,1,1,41,146.01,58.38,1,1,41,158.16,54.96,1,1,41,237.56,47.73,1,1,41,240.57,45.73,1,1,41,289.3,43.05,1,2,41,405.23,34.98,0.64303,42,11.72,36.75,0.35697,2,41,414,34.11,0.4276,42,17.59,30.17,0.5724,2,41,445.58,48.42,0.00485,42,50.52,19.32,0.99515,2,41,450.25,51.2,0.00028,42,55.84,18.2,0.99972,1,42,71.93,13.69,1,1,42,75.96,13.56,1,1,42,99.45,16.04,1,1,42,105.05,19.86,1,1,42,136.23,30.15,1,1,42,148.57,36.02,1,1,42,150.55,34.46,1,1,42,148.17,24.72,1,1,42,133.33,-16.92,1,1,42,118.93,-33.53,1,1,42,114.68,-30.03,1,1,42,93.2,-31.46,1,1,42,98.18,-46.18,1,1,42,94.78,-45.87,1,1,42,93.07,-31.77,1,1,42,74.16,-33.63,1,1,42,55.05,-37.1,1,2,41,462.28,-16.11,0.00711,42,19.11,-39.47,0.99289,2,41,448.26,-22,0.10955,42,4.8,-34.32,0.89045,2,41,396.77,-30.98,0.9991,42,-39.17,-6.06,0.0009,1,41,362.77,-28.45,1,1,41,307.98,-30.8,1,1,41,217.76,-41.52,1,1,41,216.1,-40.03,1,1,41,151.24,-51.83,1,2,40,425.04,-113.82,0.04757,41,101.43,-57.99,0.95243,2,40,421.15,-93.29,0.16156,41,80.65,-55.81,0.83844,2,40,416.26,-86.85,0.25334,41,73.07,-58.64,0.74666,2,40,387.72,-75.76,0.64139,41,54.25,-82.78,0.35861,2,40,364.85,-73.92,0.82797,41,45.91,-104.16,0.17203,2,40,361.34,-69.47,0.85972,41,40.64,-106.24,0.14028,2,40,342.28,-72.97,0.94408,41,38.51,-125.51,0.05592,2,40,334.11,-71.6,0.96581,41,34.85,-132.93,0.03419,2,40,327.1,-78.68,0.97928,41,39.61,-141.69,0.02072,2,40,264.75,-70.51,1,41,13.86,-199.05,0,1,40,261.43,-70.75,1,1,40,224.38,-70.33,1,1,40,170.69,-68.48,1,1,40,155.42,-67.83,1,1,40,127.03,-69.23,1,1,40,53.26,-70.09,1,1,40,-2.8,-66.35,1,1,40,-30.15,-56.25,1,1,40,-51.27,-43.64,1,1,40,-71.03,-30.26,1],"edges":[0,160,0,2,2,4,4,6,6,8,8,10,10,12,12,14,14,16,16,18,18,20,20,22,22,24,24,26,26,28,28,30,30,32,32,34,34,36,36,38,38,40,40,42,42,44,44,46,46,48,48,50,50,52,52,54,54,56,56,58,58,60,60,62,62,64,64,66,66,68,68,70,70,72,72,74,74,76,76,78,78,80,80,82,82,84,84,86,86,88,88,90,90,92,92,94,94,96,96,98,98,100,100,102,102,104,104,106,106,108,108,110,110,112,112,114,114,116,116,118,118,120,120,122,122,124,124,126,126,128,128,130,130,132,132,134,134,136,136,138,138,140,140,142,142,144,144,146,146,148,148,150,150,152,152,154,154,156,156,158,158,160]}},"st":{"st":{"type":"mesh","hull":68,"width":511,"height":805,"uvs":[0.54648,0,0.59869,0,0.6338,0.01198,0.6345,0.06036,0.65774,0.07702,0.75315,0.1372,0.77498,0.14617,0.82421,0.15654,0.98211,0.15635,0.99954,0.17446,1,0.18541,1,0.22654,0.97604,0.28235,0.94183,0.34901,0.92781,0.3768,0.85373,0.54352,0.81874,0.64781,0.81612,0.64578,0.79911,0.70422,0.79307,0.73104,0.79262,0.74322,0.78169,0.79912,0.77291,0.86759,0.76154,0.92069,0.76138,0.92874,0.78281,0.94138,0.74119,0.97765,0.71046,0.98521,0.66784,0.9906,0.6386,0.9889,0.6315,0.99039,0.58182,0.99895,0.51322,0.99888,0.36254,0.98077,0.28935,0.98072,0.19857,0.97116,0.1335,0.95703,0.10786,0.94743,0.04328,0.93629,0.00004,0.903,0.01774,0.85748,0.02219,0.82242,0.0764,0.76082,0.086,0.72783,0.0795,0.68787,0.0843,0.67519,0.08229,0.65646,0.05051,0.61944,0.041,0.59035,0.03944,0.56085,0.04961,0.52957,0.07107,0.49224,0.10339,0.45844,0.11534,0.43591,0.10809,0.39739,0.0916,0.36456,0.09852,0.34982,0.12473,0.30275,0.17031,0.234,0.20318,0.19817,0.2948,0.15551,0.30282,0.14977,0.3694,0.11417,0.34737,0.09448,0.35105,0.07038,0.39496,0.04033,0.44132,0.02139,0.48691,0.00804,0.12431,0.47219,0.22498,0.44244,0.30657,0.45456,0.35691,0.48982,0.43675,0.4799,0.52701,0.45566,0.66588,0.46338,0.74052,0.46889,0.12431,0.67824,0.18853,0.70138,0.26838,0.69146,0.3274,0.67053,0.39509,0.68926,0.49751,0.73333,0.61033,0.72011,0.68324,0.69587,0.44543,0.7157,0.56,0.72121,0.15902,0.51957,0.12951,0.55152,0.14166,0.62425,0.17465,0.66281,0.24061,0.654,0.24061,0.61874,0.26838,0.54381,0.4732,0.51847,0.42981,0.56915,0.41419,0.63086,0.45932,0.68485,0.52701,0.69036,0.52007,0.62204,0.54611,0.55263,0.67803,0.51516,0.66935,0.56585,0.62943,0.64629,0.61207,0.68154],"triangles":[62,73,61,5,62,4,4,62,3,62,5,73,3,62,66,62,65,66,1,2,3,3,66,67,3,67,0,3,0,1,63,64,62,62,64,65,75,74,14,14,74,13,13,74,73,13,73,6,73,5,6,7,13,6,13,7,12,11,12,10,8,10,7,7,10,12,9,10,8,70,58,60,61,73,60,57,69,56,58,70,57,60,58,59,55,56,54,69,54,56,92,71,94,93,71,72,93,94,71,92,70,71,92,69,70,93,72,73,71,70,72,72,70,73,73,70,60,69,57,70,69,53,54,22,85,82,22,82,21,20,21,82,20,82,83,20,83,19,81,97,85,19,83,18,82,85,103,82,103,83,103,85,97,18,83,17,103,102,83,83,102,17,103,97,98,97,96,98,96,95,98,103,98,102,16,17,15,98,99,102,102,101,17,102,99,101,17,101,15,95,94,98,94,95,92,98,94,99,94,93,99,101,100,15,101,99,100,93,73,99,100,73,74,100,99,73,100,75,15,15,75,14,100,74,75,76,44,45,76,89,77,77,89,90,88,89,76,76,45,46,76,46,88,90,89,91,46,47,88,89,88,91,79,90,91,91,88,87,87,88,48,88,47,48,91,87,92,95,91,92,92,87,86,48,49,87,49,50,87,86,87,51,86,69,92,87,50,51,51,68,86,86,68,69,51,52,68,52,53,68,68,53,69,30,31,81,81,31,32,27,28,23,29,30,81,23,28,29,24,26,27,29,81,23,32,33,81,23,81,85,81,33,84,84,33,34,26,24,25,23,24,27,84,34,35,84,35,78,78,35,36,42,78,36,78,42,77,78,80,84,78,79,80,42,37,41,36,37,42,77,42,43,39,40,38,37,38,40,41,37,40,85,22,23,84,96,81,81,96,97,43,44,76,43,76,77,84,80,96,77,90,78,78,90,79,96,80,95,80,79,95,95,79,91],"vertices":[2,8,8.35,201.85,0.00025,5,152.27,-26.57,0.99975,2,8,35.03,201.57,0.00389,5,150.5,-53.2,0.99611,2,8,52.87,191.74,0.00899,5,139.69,-70.46,0.99101,2,8,52.81,152.79,0.07501,5,100.81,-68.24,0.92499,2,8,64.54,139.26,0.16335,5,86.64,-79.2,0.83665,2,8,112.79,90.3,0.65633,5,35.08,-124.65,0.34367,2,8,123.87,82.96,0.76274,5,27.13,-135.3,0.23726,2,8,148.94,74.35,0.90851,5,17.15,-159.85,0.09149,2,8,229.62,73.65,0.99966,5,11.96,-240.38,0.00034,1,8,238.37,58.98,1,1,8,238.51,50.16,1,2,43,285.01,307.46,0.00023,8,238.17,17.06,0.99977,3,43,274.38,262.12,0.01825,3,343.16,-275.55,0.0012,8,225.45,-27.74,0.98055,3,43,258.82,207.87,0.11992,3,287.56,-265.85,0.01834,8,207.4,-81.21,0.86174,3,43,252.46,185.26,0.19151,3,264.4,-261.94,0.03089,8,200.01,-103.5,0.7776,3,43,219.42,49.79,0.80346,3,126.18,-243.49,0.02713,8,160.74,-237.31,0.16941,3,2,239.02,-239.97,0.04619,43,204.55,-34.75,0.95159,8,141.98,-321.07,0.00222,4,2,240.56,-238.52,0.04456,43,203.16,-33.16,0.95269,3,41.97,-236.14,0.00001,8,140.66,-319.42,0.00275,2,2,193.01,-233.21,0.18794,43,196.14,-80.49,0.81206,2,2,171.25,-231.68,0.27351,43,193.83,-102.18,0.72649,2,2,161.46,-232.15,0.31166,43,193.95,-111.99,0.68834,2,2,116.17,-229.8,0.48207,43,189.98,-157.16,0.51793,2,2,60.88,-229.26,0.65066,43,187.46,-212.39,0.34934,2,2,17.82,-226.52,0.74097,43,183.18,-255.32,0.25903,2,2,11.36,-226.91,0.75184,43,183.33,-261.8,0.24816,2,2,1.99,-238.55,0.76198,43,194.63,-271.58,0.23802,2,2,-28.66,-219.43,0.78022,43,174.42,-301.52,0.21978,2,2,-35.85,-204.2,0.79021,43,158.95,-308.16,0.20979,2,2,-41.73,-182.79,0.80817,43,137.34,-313.27,0.19183,2,2,-41.43,-167.78,0.8246,43,122.35,-312.44,0.1754,2,2,-42.89,-164.25,0.82992,43,118.77,-313.76,0.17008,2,2,-51.58,-139.42,0.86262,43,93.65,-321.56,0.13738,2,2,-54.03,-104.46,0.9032,43,58.62,-322.75,0.0968,2,2,-44.99,-26.61,0.98635,43,-18.85,-310.93,0.01365,2,2,-47.63,10.69,0.99938,43,-56.23,-312.23,0.00062,2,2,-43.27,57.52,0.99995,44,-35.39,302.9,0.00005,2,2,-34.3,91.49,0.99782,44,-0.28,301.38,0.00218,2,2,-27.53,105.11,0.99559,44,14.47,297.67,0.00441,2,2,-20.94,138.67,0.99043,44,48.66,298.39,0.00957,2,2,4.21,162.63,0.98402,44,77.43,278.93,0.01598,2,2,41.4,156.23,0.96461,44,79.1,241.22,0.03539,2,2,69.72,155.97,0.93748,44,84.9,213.51,0.06252,2,2,121.16,131.89,0.81102,44,72.34,158.11,0.18898,2,2,148,128.9,0.67416,44,75.14,131.25,0.32584,2,2,179.84,134.51,0.4805,44,87.41,101.34,0.5195,2,2,190.21,132.79,0.41254,44,87.94,90.85,0.58746,2,2,205.17,134.9,0.28776,44,93.19,76.67,0.71224,2,2,233.73,153.22,0.09676,44,117.18,52.68,0.90324,2,2,256.74,159.75,0.03308,44,128.47,31.59,0.96692,3,2,280.37,162.24,0.00339,44,135.94,9.03,0.99661,5,-281.1,261.81,0,4,44,138.07,-16.59,0.96384,3,79.02,164.85,0.02534,10,200.91,210.89,0.01082,5,-256.32,254.96,0,4,44,136.04,-48.51,0.82229,3,110.33,158.26,0.12416,10,187.88,181.67,0.05355,5,-227.06,242.03,0,4,44,127.89,-79.28,0.59091,3,139.61,145.77,0.2703,10,169.52,155.67,0.13879,5,-201,223.75,0.00001,4,44,127.16,-98.41,0.42287,3,158.43,142.3,0.34425,10,162.17,138,0.23288,5,-183.3,216.46,0.00001,4,44,139.47,-127.1,0.23131,3,188.59,150.36,0.34784,10,163.71,106.81,0.42084,5,-152.12,218.1,0.00001,4,44,155.02,-150.07,0.14747,3,213.56,162.45,0.29309,10,170.28,79.86,0.55942,5,-125.19,224.76,0.00002,4,44,154.99,-162.46,0.124,3,225.81,160.63,0.26793,10,165.93,68.26,0.60806,5,-113.58,220.45,0.00002,4,44,152.84,-202.58,0.04327,3,265.21,152.75,0.12464,10,149.94,31.4,0.83207,5,-76.67,204.58,0.00002,4,44,146.14,-262.25,0.00004,3,323.3,137.54,0.00012,10,122.86,-22.2,0.99676,5,-22.98,177.68,0.00308,4,44,138.18,-294.67,0.00001,3,354.24,125,0.00004,10,104.1,-49.8,0.96814,5,4.69,159.01,0.0318,5,44,102.97,-340.84,0,3,394.87,83.52,0.00001,10,55.02,-80.81,0.73702,4,83.29,113.52,0.0025,5,35.86,110.03,0.26048,5,44,100.35,-346.43,0,3,400.02,80.12,0.00001,10,50.61,-85.14,0.68953,4,89.22,111.81,0.00465,5,40.19,105.63,0.30582,5,44,75.81,-383.53,0,3,433.22,50.51,0,10,14.68,-111.37,0.24028,4,129.71,93.4,0.00661,5,66.54,69.79,0.75311,5,44,91.08,-395.55,0,3,447.31,63.9,0,10,24.81,-127.96,0.12913,4,139.19,110.37,0.00035,5,83.1,79.97,0.87052,3,3,466.78,64.79,0,10,21.59,-147.18,0.08748,5,102.34,76.82,0.91252,3,3,493.91,46.01,0,10,-2.47,-169.76,0.03228,5,124.99,52.83,0.96772,2,10,-27.17,-183.33,0.00588,5,138.64,28.18,0.99412,2,10,-51.15,-192.43,0.00004,5,147.82,4.22,0.99996,4,44,114.51,-71.68,0.63407,3,130.16,133.62,0.25265,10,159.62,167.45,0.11328,5,-212.75,213.82,0,4,44,71.93,-109.19,0.29779,3,161.17,86.09,0.5419,10,106.64,147.13,0.16031,5,-192.26,160.9,0.00001,4,44,29.18,-111.61,0.13736,3,157.42,43.44,0.80716,10,65.73,159.76,0.05548,5,-204.75,119.95,0,4,44,-3.52,-91.65,0.0438,3,132.97,13.95,0.95089,10,42.04,189.86,0.00531,5,-234.77,96.16,0,3,43,4.65,93.36,0.09848,3,146.66,-25.31,0.88803,8,-51.78,-183.86,0.01349,4,43,50.05,114.51,0.25588,3,172.51,-68.2,0.62574,4,-83.91,-97.44,0.00024,8,-5.46,-164.83,0.11814,3,43,121.19,110.84,0.48554,3,176.43,-139.32,0.23587,8,65.43,-171.79,0.27859,3,43,159.46,107.77,0.54321,3,177.45,-177.71,0.12513,8,103.52,-176.62,0.33166,2,2,189.22,112.23,0.44047,44,67.64,87.43,0.55953,2,2,172.98,78.16,0.63011,44,30.89,96.02,0.36989,3,2,183.86,38.03,0.76964,44,-5.99,76.83,0.22126,3,-34.13,35.71,0.0091,3,2,202.83,9.16,0.91943,44,-30.16,52.15,0.05837,3,-13.17,8.25,0.0222,3,2,190.26,-26.43,0.79785,43,-10.61,-75.82,0.15156,3,-23.19,-28.13,0.0506,3,2,158.62,-81.16,0.62566,43,42.96,-109.41,0.3737,3,-50.89,-84.97,0.00064,2,2,173.35,-137.91,0.3655,43,100.2,-96.72,0.6345,2,2,195.48,-173.67,0.21329,43,136.73,-75.89,0.78671,3,2,170.87,-53.6,0.7139,43,15.86,-96.18,0.27648,3,-40.61,-56.62,0.00962,2,2,170.63,-112.31,0.44746,43,74.52,-98.52,0.55254,4,44,86.71,-40.11,0.81691,3,94.92,110.65,0.14963,10,144.57,206.73,0.03345,5,-251.98,198.64,0,4,44,93.91,-11.17,0.97522,3,67.32,121.93,0.01989,10,161.4,231.35,0.00489,5,-276.65,215.38,0,2,2,233.2,106.49,0.15961,44,71.41,43.23,0.84039,3,2,203.44,87.46,0.39385,44,46.47,68.25,0.60543,3,-18.09,86.39,0.00071,3,2,212.93,54.34,0.40525,44,16.15,51.92,0.55258,3,-6.29,54.04,0.04218,3,2,241.24,56.37,0.12436,44,24.17,24.69,0.86068,3,21.81,58.06,0.01496,4,44,27.6,-37.18,0.63111,3,83.53,52.56,0.36192,10,90.18,230.08,0.00697,5,-275.15,144.17,0,3,43,24.38,63,0.40558,3,118.57,-48.15,0.57712,8,-33.49,-215.1,0.0173,3,43,3.67,21.43,0.67705,3,75.03,-31.99,0.32249,8,-56.09,-255.67,0.00046,3,2,237.85,-32.8,0.09891,43,-2.53,-28.49,0.54186,3,24.73,-31.13,0.35924,3,2,196.15,-58.91,0.50767,43,22.07,-71.1,0.44406,3,-15.02,-60.12,0.04828,3,2,194.2,-93.73,0.37777,43,56.8,-74.3,0.6179,3,-14.51,-94.99,0.00433,3,2,248.8,-86.26,0.05847,43,51.29,-19.47,0.94053,3,39.43,-83.68,0.001,3,43,62.59,36.85,0.82913,3,96.63,-88.93,0.1509,8,3.48,-242.99,0.01997,3,43,128.88,69.4,0.73009,3,136.04,-151.38,0.12588,8,71.2,-213.54,0.14402,3,43,125.91,28.46,0.93214,3,95.03,-152.78,0.03353,8,66.34,-254.29,0.03432,2,2,233.33,-143.39,0.08768,43,107.83,-36.98,0.91232,2,2,204.38,-136.57,0.22076,43,99.98,-65.66,0.77924],"edges":[0,134,0,2,2,4,4,6,6,8,8,10,10,12,12,14,14,16,16,18,18,20,20,22,22,24,24,26,26,28,28,30,30,32,32,34,34,36,36,38,38,40,40,42,42,44,44,46,46,48,48,50,50,52,52,54,54,56,56,58,58,60,60,62,62,64,64,66,66,68,68,70,70,72,72,74,74,76,76,78,78,80,80,82,82,84,84,86,86,88,88,90,90,92,92,94,94,96,96,98,98,100,100,102,102,104,104,106,106,108,108,110,110,112,112,114,114,116,116,118,118,120,120,122,122,124,124,126,126,128,128,130,130,132,132,134]}},"lian":{"lian":{"y":0.5,"width":274,"height":397}},"zs_1":{"zs_1":{"x":-7.74,"y":-157.2,"width":194,"height":537}},"zs_2":{"zs_2":{"type":"mesh","hull":51,"width":306,"height":549,"uvs":[0.55874,0.02311,0.73691,0.02664,0.7689,0.03489,0.85677,0.06548,0.92168,0.0956,0.92168,0.11688,1,0.14773,1,0.15328,0.99626,0.16689,0.97755,0.17674,0.91016,0.17674,0.7613,0.15321,0.64462,0.15828,0.816,0.2402,0.79426,0.25139,0.77626,0.25156,0.75389,0.24774,0.66812,0.21958,0.65408,0.2152,0.57086,0.20585,0.53375,0.21372,0.2829,0.24945,0.26234,0.28161,0.26166,0.35478,0.26489,0.36702,0.28944,0.51014,0.28969,0.51717,0.34272,0.65175,0.35458,0.68049,0.40108,0.7575,0.43383,0.8304,0.43178,0.87265,0.39273,0.92513,0.30959,0.96329,0.22882,0.99478,0.20993,1,0.1962,1,0.16612,0.98911,0.11104,0.95326,0.05206,0.90558,0.01261,0.84295,0.00445,0.8236,0,0.75255,0,0.70933,0.00746,0.5539,0.04031,0.35004,0.09142,0.16501,0.16294,0.12449,0.20111,0.10725,0.38962,0.05729,0.51891,0.02735],"triangles":[12,13,17,16,17,13,13,15,16,14,15,13,12,20,49,19,20,12,17,18,12,19,12,18,5,3,4,6,10,5,10,6,7,8,9,7,10,11,5,7,9,10,11,1,2,11,2,3,5,11,3,12,0,1,12,1,11,12,50,0,12,49,50,21,48,49,21,49,20,47,48,21,46,47,21,22,46,21,45,46,22,23,45,22,45,25,44,24,45,23,25,45,24,44,25,26,44,26,27,43,28,42,27,43,44,42,29,41,27,28,43,29,42,28,40,41,29,30,40,29,30,39,40,31,39,30,32,39,31,33,38,39,32,33,39,34,37,38,33,34,38,36,37,34,35,36,34],"vertices":[2,35,147.78,37.72,0.63658,36,-17.25,33.92,0.36342,1,36,36.83,41.14,1,2,36,47.23,38.31,0.99927,37,-36.96,28.98,0.00073,2,36,76.55,26.25,0.65872,37,-5.42,25.78,0.34128,2,36,98.9,13.28,0.01451,37,19.7,19.71,0.98549,1,37,24.86,9.23,1,1,37,53.84,4.61,1,1,37,55.18,1.88,1,1,37,57.46,-5.33,1,1,37,54.71,-12.71,1,2,36,102.89,-31.23,0.00558,37,36.21,-21.82,0.99442,3,36,55.82,-26.12,0.85876,37,-10.37,-30.34,0.09776,38,58.43,33.46,0.04347,3,35,140.3,-40.65,0.01379,36,21.08,-34.84,0.2814,38,27.97,14.63,0.70481,2,35,168.88,-103.55,0,39,44.98,5.97,1,1,39,43.29,-2.92,1,1,39,38.92,-6.27,1,1,39,32.17,-8.66,1,2,38,49.78,-11.99,0.45005,39,1.88,-11.85,0.54995,2,38,44.86,-11.83,0.75011,39,-3.01,-12.47,0.24989,2,35,108.82,-54.81,0.00008,38,19.87,-18.93,0.99992,2,35,96.7,-53.93,0.07403,38,11.76,-27.98,0.92597,3,34,184.04,-34.21,0.52577,35,18.83,-39.34,0.45062,38,-47.47,-80.59,0.02361,3,34,166.26,-28.26,0.90641,35,5.68,-52.7,0.09122,38,-44.97,-99.17,0.00237,1,34,126.1,-28.85,1,1,34,119.4,-29.97,1,2,33,214.14,-43.54,0.04052,34,40.99,-39.02,0.95948,2,33,210.3,-43.24,0.06218,34,37.13,-39.17,0.93782,2,33,135.19,-52.21,0.97199,34,-36.42,-56.85,0.02801,2,33,119.13,-54.29,0.9974,34,-52.13,-60.79,0.0026,1,33,75.67,-64.34,1,1,33,34.86,-70.43,1,1,33,11.84,-67.55,1,1,33,-15.68,-52.85,1,1,33,-34.05,-25.5,1,1,33,-48.86,0.78,1,1,33,-51.15,6.81,1,1,33,-50.74,10.99,1,1,33,-43.9,19.57,1,1,33,-22.67,34.43,1,1,33,5.14,49.85,1,1,33,40.53,58.53,1,1,33,51.35,59.98,1,1,33,90.3,57.54,1,1,33,113.92,55.24,1,2,33,198.62,44.67,0.24351,34,15.27,46.77,0.75649,1,34,127.37,38.93,1,2,34,229.24,25.29,0.44128,35,-14.74,27.41,0.55872,2,34,251.91,3.84,0.01678,35,14.49,38.34,0.98322,1,35,29.07,42,1,1,35,92.94,42.53,1,2,35,135.74,40.75,0.81833,36,-28.88,29.58,0.18167],"edges":[0,100,0,2,2,4,4,6,6,8,8,10,10,12,12,14,14,16,16,18,18,20,20,22,22,24,24,26,26,28,28,30,30,32,32,34,34,36,36,38,38,40,40,42,42,44,44,46,46,48,48,50,50,52,52,54,54,56,56,58,58,60,60,62,62,64,64,66,66,68,68,70,70,72,72,74,74,76,76,78,78,80,80,82,82,84,84,86,86,88,88,90,90,92,92,94,94,96,96,98,98,100]}},"qunzi":{"qunzi":{"type":"mesh","hull":72,"width":597,"height":650,"uvs":[0.21263,0,0.23283,0,0.25009,0.00784,0.27264,0.02197,0.28485,0.024,0.33433,0.04121,0.38427,0.05287,0.42951,0.05729,0.48805,0.07607,0.56123,0.07516,0.61033,0.0844,0.61663,0.08763,0.63817,0.0842,0.6526,0.09215,0.66642,0.09228,0.72548,0.08767,0.78255,0.08762,0.78658,0.08653,0.82794,0.08295,0.83743,0.07921,0.8478,0.06689,0.86726,0.07583,0.8901,0.11932,0.91499,0.18037,0.95195,0.29429,0.96912,0.3736,0.98128,0.44473,0.99141,0.54248,0.99514,0.60921,0.99489,0.76368,0.98749,0.7838,0.99065,0.78617,0.98213,0.84964,0.96804,0.93621,0.95722,0.9477,0.89665,0.97429,0.85016,0.99035,0.80281,0.99657,0.74033,0.99851,0.60995,0.99879,0.4289,0.96667,0.38228,0.95598,0.35956,0.95099,0.27701,0.93668,0.21296,0.91888,0.1656,0.90317,0.13089,0.89664,0.0708,0.86995,0.03526,0.85076,0.02224,0.84319,0.01302,0.79809,0.00945,0.7972,0.0133,0.75196,0.01171,0.74211,0.00097,0.63392,0.0019,0.57647,0.00321,0.55353,0,0.55205,0,0.54594,0.00385,0.50527,0.00914,0.45726,0.02565,0.37603,0.02759,0.36182,0.02593,0.35499,0.03809,0.28929,0.0749,0.19018,0.10139,0.13517,0.10464,0.12616,0.12455,0.06834,0.14855,0.03217,0.16036,0.02407,0.20259,0.00094],"triangles":[30,43,44,62,45,46,62,46,47,56,47,55,47,56,61,49,50,48,52,48,50,50,51,52,45,27,44,52,47,48,53,54,47,47,54,55,47,52,53,56,57,58,64,13,62,62,47,61,60,61,56,60,56,59,59,56,58,62,63,64,64,65,13,8,65,66,6,66,67,3,67,68,38,39,32,37,38,32,36,37,32,35,36,32,34,35,32,40,32,39,32,40,41,32,41,42,33,34,32,43,32,42,30,32,43,28,30,44,32,30,31,28,44,27,29,30,28,26,14,25,25,14,24,14,26,45,27,45,26,24,14,23,16,22,23,14,45,13,23,14,15,23,15,16,16,17,22,17,18,22,18,19,22,19,21,22,19,20,21,62,13,45,13,65,11,11,65,8,11,12,13,10,11,9,11,8,9,6,8,66,8,6,7,5,6,67,5,67,4,67,3,4,70,3,68,70,68,69,70,2,3,2,70,0,70,71,0,0,1,2],"vertices":[1,45,186.65,-42.85,1,1,45,174.92,-45.69,1,1,45,163.72,-43.16,1,1,45,148.47,-37.4,1,1,45,141.07,-37.83,1,1,45,109.73,-33.91,1,1,45,78.97,-33.56,1,2,45,52.04,-37.12,0.99801,46,-40.41,50.69,0.00199,2,45,15.21,-33.47,0.69658,46,-5.83,37.48,0.30342,2,45,-27.12,-44.33,0.01865,46,37.86,36.82,0.98135,1,46,66.98,29.97,1,1,46,70.69,27.77,1,1,46,83.6,29.63,1,1,46,92.07,24.21,1,1,46,100.31,23.89,1,1,46,135.64,25.88,1,1,46,169.7,24.93,1,1,46,172.13,25.57,1,2,46,196.87,27.19,1,50,-45.47,12.3,0,2,46,202.61,29.45,1,50,-46.18,18.43,0,2,46,209.02,37.28,0.99999,50,-52.08,26.65,0.00001,1,46,220.47,31.14,1,2,46,233.29,2.49,0.87203,50,-12.21,41.11,0.12797,2,46,247,-37.6,0.14502,50,30.07,44.02,0.85498,2,50,107.33,44.01,0.90666,51,-27.31,40.71,0.09334,2,50,159.66,39.11,0.0712,51,25.21,42.88,0.9288,1,51,72.01,42.92,1,2,51,135.72,39.08,0.88763,52,-24.42,35.53,0.11237,2,51,178.92,34.59,0.11793,52,18.93,38.26,0.88207,1,52,119.33,39.28,1,1,52,132.45,35.01,1,1,52,133.97,36.91,1,1,52,175.28,32.3,1,2,52,231.65,24.55,0.99962,49,254.56,545.27,0.00038,2,52,239.19,18.18,0.9989,49,261.99,538.76,0.0011,2,52,256.89,-17.78,0.98298,49,279.03,502.48,0.01702,2,52,267.66,-45.41,0.96003,49,289.29,474.66,0.03997,4,51,409.95,-117.73,0.00001,52,272.02,-73.63,0.93043,48,388.63,481.7,0.00003,49,293.14,446.36,0.06953,5,46,127.5,-566.18,0.00013,51,405.44,-154.78,0.00123,52,273.72,-110.91,0.87552,48,394.65,444.86,0.00039,49,294.16,409.05,0.12274,6,45,-196.62,532.34,0.0001,46,49.69,-564.13,0.00122,51,393.61,-231.71,0.00882,52,274.81,-188.74,0.72147,48,404.77,367.69,0.00232,49,293.82,331.22,0.26606,6,45,-86.65,537.48,0.00096,46,-57.76,-540.15,0.00308,51,356.29,-335.28,0.01833,52,255.19,-297.07,0.44893,48,397.87,257.82,0.00532,49,272.22,223.27,0.52338,6,45,-57.97,537.27,0.00102,46,-85.37,-532.41,0.00306,51,345.13,-361.7,0.018,52,248.56,-324.97,0.3747,48,394.53,229.33,0.00497,49,265.09,195.49,0.59825,6,45,-44.02,537.31,0.00096,46,-98.84,-528.78,0.00292,51,339.83,-374.6,0.01729,52,245.48,-338.58,0.33819,48,393.05,215.46,0.00445,49,261.75,181.95,0.63619,6,45,6.06,539.86,0.00062,46,-147.83,-518.06,0.00209,51,323.03,-421.85,0.01314,52,236.75,-387.96,0.2192,48,390.11,165.4,0.00207,49,252.12,132.73,0.76289,6,45,45.95,537.61,0.00028,46,-185.72,-505.4,0.00124,51,305.7,-457.85,0.00878,52,225.63,-426.33,0.13836,48,383.53,126,0.00044,49,240.3,94.57,0.85091,5,45,75.83,534.34,0.00007,46,-213.69,-494.38,0.00061,51,291.25,-484.21,0.00528,52,215.75,-454.72,0.08312,49,229.9,66.37,0.91092,5,45,96.97,535.09,0,46,-234.29,-489.54,0.00028,51,283.85,-504.03,0.0032,52,211.74,-475.5,0.05206,49,225.51,45.67,0.94446,4,46,-269.65,-471.17,0.00001,51,261.18,-536.79,0.0006,52,194.81,-511.57,0.01155,49,207.93,9.91,0.98784,3,51,245.58,-555.83,0.00003,52,182.59,-532.93,0.00099,49,195.31,-11.22,0.99899,2,52,177.76,-540.76,0.00013,49,190.34,-18.96,0.99987,1,49,160.99,-24.27,1,1,49,160.4,-26.4,1,1,49,131.01,-23.9,1,1,49,124.6,-24.81,1,1,49,54.23,-30.75,1,2,48,178.87,-27.41,0.09574,49,16.89,-29.95,0.90426,2,48,163.99,-28.53,0.39885,49,1.99,-29.06,0.60115,2,48,163.28,-30.56,0.4294,49,1.02,-30.98,0.5706,2,48,159.34,-31.07,0.49935,49,-2.96,-30.95,0.50065,2,48,132.83,-32.16,0.95175,49,-29.37,-28.48,0.04825,1,48,101.47,-33.02,1,1,48,47.85,-29.98,1,1,48,38.53,-30.01,1,2,47,179.55,-22.53,0.00469,48,34.26,-31.57,0.99531,2,47,137.09,-31.11,0.67397,48,-9.02,-29.82,0.32603,1,47,69.07,-33.77,1,2,45,230.53,58.16,0.00087,47,30.02,-31.87,0.99913,2,45,230.02,52.01,0.00852,47,23.86,-32.16,0.99148,2,45,227.3,12.69,0.42461,47,-15.48,-34.58,0.57539,2,45,218.91,-13.53,0.87726,47,-42.58,-29.67,0.12274,2,45,213.29,-20.31,0.95204,47,-50.02,-24.98,0.04796,1,45,192.33,-40.85,1],"edges":[0,142,0,2,2,4,4,6,6,8,8,10,10,12,12,14,14,16,16,18,18,20,20,22,22,24,24,26,26,28,28,30,30,32,32,34,34,36,36,38,38,40,40,42,42,44,44,46,46,48,48,50,50,52,52,54,54,56,56,58,58,60,60,62,62,64,64,66,66,68,68,70,70,72,72,74,74,76,76,78,78,80,80,82,82,84,84,86,86,88,88,90,90,92,92,94,94,96,96,98,98,100,100,102,102,104,104,106,106,108,108,110,110,112,112,114,114,116,116,118,118,120,120,122,122,124,124,126,126,128,128,130,130,132,132,134,134,136,136,138,138,140,140,142]}},"toufa_h":{"toufa_h":{"x":0.5,"width":47,"height":74}}}}],"animations":{"animation":{"bones":{"tui":{"translate":[{},{"time":0.6667,"y":4.02},{"time":1.3333,"y":13.61},{"time":2},{"time":2.6667,"y":4.02},{"time":3.3333,"y":13.61},{"time":4}],"scale":[{},{"time":0.6667,"x":0.986,"y":1.027},{"time":1.3333,"x":0.993,"y":1.079},{"time":2},{"time":2.6667,"x":0.986,"y":1.027},{"time":3.3333,"x":0.993,"y":1.079},{"time":4}]},"yj_z":{"scale":[{"time":1.8333},{"time":2,"y":0},{"time":2.1667}]},"yj_y":{"scale":[{"time":1.8333},{"time":2,"y":0},{"time":2.1667}]},"zui":{"scale":[{},{"time":1,"y":0.777},{"time":2},{"time":3,"y":0.777},{"time":4}]},"toufa5":{"rotate":[{},{"time":1.1667,"angle":2.21},{"time":2},{"time":3.1667,"angle":2.21},{"time":4}]},"toufa6":{"rotate":[{},{"time":1,"angle":5.03},{"time":2},{"time":3,"angle":5.03},{"time":4}]},"toufa10":{"rotate":[{},{"time":1.3333,"angle":-2.16},{"time":2.6667,"angle":1.79},{"time":4}]},"toufa12":{"rotate":[{},{"time":2,"angle":11.25},{"time":4}]},"toufa14":{"rotate":[{},{"time":1.1667,"angle":-1.51},{"time":2},{"time":3.1667,"angle":-1.51},{"time":4}]},"toufa15":{"rotate":[{},{"time":1.1667,"angle":3.29},{"time":2},{"time":3.1667,"angle":3.29},{"time":4}]},"zs_3":{"rotate":[{},{"time":1,"angle":0.68},{"time":2},{"time":3,"angle":0.68},{"time":4}]},"zs_5":{"rotate":[{},{"time":2,"angle":3.04},{"time":4}]},"zs_6":{"rotate":[{},{"time":2,"angle":7.22},{"time":4}]},"ys3":{"rotate":[{},{"time":1,"angle":2.43},{"time":2},{"time":3,"angle":2.43},{"time":4}]},"ys4":{"rotate":[{},{"time":1,"angle":6.41},{"time":2},{"time":3,"angle":6.41},{"time":4}]},"st2":{"translate":[{},{"time":2,"x":-6.18,"y":-4.12},{"time":4}]},"st5":{"rotate":[{},{"time":2,"angle":1.62},{"time":4}]},"st6":{"rotate":[{},{"time":1,"angle":-1.11},{"time":2},{"time":3,"angle":-1.11},{"time":4}],"translate":[{},{"time":2,"y":1.9},{"time":4}]},"st7":{"rotate":[{},{"time":1,"angle":0.32},{"time":2},{"time":3,"angle":0.32},{"time":4}],"translate":[{},{"time":2,"y":1.9},{"time":4}]},"st8":{"translate":[{},{"time":1,"x":-8.95,"y":4.73},{"time":2,"x":-8.95,"y":8.42},{"time":3,"x":-8.95,"y":4.73},{"time":4}]},"st9":{"translate":[{},{"time":1,"x":-4.76,"y":5.56},{"time":2,"x":-4.76,"y":9.1},{"time":3,"x":-4.76,"y":5.56},{"time":4}]},"qunzi3":{"rotate":[{},{"time":1,"angle":2.4},{"time":2},{"time":3,"angle":2.4},{"time":4}]},"qunzi5":{"rotate":[{},{"time":0.6667,"angle":2.31},{"time":1.3333,"angle":1.89},{"time":2},{"time":2.6667,"angle":2.31},{"time":3.3333,"angle":1.89},{"time":4}]},"qunzi8":{"rotate":[{},{"time":0.6667,"angle":-1.59},{"time":1.3333,"angle":-0.72},{"time":2},{"time":2.6667,"angle":-1.59},{"time":3.3333,"angle":-0.72},{"time":4}]},"toufa16":{"rotate":[{},{"time":1.3333,"angle":2.41},{"time":2.6667,"angle":-6.12},{"time":4}]},"toufa17":{"rotate":[{},{"time":2,"angle":11.56},{"time":3,"angle":-3.95},{"time":4}]}}}}},[0]]],0,0,[0],[-1],[0]]