[1,["9eAxoaI+5EfKQJebjZnUjN"],0,[["sp.SkeletonData",["_name","_atlasText","textureNames","_skeletonJson","textures"],-1,3]],[[0,0,1,2,3,4,5]],[[0,"skeleton","\nskeleton.png\nsize: 1735,1278\nformat: RGBA8888\nfilter: Linear,Linear\nrepeat: none\nst\n  rotate: true\n  xy: 2, 681\n  size: 595, 1280\n  orig: 602, 1281\n  offset: 7, 0\n  index: -1\nt\n  rotate: true\n  xy: 819, 2\n  size: 326, 427\n  orig: 326, 427\n  offset: 0, 0\n  index: -1\ntf1\n  rotate: false\n  xy: 1485, 716\n  size: 248, 560\n  orig: 250, 563\n  offset: 2, 3\n  index: -1\ntf3\n  rotate: true\n  xy: 509, 330\n  size: 349, 680\n  orig: 349, 680\n  offset: 0, 0\n  index: -1\ntf4\n  rotate: false\n  xy: 1485, 222\n  size: 234, 492\n  orig: 241, 497\n  offset: 1, 2\n  index: -1\ntui\n  rotate: false\n  xy: 2, 311\n  size: 505, 368\n  orig: 505, 368\n  offset: 0, 0\n  index: -1\nyj\n  rotate: true\n  xy: 1191, 457\n  size: 222, 57\n  orig: 222, 57\n  offset: 0, 0\n  index: -1\nys\n  rotate: false\n  xy: 1284, 134\n  size: 199, 1142\n  orig: 199, 1142\n  offset: 0, 0\n  index: -1\nzs\n  rotate: true\n  xy: 2, 11\n  size: 298, 815\n  orig: 298, 818\n  offset: 0, 0\n  index: -1\n",["skeleton.png"],{"skeleton":{"hash":"EwUvQxgFxiP4V6fwPnmlNRkH9Vo","spine":"3.8.75","x":-408.93,"y":-915.24,"width":778.22,"height":1974.07,"images":"../拆解素材/","audio":""},"bones":[{"name":"root"},{"name":"st","parent":"root","x":-71.93},{"name":"st9","parent":"st","length":144.51,"rotation":68.82,"x":44.25,"y":359.29},{"name":"st10","parent":"st9","length":120.24,"rotation":22.91,"x":144.51},{"name":"tou","parent":"st10","rotation":-91.74,"x":150.8,"y":-12.76},{"name":"tf1","parent":"tou","x":-14.03,"y":402.94},{"name":"tf3","parent":"tou","x":-4.73,"y":382.12},{"name":"tf4","parent":"tou","x":-32.08,"y":365.92},{"name":"tou4","parent":"tou","length":313.83,"rotation":93.65,"x":-84.23,"y":-66.03},{"name":"yj","parent":"tou4","rotation":-93.65,"x":159.14,"y":-18.39},{"name":"tui","parent":"root","x":-19.36,"y":-731.24},{"name":"ys","parent":"st","x":305.78,"y":378.62},{"name":"zs","parent":"st","x":-74.78,"y":480.25},{"name":"zs2","parent":"zs","length":403.39,"rotation":-121.91,"x":-1.66,"y":0.5},{"name":"zs3","parent":"zs2","length":301.85,"rotation":53.06,"x":403.39},{"name":"zs4","parent":"zs3","length":127.21,"rotation":-27.4,"x":301.85},{"name":"ys2","parent":"ys","length":382.81,"rotation":-82.38,"x":2.65,"y":-3.78},{"name":"ys3","parent":"ys2","length":414.78,"rotation":-4.48,"x":382.81},{"name":"ys4","parent":"ys3","length":165.75,"rotation":-1.29,"x":414.78},{"name":"tf5","parent":"tf3","length":81.64,"rotation":-145.23,"x":-2.45,"y":-1},{"name":"tf6","parent":"tf5","length":89.58,"rotation":49.67,"x":81.64},{"name":"tf7","parent":"tf6","length":122.5,"rotation":30.31,"x":89.58},{"name":"tf8","parent":"tf3","length":156.62,"rotation":-57.34,"x":0.9,"y":-0.07},{"name":"tf9","parent":"tf8","length":168.63,"rotation":-24.21,"x":156.62},{"name":"tf10","parent":"tf9","length":138.22,"rotation":-17.84,"x":168.63},{"name":"tf11","parent":"tf10","length":133.77,"rotation":-0.31,"x":138.22},{"name":"tf2","parent":"tf1","length":99.69,"rotation":-156.31,"x":-0.12,"y":-0.23},{"name":"tf12","parent":"tf2","length":92.49,"rotation":22.86,"x":98.92,"y":-0.3},{"name":"tf13","parent":"tf12","length":93.66,"rotation":20.11,"x":92.49},{"name":"tf14","parent":"tf13","length":96.02,"rotation":24.39,"x":93.66},{"name":"tf15","parent":"tf14","length":114.65,"rotation":8.41,"x":96.02},{"name":"tf16","parent":"tf15","length":102.66,"rotation":10.32,"x":114.65},{"name":"st2","parent":"st","length":341.7,"rotation":-6.27,"x":-153.42,"y":218.93},{"name":"st3","parent":"st","length":136.53,"rotation":-101.2,"x":-130.76,"y":-52.1},{"name":"st4","parent":"st3","length":164.39,"rotation":-1.38,"x":136.53},{"name":"st5","parent":"st4","length":179.03,"rotation":11.73,"x":164.39},{"name":"st6","parent":"st","length":189.45,"rotation":-74.99,"x":199.41,"y":-66.69},{"name":"st7","parent":"st6","length":156.05,"rotation":-2.74,"x":189.45},{"name":"st8","parent":"st7","length":175.05,"rotation":-11.4,"x":156.05},{"name":"st11","parent":"st","length":352.06,"rotation":-6.73,"x":-46.8,"y":466.12},{"name":"st12","parent":"st","length":415.88,"rotation":71.63,"x":182.05,"y":11.67},{"name":"st13","parent":"st","length":320.64,"rotation":173.82,"x":190.33,"y":-15.93},{"name":"tou2","parent":"tou","length":55.33,"rotation":12.5,"x":-72.65,"y":122.25},{"name":"tou3","parent":"tou","length":50.4,"rotation":147.22,"x":-128.5,"y":124.32},{"name":"target2","parent":"root","x":-253.09,"y":-143.51,"color":"ff3f00ff"},{"name":"target0","parent":"root","x":309.63,"y":-418.88,"color":"ff3f00ff"},{"name":"st14","parent":"st","length":139.35,"rotation":-122.81,"x":212.25,"y":498.95}],"slots":[{"name":"tui","bone":"tui","attachment":"tui"},{"name":"zs","bone":"zs","attachment":"zs"},{"name":"st","bone":"st","attachment":"st"},{"name":"tf4","bone":"tf4","attachment":"tf4"},{"name":"t","bone":"tou","attachment":"t"},{"name":"yj","bone":"yj","attachment":"yj"},{"name":"tf1","bone":"tf1","attachment":"tf1"},{"name":"tf3","bone":"tf3","attachment":"tf3"},{"name":"ys","bone":"ys","attachment":"ys"}],"ik":[{"name":"target","target":"target2","bones":["zs2","zs3"]},{"name":"target0","order":1,"target":"target0","bendPositive":false,"bones":["ys2","ys3"]}],"skins":[{"name":"default","attachments":{"tf3":{"tf3":{"type":"mesh","hull":63,"width":349,"height":680,"uvs":[0.39949,0,0.45755,0.00091,0.52676,0.00822,0.56062,0.01621,0.65496,0.02572,0.73909,0.04355,0.82062,0.07127,0.88321,0.10292,0.9751,0.17523,0.98857,0.20251,0.98864,0.23389,0.99705,0.28082,0.99821,0.36496,0.97845,0.45561,0.93254,0.53835,0.90204,0.57839,0.88142,0.59434,0.87256,0.60376,0.83009,0.6575,0.80428,0.69772,0.76544,0.77694,0.72796,0.83064,0.6644,0.86392,0.65702,0.86444,0.63994,0.87921,0.59761,0.88912,0.57013,0.90278,0.55121,0.92287,0.5339,0.91965,0.49567,0.98578,0.48658,0.99493,0.46425,0.97903,0.45108,1,0.44687,1,0.44659,0.97775,0.4606,0.9693,0.46122,0.96257,0.44695,0.91241,0.44688,0.77517,0.44857,0.73049,0.46986,0.62467,0.46455,0.57859,0.45845,0.5701,0.43532,0.49306,0.42864,0.48592,0.36905,0.41903,0.35684,0.47322,0.31622,0.45224,0.25756,0.43299,0.15097,0.37647,0.11382,0.36799,0.05481,0.32225,0.03659,0.3157,0.01658,0.28691,0.00251,0.25934,0.00288,0.21163,0.02478,0.15477,0.07278,0.12122,0.17861,0.07634,0.2963,0.03848,0.38519,0.00937,0.33854,0.00292,0.347,0,0.40641,0.06318,0.32444,0.11139,0.28687,0.17975,0.26125,0.26301,0.30053,0.35241,0.34835,0.39974],"triangles":[64,59,63,58,59,64,65,58,64,57,58,65,65,56,57,65,55,56,66,55,65,54,55,66,53,54,66,51,52,53,66,51,53,66,65,67,50,51,66,66,49,50,67,49,66,67,7,68,68,11,45,48,49,67,48,67,68,48,68,45,47,48,45,46,47,45,60,62,0,61,62,60,1,60,0,63,60,1,59,60,63,63,67,65,63,1,2,64,63,65,63,2,3,63,3,4,63,4,5,63,5,6,63,7,67,63,6,7,7,9,68,8,9,7,10,68,9,11,68,10,45,11,12,12,44,45,12,13,44,43,44,13,14,43,13,15,42,43,14,15,43,16,41,42,15,16,42,17,41,16,18,40,41,17,18,41,19,40,18,39,40,19,20,39,19,38,39,20,21,38,20,21,23,38,22,23,21,23,25,38,24,25,23,25,37,38,26,37,25,28,37,26,27,28,26,36,37,28,29,36,28,36,29,35,31,35,29,34,35,31,30,31,29,32,33,34,31,32,34],"vertices":[2,22,-24.19,20.86,0.966,19,-25.02,-22.26,0.034,1,22,-12.73,37.59,1,1,22,4.49,55.24,1,1,22,15.44,62.26,1,2,23,-143.06,30.51,0.00079,22,38.65,86.49,0.99921,2,23,-126.76,57.77,0.01711,22,64.7,104.66,0.98289,2,23,-103.92,83.14,0.07643,22,95.93,118.44,0.92357,2,23,-79.42,101.58,0.17745,22,125.84,125.22,0.82255,2,23,-26.07,126.08,0.48092,22,184.54,125.68,0.51908,2,23,-7.03,128,0.57237,22,202.69,119.63,0.42763,2,23,14.08,124.89,0.6906,22,220.67,108.13,0.3094,2,23,46.08,123.1,0.85194,22,249.12,93.38,0.14806,3,24,-97.99,89.36,0.01588,23,102.73,115.09,0.9689,22,297.51,62.85,0.01522,2,24,-36.05,92.61,0.23468,23,162.69,99.2,0.76532,2,24,22.08,85.98,0.74303,23,215.98,75.08,0.25697,2,24,50.67,79.91,0.91978,23,241.35,60.55,0.08022,3,25,-76.08,74.16,0.00054,24,62.55,74.58,0.96178,23,251.02,51.83,0.03768,3,25,-69.24,72.2,0.00259,24,69.37,72.58,0.97629,23,256.9,47.83,0.02112,2,25,-30.73,63.74,0.11295,24,107.84,63.91,0.88705,2,25,-2.25,59.47,0.43669,24,136.29,59.48,0.56331,2,25,53.13,55.19,0.97729,24,191.65,54.9,0.02271,1,25,91.33,48.45,1,1,25,117.38,30.4,1,1,25,118.16,27.92,1,1,25,129.06,23.73,1,1,25,138.19,10.31,1,1,25,148.97,2.42,1,1,25,163.55,-1.79,1,1,25,162.41,-8.11,1,1,25,208.98,-13.68,1,1,25,215.65,-15.76,1,1,25,206.3,-25.27,1,1,25,221.13,-27.4,1,1,25,221.38,-28.84,1,1,25,206.48,-31.49,1,1,25,200,-27.64,1,1,25,195.45,-28.2,1,1,25,162.67,-38.85,1,2,25,70.68,-54.6,0.99651,24,208.6,-54.99,0.00349,2,25,40.63,-59.14,0.91458,24,178.52,-59.36,0.08542,3,25,-31.55,-63.94,0.11801,24,106.32,-63.76,0.87956,23,250.3,-93.27,0.00242,3,25,-62.12,-71.05,0.00877,24,75.7,-70.71,0.95019,23,219.03,-90.5,0.04104,3,25,-67.45,-74.12,0.00368,24,70.36,-73.75,0.93785,23,213.01,-91.76,0.05847,2,24,19.99,-90.25,0.60685,23,160.01,-92.04,0.39315,2,24,15.58,-93.34,0.55727,23,154.86,-93.63,0.44273,4,24,-25.91,-121.28,0.0436,23,106.81,-107.51,0.15348,22,209.96,-141.85,0.00096,21,136.51,17.43,0.80196,1,21,168.2,-1.87,1,3,24,-0.62,-135.79,0.00065,23,126.44,-129.07,0.00127,21,149.3,-8.77,0.99808,1,21,128.85,-21.88,1,1,21,78.37,-39.58,1,1,21,67.71,-48.94,1,2,21,30.84,-54.62,0.95672,20,143.77,-31.59,0.04328,2,21,24.13,-58.53,0.92475,20,139.95,-38.35,0.07525,2,21,3.42,-56.67,0.76153,20,121.14,-47.2,0.23847,2,21,-15.66,-53.28,0.52059,20,102.95,-53.9,0.47941,2,21,-45.06,-39.59,0.13338,20,70.65,-56.92,0.86662,2,21,-76.98,-16.45,0.0009,20,31.43,-53.05,0.9991,2,20,7.1,-38.59,0.97901,19,115.65,-19.56,0.02099,2,20,-26.86,-4.79,0.02396,19,67.91,-23.57,0.97604,1,19,19.49,-21.3,1,2,22,-21.52,13.22,0.90065,19,-17.28,-19.87,0.09935,1,22,-34,1.88,1,2,22,-34.08,5.44,0.99627,19,-9.97,-32.71,0.00373,2,22,13.28,-0.29,0.99764,19,-2.5,14.41,0.00236,4,22,25.44,-42.06,0.26162,21,-59.99,90.87,0.00279,20,-8.07,48.18,0.09149,19,39.69,25.03,0.64409,5,23,-58.35,-111.96,0.00275,22,57.5,-78.19,0.22264,21,-23.26,59.5,0.07337,20,39.47,39.63,0.57159,19,76.97,55.74,0.12965,5,23,-3.66,-129.13,0.02045,22,100.34,-116.27,0.07694,21,24.42,27.68,0.72369,20,96.69,36.22,0.17721,19,116.6,97.15,0.00171,5,24,-66.7,-152.26,0.00027,23,58.49,-124.51,0.0386,22,158.92,-137.54,0.01178,21,85.37,14.67,0.9483,20,155.87,55.75,0.00104,4,24,-37.67,-130.55,0.01573,23,92.78,-112.73,0.09604,22,195.02,-140.86,0.00265,21,121.58,16.36,0.88558],"edges":[0,124,0,2,2,4,4,6,6,8,8,10,10,12,12,14,14,16,16,18,18,20,20,22,22,24,24,26,26,28,28,30,30,32,32,34,34,36,36,38,38,40,40,42,42,44,44,46,46,48,48,50,50,52,52,54,54,56,56,58,58,60,60,62,62,64,64,66,66,68,68,70,70,72,72,74,74,76,76,78,78,80,80,82,82,84,84,86,86,88,88,90,90,92,92,94,94,96,96,98,98,100,100,102,102,104,104,106,106,108,108,110,110,112,112,114,114,116,116,118,118,120,120,122,122,124]}},"tf4":{"tf4":{"x":-73.26,"y":-210.93,"width":241,"height":497}},"tui":{"tui":{"x":0.5,"width":505,"height":368}},"yj":{"yj":{"y":0.5,"width":222,"height":57}},"ys":{"ys":{"type":"mesh","hull":84,"width":199,"height":1142,"uvs":[0.38875,0,0.42897,0,0.43905,0.00064,0.56917,0.01361,0.58408,0.01223,0.69348,0.05513,0.72139,0.07571,0.7278,0.09867,0.74611,0.11378,0.72915,0.12432,0.73951,0.18248,0.75453,0.20417,0.80294,0.26089,0.83136,0.3163,0.82804,0.33949,0.83091,0.36389,0.84465,0.38108,0.84434,0.39692,0.8518,0.40047,0.86917,0.40992,0.90204,0.46381,0.89442,0.48249,0.90241,0.59008,0.89302,0.60746,0.89222,0.65099,0.91896,0.74044,0.94901,0.75213,0.93973,0.77922,0.95656,0.8237,1,0.85155,1,0.93684,0.9781,0.95088,0.95063,0.96065,0.90933,0.9678,0.82134,0.95414,0.79408,0.96234,0.87004,0.9804,0.77356,0.96829,0.70873,0.97383,0.66583,0.99609,0.61749,1,0.60417,1,0.58976,0.99805,0.55272,0.98751,0.55253,0.97848,0.53311,0.96746,0.46177,0.97288,0.39798,0.93907,0.38967,0.93516,0.34193,0.92203,0.31567,0.90673,0.35779,0.853,0.45358,0.78053,0.47117,0.78011,0.45987,0.75841,0.47259,0.74452,0.49594,0.73704,0.49718,0.72905,0.48577,0.70502,0.44007,0.66994,0.29679,0.54704,0.26497,0.48881,0.27556,0.48447,0.26813,0.47098,0.27588,0.4197,0.28613,0.40865,0.26618,0.38691,0.20459,0.33834,0.19297,0.34503,0.18963,0.34246,0.1993,0.33767,0.19574,0.33206,0.1657,0.3232,0.16432,0.30379,0.13986,0.28112,0.10557,0.21605,0.09733,0.20241,0,0.13895,0,0.11749,0.04271,0.07799,0.12328,0.04467,0.17414,0.02821,0.27292,0.0111,0.33762,0.00361],"triangles":[19,65,18,18,65,17,65,19,64,65,66,17,17,66,16,66,15,16,66,14,15,66,67,14,68,69,67,69,70,67,14,67,13,13,67,71,67,70,71,13,71,73,71,72,73,73,12,13,73,74,12,12,75,11,12,74,75,11,76,10,10,76,9,7,9,77,75,76,11,7,77,6,6,77,5,5,79,80,80,81,5,81,3,5,76,77,9,78,79,5,81,82,3,82,83,3,83,2,3,83,0,2,0,1,2,5,77,78,9,7,8,3,4,5,27,53,25,56,25,54,54,55,56,25,53,54,27,25,26,56,57,25,25,58,24,25,57,58,58,59,24,24,59,23,23,59,60,23,60,22,60,21,22,61,62,60,60,62,20,64,20,63,21,60,20,19,20,64,20,62,63,39,40,42,40,41,42,42,43,39,38,39,44,39,43,44,37,35,36,44,45,38,37,38,35,46,47,45,35,38,45,33,34,32,35,45,34,34,45,47,32,34,31,31,34,30,34,29,30,34,47,48,29,34,49,34,48,49,29,51,28,50,51,29,29,49,50,28,51,53,51,52,53,53,27,28],"vertices":[1,16,-99.15,24.34,1,1,16,-98.09,32.27,1,1,16,-97.1,34.16,1,1,16,-78.98,57.86,1,1,16,-80.15,61.01,1,1,16,-28.7,76.09,1,1,16,-4.67,78.48,1,1,16,21.48,76.27,1,1,16,39.07,77.59,1,1,16,50.56,72.65,1,1,16,116.66,65.89,1,1,16,141.61,65.56,1,1,16,207.09,66.52,1,1,16,270.56,63.73,1,1,16,296.72,59.57,1,2,17,-62.63,51.7,0.00428,16,324.41,56.44,0.99572,2,17,-42.87,53.36,0.04763,16,344.24,56.54,0.95237,2,17,-24.81,52.31,0.18731,16,362.16,54.08,0.81269,2,17,-20.69,53.57,0.24535,16,366.37,55.02,0.75465,2,17,-9.72,56.43,0.39669,16,377.53,57.01,0.60331,2,17,52.09,59.59,0.97971,16,439.39,55.34,0.02029,1,17,73.31,56.9,1,1,17,196.08,51.76,1,1,17,215.79,48.81,1,1,17,265.42,45.93,1,2,18,-48.09,44.58,0.01198,17,367.71,45.65,0.98802,2,18,-34.56,50.13,0.05685,17,381.37,50.89,0.94315,2,18,-3.69,47.28,0.42468,17,412.16,47.35,0.57532,2,18,47.19,48.99,0.98739,17,463.06,47.92,0.01261,1,18,79.25,56.61,1,1,18,176.6,53.47,1,1,18,192.49,48.59,1,1,18,203.46,42.77,1,1,18,211.36,34.29,1,1,18,195.2,17.29,1,1,18,204.38,11.57,1,1,18,225.49,26.01,1,1,18,211.04,7.27,1,1,18,216.96,-5.83,1,1,18,242.09,-15.18,1,1,18,246.24,-24.94,1,1,18,246.15,-27.59,1,1,18,243.83,-30.38,1,1,18,231.57,-37.36,1,1,18,221.26,-37.07,1,1,18,208.55,-40.52,1,1,18,214.29,-54.91,1,1,18,175.28,-66.35,1,1,18,170.77,-67.86,1,1,18,155.48,-76.88,1,1,18,137.84,-81.53,1,1,18,76.79,-71.18,1,2,18,-5.31,-49.46,0.49624,17,408.35,-49.33,0.50376,2,18,-5.69,-45.94,0.45938,17,408.06,-45.8,0.54062,2,18,-30.53,-47.39,0.09396,17,383.19,-46.69,0.90604,2,18,-46.29,-44.35,0.02025,17,367.5,-43.3,0.97975,2,18,-54.68,-39.43,0.0045,17,359.23,-38.19,0.9955,1,17,350.13,-37.44,1,1,17,322.6,-38.21,1,1,17,282.09,-45.1,1,1,17,140.4,-65.88,1,2,17,73.65,-68.56,0.99442,16,450.88,-74.11,0.00558,2,17,68.82,-66.19,0.9896,16,446.24,-71.36,0.0104,2,17,53.36,-66.82,0.96153,16,430.78,-70.79,0.03847,2,17,-5.03,-62.07,0.43651,16,372.94,-61.49,0.56349,2,17,-17.52,-59.35,0.26568,16,360.7,-57.79,0.73432,2,17,-42.53,-61.95,0.05021,16,335.57,-58.44,0.94979,1,16,278.96,-63.23,1,1,16,286.23,-66.53,1,1,16,283.23,-66.8,1,1,16,278.06,-64.17,1,1,16,271.62,-64.02,1,1,16,260.79,-68.61,1,1,16,238.79,-65.94,1,1,16,212.49,-67.33,1,1,16,137.92,-64.24,1,1,16,122.27,-63.8,1,1,16,47.87,-73.38,1,1,16,23.58,-70.13,1,1,16,-20,-55.73,1,1,16,-55.59,-34.79,1,1,16,-72.89,-22.26,1,1,16,-89.64,-0.19,1,1,16,-96.41,13.71,1],"edges":[0,166,0,2,2,4,4,6,6,8,8,10,10,12,12,14,14,16,16,18,18,20,20,22,22,24,24,26,26,28,28,30,30,32,32,34,34,36,36,38,38,40,40,42,42,44,44,46,46,48,48,50,50,52,52,54,54,56,56,58,58,60,60,62,62,64,64,66,66,68,68,70,70,72,72,74,74,76,76,78,78,80,80,82,82,84,84,86,86,88,88,90,90,92,92,94,94,96,96,98,98,100,100,102,102,104,104,106,106,108,108,110,110,112,112,114,114,116,116,118,118,120,120,122,122,124,124,126,126,128,128,130,130,132,132,134,134,136,136,138,138,140,140,142,142,144,144,146,146,148,148,150,150,152,152,154,154,156,156,158,158,160,160,162,162,164,164,166]}},"st":{"st":{"type":"mesh","hull":96,"width":602,"height":1281,"uvs":[0.55219,0.00103,0.60219,0.00202,0.63134,0.00921,0.64401,0.01877,0.64698,0.03563,0.65937,0.05955,0.67576,0.0769,0.74255,0.0991,0.7502,0.09812,0.76336,0.0903,0.75905,0.09742,0.74285,0.09921,0.77133,0.10766,0.81292,0.11474,0.81763,0.1137,0.84629,0.10841,0.86578,0.11418,0.87456,0.11517,0.93746,0.12413,0.94859,0.12699,0.99289,0.15973,0.99733,0.17015,1,0.18489,1,0.199,0.96597,0.24751,0.94472,0.26614,0.84853,0.3796,0.84017,0.37978,0.7909,0.43901,0.77892,0.4448,0.75287,0.4767,0.74566,0.48931,0.73762,0.51841,0.76761,0.57126,0.78298,0.59204,0.83633,0.65771,0.88627,0.71707,0.90208,0.74322,0.92513,0.8022,0.94144,0.80231,0.94025,0.81102,0.92628,0.80556,0.91899,0.84894,0.90893,0.92957,0.90544,0.95683,0.88912,0.95946,0.83388,0.97283,0.76755,0.98465,0.72743,0.9898,0.61221,0.99924,0.4853,0.99964,0.42337,0.99679,0.30926,0.98409,0.2718,0.9745,0.2058,0.96416,0.06856,0.93681,0.03841,0.92687,0.03474,0.92111,0.03481,0.90861,0.02414,0.88834,0.02563,0.87236,0.02438,0.86392,0.01517,0.83554,0.01324,0.78171,0.0242,0.76179,0.05782,0.67983,0.10374,0.60191,0.12179,0.56797,0.12582,0.55633,0.12733,0.52612,0.13472,0.5131,0.14085,0.51118,0.13602,0.49883,0.13424,0.45248,0.13485,0.44596,0.11345,0.4107,0.07084,0.38663,0.04768,0.34885,0.05243,0.31248,0.07542,0.28174,0.09066,0.26973,0.16779,0.2189,0.18149,0.2047,0.22494,0.15078,0.24465,0.11731,0.26753,0.09581,0.31313,0.09587,0.35334,0.09191,0.38663,0.09498,0.39597,0.09432,0.43813,0.08922,0.46153,0.08345,0.46153,0.06912,0.45019,0.05059,0.43998,0.03823,0.46197,0.02837,0.23026,0.21095,0.3122,0.21045,0.37257,0.2145,0.42863,0.22463,0.4448,0.23882,0.48038,0.23172,0.52889,0.22666,0.61082,0.22666,0.65395,0.23375,0.7348,0.2525,0.77146,0.28745,0.779,0.35281,0.73588,0.41006,0.67551,0.444,0.56124,0.45828,0.44157,0.45727,0.32837,0.45676,0.23889,0.4522,0.17313,0.44359,0.15264,0.26475,0.23458,0.25056,0.34238,0.25056,0.45882,0.25563,0.57848,0.26069,0.66688,0.26728,0.0955,0.32352,0.25506,0.31946,0.3467,0.31845,0.43402,0.31946,0.59034,0.32909,0.72618,0.34226,0.17528,0.37621,0.28417,0.3909,0.36718,0.3909,0.52458,0.39343,0.66365,0.39546,0.25475,0.55486,0.23397,0.61736,0.20626,0.69288,0.19518,0.78533,0.17717,0.90838,0.39606,0.95331,0.41545,0.86151,0.43623,0.78013,0.42654,0.69223,0.45701,0.59978,0.19795,0.52947,0.29769,0.53859,0.40021,0.54119,0.49026,0.54705,0.63573,0.54575,0.71747,0.53663,0.66205,0.6089,0.67452,0.71046,0.69391,0.81398,0.68976,0.87648,0.66255,0.10955,0.63119,0.14673,0.61765,0.17184,0.59556,0.20098,0.61338,0.21739,0.64972,0.19662,0.69034,0.16749,0.69889,0.16213,0.74022,0.13601,0.75519,0.11659,0.81097,0.12283,0.77916,0.1417,0.76477,0.1538,0.73068,0.17908,0.70493,0.19972,0.69963,0.20506,0.67917,0.225],"triangles":[161,160,152,7,161,152,160,161,163,153,152,160,159,153,160,159,160,164,158,153,159,0,152,153,154,153,158,158,159,165,157,154,158,157,158,166,153,154,0,155,154,157,167,157,166,154,99,90,156,155,157,155,99,154,168,157,167,156,157,168,102,155,156,104,103,156,168,104,156,22,163,21,23,24,22,24,105,165,165,22,24,25,105,24,105,120,104,105,104,168,106,105,25,106,126,120,106,120,105,107,106,25,126,106,107,26,107,25,27,107,26,108,126,107,108,107,27,131,126,108,28,108,27,109,131,108,29,109,108,28,29,108,110,131,109,30,109,29,31,109,30,31,110,109,74,75,114,113,114,128,113,128,112,112,129,111,111,130,110,114,73,74,72,73,114,72,142,71,113,72,114,113,142,72,31,32,110,32,146,110,143,113,112,142,113,143,144,112,111,143,112,144,147,146,32,145,111,110,145,110,146,144,111,145,141,144,145,141,132,144,145,146,148,141,145,148,132,143,144,93,94,95,92,93,95,152,5,6,4,5,0,3,1,2,4,1,3,4,0,1,152,0,5,95,0,92,0,154,92,154,91,92,154,90,91,99,98,89,102,99,155,103,102,156,101,99,102,100,99,101,117,97,98,118,100,101,119,102,103,99,117,98,100,117,99,118,117,100,118,101,102,119,118,102,104,119,103,166,158,165,167,166,105,166,165,105,163,161,162,10,8,9,11,7,8,11,8,10,152,6,7,161,11,12,162,12,13,161,7,11,84,85,86,18,20,21,86,83,84,88,97,83,96,82,83,86,87,88,88,83,86,97,96,83,98,97,88,99,89,90,98,88,89,20,18,19,14,15,16,162,13,14,16,162,14,17,162,16,163,162,17,18,163,17,81,82,96,162,161,12,21,163,18,164,160,163,22,164,163,22,165,164,165,159,164,168,167,105,116,96,97,116,97,117,81,96,116,115,81,116,115,80,81,124,123,117,122,116,117,122,117,123,115,116,122,118,124,117,115,79,80,121,115,122,121,79,115,78,79,121,119,120,125,120,119,104,125,120,126,77,78,121,127,121,122,77,121,127,76,77,127,128,122,123,127,122,128,129,128,123,124,129,123,124,119,125,119,124,118,130,124,125,129,124,130,131,125,126,130,125,131,75,76,127,114,75,127,114,127,128,112,128,129,111,129,130,110,130,131,41,42,150,138,139,150,151,138,150,151,150,42,43,151,42,137,138,151,151,43,46,44,45,43,45,46,43,47,151,46,151,49,137,47,48,151,137,50,51,151,48,49,49,50,137,140,149,139,41,38,39,40,41,39,149,37,150,36,149,35,37,149,36,150,37,38,139,149,150,41,150,38,147,32,33,33,148,146,33,146,147,148,33,34,35,149,148,35,148,34,148,140,141,149,140,148,132,142,143,132,68,142,69,70,71,142,69,71,68,69,142,132,67,68,132,133,67,133,66,67,134,66,133,141,133,132,140,133,141,65,66,134,134,64,65,135,64,134,134,133,140,134,139,135,139,134,140,63,64,135,62,63,135,138,135,139,61,62,135,136,60,61,135,136,61,136,135,138,59,60,136,58,59,136,58,55,57,56,57,55,136,55,58,137,136,138,53,54,136,55,136,54,137,53,136,52,53,137,52,137,51],"vertices":[1,3,145.36,-11.3,1,1,3,143.18,-41.35,1,2,39,177.31,185.14,0.00033,3,133.44,-58.61,0.99967,2,39,186.32,173.88,0.0032,3,120.97,-65.87,0.9968,2,39,190.63,152.63,0.02213,3,99.33,-67,0.97787,3,39,201.63,123.08,0.12152,2,236.21,-41.07,0.002,3,68.47,-73.53,0.87647,3,39,214.03,102.16,0.31684,2,219.05,-58.3,0.01246,3,45.96,-82.71,0.6707,3,39,257.3,78.63,0.7699,2,207.05,-106.06,0.0042,3,16.31,-122.04,0.2259,3,39,261.72,80.42,0.77306,2,209.89,-109.9,0.00338,3,17.43,-126.68,0.22356,3,39,268.42,91.31,0.77718,2,222.1,-113.67,0.00166,3,27.21,-134.91,0.22116,3,39,266.91,81.93,0.77499,2,212.64,-114.55,0.0026,3,18.16,-132.03,0.22241,3,39,257.49,78.52,0.77101,2,206.99,-106.28,0.00415,3,16.18,-122.22,0.22485,3,39,275.79,69.78,0.88021,2,203.09,-126.18,0.00072,3,4.84,-139.03,0.11908,2,39,301.72,63.71,0.96699,3,-4.99,-163.78,0.03301,2,39,304.38,65.37,0.97246,3,-3.74,-166.65,0.02754,2,39,320.72,74.12,0.98838,3,2.51,-184.1,0.01162,2,39,333.24,68.15,0.99328,3,-5.24,-195.61,0.00672,3,39,338.64,67.51,0.99453,3,-6.66,-200.85,0.00464,40,493.6,42.4,0.00082,3,39,377.58,60.55,0.93038,3,-19.28,-238.35,0.00001,40,494.64,2.85,0.06961,2,39,384.67,57.7,0.90347,40,493.28,-4.67,0.09653,2,39,416.07,19.17,0.42915,40,461.88,-43.2,0.57085,2,39,420.29,6.23,0.27909,40,450.06,-49.94,0.72091,2,39,424.1,-12.33,0.08988,40,432.65,-57.42,0.91012,2,39,426.22,-30.28,0.01442,40,415.49,-63.12,0.98558,1,40,350.06,-63.26,1,1,40,323.38,-58.65,1,1,40,167.19,-49.51,1,1,40,165.39,-44.81,1,1,40,84.04,-40.6,1,1,40,74.73,-36.1,1,2,41,-28.69,-49.65,0.0578,40,31.01,-34.11,0.9422,3,36,-72.83,40.7,0.00002,41,-26.11,-33.12,0.1701,40,14.31,-35.08,0.82988,3,36,-38.1,26.3,0.20301,41,-25.24,4.46,0.71395,40,-22.61,-42.17,0.08304,2,36,31.98,26.23,0.99999,40,-81.16,-80.67,0.00001,2,36,60.09,28.27,1,40,-103.51,-97.85,0,2,36,149.66,37.51,0.97554,37,-41.54,35.56,0.02446,2,36,230.89,46.86,0.02265,37,39.15,48.79,0.97735,1,37,73.9,50.97,1,2,37,150.68,48.48,0.68306,38,-14.85,46.46,0.31694,2,37,152.91,58.04,0.64861,38,-14.55,56.28,0.35139,2,37,163.65,54.98,0.66164,38,-3.42,55.39,0.33836,2,37,155.04,48.24,0.63829,38,-10.53,47.09,0.36171,2,37,208.4,32.15,0.00657,38,44.97,41.86,0.99343,1,38,148.15,34.24,1,1,38,183.03,31.61,1,2,35,234.17,502.79,0.00007,38,186.25,21.73,0.99993,2,35,251.8,469.79,0.01303,38,202.88,-11.77,0.98697,3,35,267.52,430.09,0.06086,37,358.91,-93.87,0.00052,38,217.41,-51.93,0.93862,4,35,274.48,406.04,0.0982,34,350.59,453.36,0.00005,37,360.23,-118.87,0.00265,38,223.64,-76.18,0.8991,4,35,287.59,336.86,0.23173,34,377.49,388.29,0.00082,37,357.31,-189.22,0.01492,38,234.68,-145.72,0.75253,4,35,289.23,260.47,0.40231,34,394.63,313.84,0.00183,37,341.58,-263.98,0.02751,38,234.03,-222.12,0.56835,4,35,286.13,223.14,0.48773,34,399.19,276.65,0.0019,37,330.09,-299.64,0.03008,38,229.81,-259.34,0.48029,4,35,270.9,154.22,0.65453,34,398.28,206.07,0.00147,37,299.61,-363.31,0.02829,38,212.52,-327.78,0.31571,5,35,258.95,131.48,0.71692,34,391.2,181.38,0.00137,36,453.62,-395.84,0.00002,37,282.81,-382.74,0.02555,38,199.89,-350.14,0.25614,4,35,246.28,91.56,0.8238,34,386.92,139.72,0.00015,37,261.42,-418.75,0.01762,38,186.04,-389.67,0.15842,3,35,212.48,8.43,0.98527,37,209.64,-492.04,0.00138,38,149.76,-471.75,0.01334,3,35,200.02,-9.9,0.99835,37,193.35,-507.07,0.00012,38,136.76,-489.7,0.00153,2,35,192.66,-12.22,0.99974,38,129.33,-491.8,0.00026,1,35,176.66,-12.42,1,1,35,150.8,-19.22,1,1,35,130.31,-18.63,1,1,35,119.51,-19.55,1,1,35,83.24,-25.63,1,2,35,14.3,-27.81,0.89617,34,184.05,-24.32,0.10383,2,35,-11.31,-21.59,0.3483,34,157.71,-23.44,0.6517,1,34,50.84,-26.55,1,1,33,83.43,-20.04,1,1,33,38.67,-17.82,1,1,33,23.57,-18.34,1,2,33,-14.56,-25,0.82498,41,338.97,53.81,0.17502,2,33,-31.78,-23.91,0.57436,41,336.37,36.76,0.42564,2,33,-34.92,-20.77,0.49349,41,332.97,33.91,0.50651,2,33,-49.87,-26.66,0.21327,41,337.53,18.5,0.78673,2,32,22.5,-156.03,0.18378,41,344.77,-40.44,0.81622,2,32,21.97,-147.69,0.2434,41,345.29,-48.78,0.7566,2,32,4.24,-104.2,0.6015,41,362.95,-92.3,0.3985,2,32,-24.71,-76.35,0.8195,41,391.86,-120.19,0.1805,2,32,-43.94,-29.78,0.95989,41,411.01,-166.79,0.04011,4,32,-46.21,16.84,0.9855,39,-123.24,-241.53,0.00844,2,-197.91,182.6,0.00598,41,413.21,-213.42,0.00009,3,32,-36.74,57.5,0.92068,39,-114.11,-200.8,0.04387,2,-156.19,183.92,0.03545,3,32,-29.31,73.78,0.87457,39,-106.81,-184.45,0.06901,2,-138.53,180.92,0.05642,3,32,9.74,143.59,0.48793,39,-68.33,-114.33,0.32381,2,-61.03,161.15,0.18826,3,32,15.95,162.57,0.36328,39,-62.27,-95.3,0.4342,2,-41.09,160.03,0.20253,3,32,34.42,234.08,0.05805,39,-44.39,-23.64,0.87651,2,32.77,160.59,0.06543,3,32,41.53,277.99,0.00297,39,-37.64,20.32,0.9952,2,77.02,165.01,0.00183,2,39,-27.18,49.29,0.99794,3,29.18,163.66,0.00206,2,39,0.09,52.43,0.98364,3,28.28,136.22,0.01636,2,39,23.53,60.31,0.93998,3,32.62,111.88,0.06002,3,39,43.9,58.76,0.86559,2,134.58,95.64,0.00211,3,28.08,91.96,0.1323,3,39,49.38,60.25,0.82278,2,137.39,90.7,0.00686,3,28.75,86.32,0.17036,3,39,73.82,69.72,0.51079,2,152.66,69.4,0.0431,3,34.52,60.75,0.44611,3,39,86.95,78.71,0.25059,2,164.63,58.93,0.03083,3,41.47,46.44,0.71858,3,39,84.79,96.94,0.08567,2,181.75,65.56,0.00494,3,59.82,45.89,0.90939,2,39,75.22,119.72,0.0145,3,83.77,52,0.9855,2,39,67.27,134.72,0.00272,3,99.78,57.66,0.99728,1,3,111.99,44.04,1,3,32,46.02,157.81,0.33208,39,-32.17,-99.81,0.43467,2,-37.96,129.75,0.23324,3,32,94.98,163.84,0.19517,39,16.74,-93.39,0.40573,2,-19.53,83.99,0.39911,3,32,131.67,162.64,0.10634,39,53.44,-94.28,0.25272,2,-11.25,48.23,0.64095,3,32,166.63,153.43,0.05281,39,88.48,-103.22,0.04582,2,-11.16,12.07,0.90137,4,32,178.29,136.42,0.14031,39,100.27,-120.12,0.00757,2,-24.59,-3.57,0.85071,40,261.73,237.99,0.00142,3,32,198.59,147.79,0.08715,2,-8.38,-20.26,0.90595,40,277.1,220.53,0.0069,4,32,226.91,157.43,0.11207,39,148.72,-98.72,0.08789,2,8.22,-45.15,0.77378,40,292.46,194.86,0.02626,4,32,275.94,162.82,0.15174,39,197.7,-92.93,0.34691,2,26.04,-91.14,0.38996,40,308.01,148.05,0.11138,4,32,302.74,156.62,0.17423,39,224.55,-98.91,0.3729,2,26.95,-118.63,0.24116,40,307.57,120.55,0.21172,4,32,353.74,138.06,0.14426,39,275.71,-117.05,0.2133,2,22.14,-172.69,0.08142,40,300.13,66.79,0.56102,4,32,380.56,95.96,0.12334,39,302.87,-158.94,0.03656,2,-11.65,-209.45,0.02652,40,264.59,31.73,0.81358,3,32,394.22,13.23,0.01885,2,-88.08,-243.93,0.00004,40,186.57,1.03,0.98111,3,32,376.43,-62.5,0.01429,41,-9.31,-133.42,0.00019,40,108.79,2.54,0.98552,3,32,345.11,-109.68,0.07285,41,22.09,-86.28,0.02448,40,56.09,23.26,0.90268,3,32,278.81,-135.36,0.17588,41,88.43,-60.71,0.5104,40,17.07,82.7,0.31373,3,32,207.08,-141.93,0.20063,41,160.17,-54.25,0.76069,40,-4.4,151.46,0.03868,3,32,139.25,-148.73,0.16793,41,228.01,-47.56,0.83073,40,-25.27,216.35,0.00134,2,32,85.07,-148.8,0.17447,41,282.19,-47.57,0.82553,2,32,44.55,-142.15,0.24409,41,322.7,-54.28,0.75591,3,32,7.09,84.21,0.78383,39,-70.5,-173.73,0.11545,2,-119.09,148.43,0.10072,3,32,54.14,107.66,0.58148,39,-23.64,-149.9,0.19738,2,-84.33,109,0.22114,3,32,118.65,114.74,0.39668,39,40.81,-142.29,0.12356,2,-60.89,48.49,0.47976,3,32,189.03,115.94,0.29342,2,-41.62,-19.22,0.70303,40,243.95,223.2,0.00355,4,32,261.35,117.35,0.37562,39,183.48,-138.52,0.10752,2,-21.65,-88.74,0.43537,40,260.5,152.79,0.08149,4,32,315.17,114.77,0.35048,39,237.32,-140.66,0.16108,2,-10.29,-141.41,0.18973,40,269.27,99.62,0.29872,4,32,-18.88,5.62,0.99238,39,-95.83,-252.53,0.00377,2,-201.72,153.31,0.00271,41,385.9,-202.16,0.00114,3,32,76.03,21.27,0.95858,39,-1.05,-236.11,0.01036,2,-162.18,65.62,0.03106,3,32,130.72,28.58,0.91382,39,53.58,-228.35,0.00607,2,-141.04,14.65,0.08011,2,32,183.12,33.02,0.88121,2,-123.26,-34.84,0.11879,3,32,278.01,31.04,0.93065,39,200.84,-224.69,0.00786,2,-100.77,-127.04,0.0615,4,32,361.13,23.19,0.58291,39,284.03,-231.86,0.0026,2,-86.96,-209.39,0.00639,40,189.36,35.47,0.4081,2,32,36.34,-56.22,0.80154,41,330.78,-140.23,0.19846,2,32,103.6,-67.77,0.69339,41,263.53,-128.58,0.30661,3,32,153.26,-62.31,0.7296,41,213.86,-133.95,0.26598,40,62.16,220.78,0.00442,3,32,247.79,-55.2,0.75162,41,119.33,-140.92,0.14714,40,88.94,129.85,0.10124,3,32,331.25,-48.65,0.54837,41,35.86,-147.34,0.01685,40,112.86,49.62,0.43478,5,34,-131.22,54.26,0.00495,33,6.65,57.4,0.64773,36,-68.27,-266.57,0.0196,37,-244.67,-278.61,0.00139,41,258.74,82.17,0.32633,7,35,-198.16,101.94,0.00106,34,-50.36,59.52,0.10926,33,87.62,60.71,0.7511,36,5.83,-299.36,0.04366,37,-169.08,-307.81,0.00895,38,-257.9,-365.98,0.00041,41,262.53,163.11,0.08556,7,35,-101.18,86.69,0.03136,34,47.7,64.31,0.7485,33,185.76,63.14,0.13164,36,94.95,-340.52,0.04043,37,-78.09,-344.66,0.02359,38,-161.42,-384.13,0.00639,41,268.71,261.08,0.01808,7,35,17.33,81.77,0.52714,34,164.74,83.59,0.3778,33,303.22,79.6,0.00474,36,207.61,-377.64,0.02072,37,36.22,-376.33,0.036,38,-43.11,-392.59,0.03243,41,262.6,379.54,0.00117,5,35,175.1,73.27,0.8975,34,320.94,107.34,0.00686,36,357.05,-428.93,0.00113,37,187.94,-420.41,0.01476,38,114.34,-405.82,0.07976,5,35,230.69,205.88,0.54374,34,348.41,248.48,0.00865,36,446.76,-316.55,0.0009,37,272.17,-303.87,0.03943,38,173.87,-274.93,0.40728,7,35,112.93,215.81,0.45665,34,231.09,234.26,0.0899,33,373.19,228.64,0.00314,36,336.2,-274.82,0.02331,37,159.74,-267.48,0.12702,38,56.47,-261.48,0.29981,41,120.26,462.29,0.00017,7,35,8.51,226.77,0.2528,34,126.62,223.77,0.22254,33,268.49,220.66,0.03446,36,238.75,-235.74,0.11019,37,60.53,-233.11,0.2208,38,-47.58,-247.39,0.1468,41,119.04,357.3,0.0124,7,35,-103.98,219.27,0.06764,34,18,193.55,0.2595,33,159.18,193.06,0.15528,36,128.49,-212.22,0.26027,37,-50.73,-214.9,0.13156,38,-160.24,-251.52,0.02744,41,136.96,245.99,0.09831,7,35,-222.67,235.84,0.00403,34,-101.57,185.65,0.06503,33,39.45,188.04,0.18666,36,18.85,-163.85,0.28161,37,-162.56,-171.83,0.0213,38,-278.38,-231.4,0.00053,41,131.48,126.27,0.44084,4,33,-18.61,17.52,0.68493,36,-108.55,-291.2,0.00113,37,-283.72,-305.13,0,41,296.26,53.51,0.31394,5,34,-157.19,74.94,0.0044,33,-18.82,78.7,0.34491,36,-81.72,-236.21,0.02112,37,-259.55,-248.92,0.00107,41,235.29,58.66,0.62851,5,34,-167.38,135.92,0.01089,33,-27.54,139.91,0.13554,36,-62.51,-177.45,0.06099,37,-243.18,-189.3,0.00205,41,173.56,55.33,0.79052,6,35,-290.51,254.85,0.00004,34,-171.86,190.47,0.01208,33,-30.71,194.55,0.06038,36,-41.22,-127.03,0.1418,37,-224.33,-137.92,0.00206,41,118.85,56.96,0.78363,4,34,-192.56,275.56,0.00229,33,-49.35,280.11,0.00632,36,-20.16,-42.02,0.406,41,31.98,45.88,0.58539,4,34,-214.67,321.04,0.00001,33,-70.36,326.11,0.00004,36,-18.69,8.52,0.5802,41,-15.68,28.98,0.41975,6,35,-212.82,359.45,0.00126,34,-117.06,308.68,0.01303,33,26.92,311.4,0.0192,36,62.09,-47.64,0.8615,37,-124.93,-53.68,0.00521,41,7.49,124.6,0.0998,7,35,-82.84,368.89,0.0229,34,8.28,344.34,0.04243,33,153.09,344.04,0.01904,36,189.7,-74.08,0.42113,37,3.8,-73.98,0.45997,38,-134.63,-102.61,0.02003,41,-13.97,253.14,0.01451,7,35,49.57,382.52,0.06689,34,135.16,384.61,0.03102,33,280.9,381.25,0.00331,36,320.81,-97.14,0.01606,37,135.86,-90.74,0.481,38,-1.86,-92.94,0.40161,41,-39.85,383.72,0.0001,6,35,129.67,381.21,0.09813,34,213.85,399.61,0.01681,33,359.93,394.35,0.00038,36,397.49,-120.29,0.00176,37,213.56,-110.19,0.11943,38,78.15,-96.66,0.76349,1,46,21.57,-36.63,1,1,46,71.82,-26.69,1,1,46,103.28,-16.11,1,1,46,141.86,-7.06,1,1,46,153.71,13.34,1,1,46,119.5,17.32,1,1,46,74.88,17.65,1,1,46,66.32,18.26,1,1,46,24.72,21.04,1,1,46,-1.08,15.13,1,3,39,301.77,53.28,0.98487,3,-15.32,-162.29,0.0146,40,472.22,75.63,0.00053,1,39,285.58,27.03,1,3,32,357.88,265.7,0.18327,39,278.8,10.62,0.71329,2,146.54,-143.85,0.10343,3,32,341.01,231.28,0.29517,39,262.22,-23.94,0.53824,2,108.94,-136.41,0.16659,3,32,328.49,203.3,0.24052,39,249.92,-52.03,0.48713,2,78.68,-131.5,0.27234,3,32,326.06,196.15,0.23839,39,247.55,-59.19,0.48386,2,71.15,-131,0.27774,4,32,316.61,169.42,0.16625,39,238.32,-86,0.33981,2,42.89,-128.74,0.20683,40,323,109.68,0.28711],"edges":[0,190,0,2,2,4,4,6,6,8,8,10,10,12,12,14,14,16,16,18,18,20,20,22,22,24,24,26,26,28,28,30,30,32,32,34,34,36,36,38,38,40,40,42,42,44,44,46,46,48,48,50,50,52,52,54,54,56,56,58,58,60,60,62,62,64,64,66,66,68,68,70,70,72,72,74,74,76,76,78,78,80,80,82,82,84,84,86,86,88,88,90,90,92,92,94,94,96,96,98,98,100,100,102,102,104,104,106,106,108,108,110,110,112,112,114,114,116,116,118,118,120,120,122,122,124,124,126,126,128,128,130,130,132,132,134,134,136,136,138,138,140,140,142,142,144,144,146,146,148,148,150,150,152,152,154,154,156,156,158,158,160,160,162,162,164,164,166,166,168,168,170,170,172,172,174,174,176,176,178,178,180,180,182,182,184,184,186,186,188,188,190,316,318,332,334]}},"t":{"t":{"type":"mesh","hull":40,"width":326,"height":427,"uvs":[0.52501,0,0.64264,0.00437,0.70801,0.01303,0.77894,0.03393,0.85509,0.08376,0.90193,0.13091,0.93133,0.16966,0.96825,0.24563,0.99698,0.34699,0.99704,0.44381,0.96691,0.52113,0.88851,0.65227,0.82389,0.72325,0.71666,0.83033,0.6233,0.90038,0.51914,0.95171,0.411,0.9932,0.3692,1,0.3241,1,0.30019,0.99919,0.26995,0.9871,0.25433,0.97838,0.15638,0.88249,0.09952,0.8035,0.05998,0.72023,0.04588,0.66881,0.04593,0.62023,0.04176,0.6111,0.0274,0.5175,0.01943,0.49509,0,0.43586,0,0.35153,0.00986,0.30155,0.06431,0.20983,0.10973,0.15729,0.17537,0.10722,0.22207,0.07622,0.27472,0.04843,0.35344,0.0184,0.49435,0,0.32486,0.51668,0.33766,0.50063,0.37514,0.49016,0.41445,0.48458,0.47112,0.47969,0.50494,0.4769,0.54242,0.48806,0.3596,0.51249,0.39982,0.50412,0.46746,0.49435,0.51134,0.48946,0.18409,0.51389,0.17221,0.48946,0.15301,0.47341,0.13381,0.46155,0.09816,0.44968,0.06891,0.4427,0.02046,0.43782,0.03052,0.44968,0.06617,0.46085,0.09268,0.47201,0.12742,0.49644,0.16032,0.51668,0.45571,0.11216,0.31932,0.20964,0.24388,0.30379,0.23227,0.45998,0.24388,0.58294,0.26854,0.75686,0.31352,0.94738,0.12635,0.56743,0.15247,0.68707,0.15392,0.70922,0.2018,0.80116,0.40348,0.9208,0.6008,0.81113,0.72413,0.66491,0.79377,0.53088,0.78942,0.30269,0.64288,0.12545,0.5239,0.19524,0.5152,0.37469,0.53986,0.55193,0.50504,0.65051,0.49924,0.77347,0.38316,0.6051,0.38752,0.72141,0.62692,0.70922,0.67045,0.45334,0.63417,0.30601,0.35269,0.30158,0.11619,0.31709,0.15025,0.64208],"triangles":[51,66,40,66,54,91,90,81,43,81,90,80,88,89,78,87,83,82,83,85,82,67,51,40,51,67,70,86,67,85,63,38,39,79,1,2,0,63,39,0,79,63,79,0,1,79,80,63,63,64,37,63,37,38,64,63,80,36,37,64,35,36,64,90,64,80,4,79,3,5,79,4,78,5,6,78,6,7,64,34,35,65,64,90,65,34,64,33,34,65,91,32,33,89,80,79,79,2,3,5,78,79,89,79,78,65,91,33,78,7,8,31,32,91,57,30,31,91,56,31,66,91,65,66,65,90,58,29,30,60,28,29,88,78,77,9,78,8,78,9,77,10,77,9,70,28,61,27,28,70,26,27,70,67,92,70,26,70,92,11,77,10,76,77,11,77,76,82,25,26,92,71,92,67,25,92,71,76,87,82,68,72,71,24,25,71,24,71,72,86,85,83,12,76,11,67,86,68,68,71,67,84,86,83,84,83,87,73,72,68,23,24,72,23,72,73,75,84,87,12,13,87,12,87,76,75,87,13,22,23,73,14,75,13,74,86,84,68,86,74,69,73,68,69,22,73,68,74,69,15,84,75,15,75,14,74,84,15,21,22,69,20,21,69,16,74,15,17,69,74,19,20,69,18,19,69,69,17,18,74,16,17,85,67,40,82,85,49,77,82,88,81,89,88,82,46,88,89,81,80,88,46,81,90,42,66,31,56,57,55,56,91,58,57,56,54,55,91,59,58,56,59,56,55,60,59,55,60,55,54,53,54,66,52,53,66,58,30,57,29,58,59,61,60,54,61,54,53,61,53,52,51,52,66,62,61,52,62,52,51,60,29,59,61,28,60,70,61,62,70,62,51,46,45,81,45,44,81,44,43,81,50,45,46,43,42,90,49,43,44,41,66,42,48,42,43,47,41,42,47,42,48,40,66,41,40,41,47,82,50,46,85,47,48,48,43,49,85,48,49,50,44,45,50,49,44,49,50,82,40,47,85],"vertices":[1,8,399.37,-97.09,1,1,8,395.07,-135.24,1,1,8,390.02,-156.27,1,1,8,379.65,-178.78,1,1,8,356.83,-202.21,1,1,8,335.77,-216.17,1,1,8,318.65,-224.68,1,1,8,285.51,-234.63,1,1,8,241.72,-241.22,1,1,8,200.46,-238.61,1,1,8,168.14,-226.71,1,1,8,113.88,-197.65,1,1,8,84.97,-174.69,1,1,8,41.56,-136.9,1,1,8,13.65,-104.62,1,1,8,-6.07,-69.34,1,1,8,-21.51,-33.04,1,2,42,-36.64,-207.53,0.00785,8,-23.54,-19.25,0.99215,2,42,-51,-204.35,0.0015,8,-22.6,-4.58,0.9985,2,42,-58.53,-202.33,0.00024,8,-21.76,3.18,0.99976,1,8,-15.99,12.69,1,1,8,-11.94,17.53,1,2,43,-84.25,138.96,0.00612,8,30.95,46.8,0.99388,1,8,65.79,63.15,1,1,8,102.09,73.75,1,1,8,124.3,76.95,1,1,8,145,75.61,1,1,8,148.97,76.72,1,1,8,189.16,78.85,1,1,8,198.87,80.83,1,1,8,224.51,85.55,1,1,8,260.45,83.26,1,1,8,281.54,78.7,1,1,8,319.5,58.49,1,1,8,340.95,42.29,1,3,42,-15.85,178.32,0.00555,43,89.77,-142.72,0.00407,8,360.92,19.57,0.99038,2,43,84.14,-162.09,0.00001,8,373.17,3.54,0.99999,1,8,383.92,-14.34,1,1,8,395.08,-40.77,1,1,8,400,-87.12,1,2,42,-6.1,-2.92,0.83133,8,183.34,-17.95,0.16867,2,42,-0.54,2.87,0.9663,8,189.92,-22.55,0.0337,2,42,12.35,4.59,0.96961,8,193.6,-35.03,0.03039,2,42,25.38,4.15,0.9851,8,195.16,-47.96,0.0149,2,42,43.87,2.19,0.99644,8,196.07,-66.54,0.00356,2,42,54.89,0.96,0.99864,8,196.56,-77.62,0.00136,1,42,65.79,-6.33,1,1,42,5.34,-3.62,1,1,42,18.92,-2.97,1,1,42,41.35,-3.67,1,1,42,55.77,-4.72,1,2,43,-6.63,1.74,0.82673,8,187.45,27.77,0.17327,2,43,2.27,-4.93,0.92622,8,198.1,30.98,0.07378,2,43,11.24,-7.31,0.92222,8,205.34,36.79,0.07778,2,43,19.25,-8.18,0.92319,8,210.79,42.71,0.07681,2,43,31.76,-6.14,0.96728,8,216.59,53.99,0.03272,2,43,41.39,-3.49,0.98727,8,220.17,63.31,0.01273,2,43,55.8,3.31,0.9975,8,223.26,78.94,0.0025,1,43,50.3,5.79,1,1,43,37.95,3.51,1,1,43,28.1,2.84,1,1,43,12.93,5.48,1,2,43,-0.77,6.94,0.96114,8,186.75,35.58,0.03886,1,8,353.01,-71.5,1,1,8,314.3,-24.48,1,1,8,275.74,2.62,1,1,8,209.42,10.64,1,1,8,156.78,10.2,1,2,43,-85.95,74.06,0.00282,8,82.16,6.9,0.99718,3,42,-49.5,-181.67,0.05391,43,-142.32,134.52,0.00039,8,0.04,-2.57,0.9457,1,8,165.83,48.01,1,2,43,-38,69.49,0.00049,8,114.3,42.76,0.99951,2,43,-43.52,77.19,0.00057,8,104.83,42.89,0.99943,2,43,-77.9,101.75,0.00317,8,64.66,29.81,0.99683,2,43,-160.83,109.1,0.00028,8,9.5,-32.55,0.99972,2,43,-189.57,34.91,0.00057,8,52.14,-99.73,0.99943,2,43,-189.57,-39.36,0.00007,8,111.9,-143.82,0.99993,2,43,-177.67,-99.77,0.00001,8,167.57,-170.12,0.99999,1,8,264.9,-174.9,1,1,8,343.47,-132.03,1,1,8,316.19,-91.43,1,1,8,239.9,-83.73,1,2,43,-112.94,-47.4,0.00016,8,163.86,-86.94,0.99984,2,43,-126.19,-5.86,0.00108,8,122.57,-72.93,0.99892,2,43,-153.02,39.31,0.00115,8,70.3,-67.71,0.99885,2,43,-82.28,-0.65,0.00081,8,144.45,-34.52,0.99919,2,43,-110.37,40.34,0.00173,8,94.8,-32.77,0.99827,2,43,-173.17,-6.29,0.00046,8,95.03,-110.99,0.99954,2,43,-125.94,-105.84,0.00001,8,203.17,-132.1,0.99999,1,8,266.7,-124.3,1,1,8,274.43,-32.84,1,1,8,272.72,44.52,1,1,8,133.52,42.27,1],"edges":[0,78,0,2,2,4,4,6,6,8,8,10,10,12,12,14,14,16,16,18,18,20,20,22,22,24,24,26,26,28,28,30,30,32,32,34,34,36,36,38,38,40,40,42,42,44,44,46,46,48,48,50,50,52,52,54,54,56,56,58,58,60,60,62,62,64,64,66,66,68,68,70,70,72,72,74,74,76,76,78,142,144,142,184]}},"zs":{"zs":{"type":"mesh","hull":56,"width":298,"height":818,"uvs":[0.91002,0.00434,0.95526,0.0126,0.96797,0.01649,0.99074,0.03157,0.99978,0.04858,1,0.06105,1,0.09972,0.9825,0.12486,0.92191,0.18487,0.88577,0.20979,0.56388,0.38152,0.46162,0.43745,0.39042,0.47302,0.39268,0.47856,0.44631,0.58537,0.46449,0.61809,0.47403,0.63068,0.54934,0.7162,0.60923,0.77224,0.62239,0.78588,0.63271,0.85807,0.63798,0.86594,0.63771,0.89929,0.64081,0.90701,0.65071,0.9707,0.61667,0.98383,0.46107,0.99286,0.43972,0.99562,0.43965,1,0.43618,1,0.43287,0.99727,0.40923,0.99514,0.34748,0.99654,0.32973,0.99308,0.29154,0.98041,0.27642,0.96211,0.28378,0.94219,0.38157,0.90213,0.3856,0.89532,0.36242,0.83358,0.36234,0.82168,0.35446,0.79871,0.342,0.78345,0.31502,0.76429,0.20768,0.69834,0.07324,0.60763,0.03948,0.5698,0.00061,0.51324,0.00388,0.49139,0.03545,0.45627,0.30969,0.25541,0.44837,0.16974,0.64612,0.04587,0.69203,0.0277,0.74756,0.01611,0.82017,0.00822],"triangles":[27,28,30,28,29,30,30,31,27,32,33,31,27,31,26,26,31,36,31,35,36,23,25,26,37,26,36,23,26,37,25,23,24,22,37,38,37,22,23,33,34,35,33,35,31,22,38,21,38,20,21,38,39,20,20,40,19,20,39,40,19,41,18,19,40,41,41,42,18,18,42,17,42,43,17,43,44,17,44,16,17,44,15,16,15,45,14,15,44,45,45,46,14,46,13,14,46,47,13,13,47,48,49,13,48,13,49,12,12,49,11,49,50,11,11,50,10,10,50,9,9,50,51,9,51,8,51,52,8,8,52,7,7,52,53,7,53,54,7,54,55,5,7,0,1,4,0,55,0,7,6,7,5,3,1,2,5,0,4,1,3,4],"vertices":[1,13,-40.24,-12.86,1,1,13,-41.63,2.16,1,1,13,-40.93,7.06,1,1,13,-34.05,19.34,1,1,13,-23.66,28.98,1,1,13,-15.03,34.43,1,1,13,11.82,51.14,1,1,13,32.03,57.59,1,1,13,83.24,68.21,1,1,13,106.24,69.84,1,1,13,276.19,62.66,1,2,13,331.14,60.97,0.93865,14,5.31,94.39,0.06135,2,13,367.05,58.34,0.61052,14,24.79,64.1,0.38948,2,13,370.54,61.31,0.52146,14,29.26,63.1,0.47854,2,13,436.26,121.05,0.00068,14,116.51,46.48,0.99932,1,14,143.43,41.87,1,1,14,154.06,40.8,1,1,14,227.4,36.5,1,2,14,276.59,36.6,0.99034,15,-39.27,20.87,0.00966,2,14,288.41,36.23,0.92545,15,-28.6,25.98,0.07455,2,14,344.59,17.79,0.00305,15,29.76,35.47,0.99695,1,15,35.99,37.73,1,1,15,63.12,40.62,1,1,15,69.3,42.22,1,1,15,120.76,50.83,1,1,15,132.55,41.91,1,1,15,144.93,-3.38,1,1,15,147.87,-9.46,1,1,15,151.43,-9.09,1,1,15,151.55,-10.11,1,1,15,149.44,-11.34,1,1,15,148.47,-18.53,1,1,15,151.61,-36.7,1,1,15,149.37,-42.26,1,1,15,140.31,-54.71,1,1,15,125.92,-60.81,1,1,15,109.48,-60.41,1,1,15,73.74,-35,1,2,14,346.45,-61.88,0.00243,15,68.07,-34.42,0.99757,2,14,296.85,-50.1,0.35734,15,18.62,-46.78,0.64266,2,14,287.76,-46.61,0.52601,15,8.94,-47.87,0.47399,2,14,269.39,-42.02,0.82705,15,-9.48,-52.24,0.17295,2,14,256.41,-40.98,0.94083,15,-21.48,-57.29,0.05917,2,14,238.89,-42.82,0.99253,15,-36.19,-66.99,0.00747,1,14,177.04,-53.19,1,1,14,93.38,-63.78,1,1,14,60.89,-61.99,1,2,13,456.38,-22.88,0.02901,14,13.56,-56.11,0.97099,2,13,440.69,-31.5,0.13077,14,-2.76,-48.75,0.86923,2,13,411.33,-38.7,0.57007,14,-26.16,-29.61,0.42993,1,13,228.66,-56.17,1,1,13,147.33,-58.13,1,1,13,30.17,-61.66,1,1,13,10.32,-57.9,1,1,13,-6.48,-48.87,1,1,13,-23.39,-33.91,1],"edges":[0,110,0,2,2,4,4,6,6,8,8,10,10,12,12,14,14,16,16,18,18,20,20,22,22,24,24,26,26,28,28,30,30,32,32,34,34,36,36,38,38,40,40,42,42,44,44,46,46,48,48,50,50,52,52,54,54,56,56,58,58,60,60,62,62,64,64,66,66,68,68,70,70,72,72,74,74,76,76,78,78,80,80,82,82,84,84,86,86,88,88,90,90,92,92,94,94,96,96,98,98,100,100,102,102,104,104,106,106,108,108,110]}},"tf1":{"tf1":{"type":"mesh","hull":59,"width":250,"height":563,"uvs":[0.9404,0,0.98423,0.00515,1,0.0122,1,0.01523,0.96421,0.02847,0.80985,0.05408,0.79756,0.05607,0.74149,0.08144,0.65793,0.09995,0.59877,0.12092,0.51421,0.16139,0.46242,0.17322,0.44019,0.19,0.42593,0.22809,0.42063,0.3067,0.35096,0.3687,0.33358,0.38511,0.31523,0.41013,0.3053,0.42642,0.29072,0.46612,0.28334,0.51362,0.28033,0.52236,0.28911,0.6076,0.29193,0.63466,0.29863,0.66245,0.31501,0.68291,0.42405,0.76646,0.44312,0.77964,0.50973,0.81991,0.47894,0.8338,0.46602,0.847,0.43384,0.88563,0.39503,0.90284,0.37298,0.9303,0.3715,0.97444,0.36207,0.99159,0.33328,0.97382,0.31837,0.99342,0.30023,0.97735,0.27898,0.94622,0.25367,0.96362,0.23544,0.92675,0.20142,0.91573,0.17588,0.8753,0.14685,0.78992,0.09762,0.70699,0.09437,0.69713,0.0464,0.62846,0.0194,0.55932,0.01193,0.51968,0.01059,0.40319,0.04724,0.32332,0.17443,0.19963,0.20033,0.18229,0.30133,0.12673,0.47792,0.0614,0.64392,0.02451,0.71961,0.01357,0.84582,0],"triangles":[1,2,3,4,0,1,4,1,3,5,57,58,4,5,58,4,58,0,6,57,5,7,57,6,56,57,7,8,56,7,55,56,8,9,55,8,10,55,9,54,55,10,11,54,10,12,54,11,53,54,12,13,53,12,13,52,53,14,52,13,51,52,14,15,51,14,16,51,15,17,50,51,16,17,51,18,50,17,19,50,18,19,49,50,20,49,19,21,49,20,48,49,21,48,21,22,47,48,22,47,22,23,46,47,23,46,23,24,46,24,25,45,46,25,44,45,25,44,25,26,29,27,28,30,27,29,27,43,44,27,44,26,43,27,30,31,43,30,32,43,31,41,42,43,32,41,43,33,41,32,39,41,33,40,41,39,36,39,33,34,36,33,36,38,39,35,36,34,37,38,36],"vertices":[1,26,-10.47,-3.23,1,1,26,-19.34,3.83,1,1,26,-21.35,9.05,1,1,26,-20.67,10.61,1,1,26,-9.48,13.84,1,1,26,31.65,11.54,1,1,26,34.91,11.34,1,1,26,53.49,18.78,1,2,27,-12.51,27.24,0.06686,26,76.81,19.94,0.93314,2,27,6.23,24.62,0.55613,26,95.09,24.81,0.44387,3,28,-43.24,42.4,0.00006,27,37.31,24.94,0.99821,26,123.61,37.18,0.00173,2,28,-32,33.15,0.01546,27,51.05,20.13,0.98454,2,28,-21.12,31.79,0.10102,27,61.73,22.59,0.89898,2,28,-0.02,37.01,0.55009,27,79.75,34.75,0.44991,3,29,-25.8,70.26,0.04524,28,41.14,53.33,0.94334,27,112.79,64.23,0.01142,2,29,8.78,52.2,0.39689,28,80.09,51.17,0.60311,2,29,17.94,47.69,0.57352,28,90.3,50.84,0.42648,2,29,31.93,42.84,0.8078,28,105.05,52.21,0.1922,2,29,41.06,40.19,0.9056,28,114.45,53.56,0.0944,3,30,-27.05,40.53,0.02248,29,63.34,36.14,0.97134,28,136.42,59.07,0.00618,2,30,-0.97,34.31,0.3834,29,90.04,33.8,0.6166,2,30,3.75,32.76,0.51813,29,94.95,32.96,0.48187,1,30,51.45,27.04,1,1,30,66.59,25.23,1,2,31,-27.46,29.71,0.03028,30,82.3,24.31,0.96972,2,31,-15.24,29.66,0.15955,30,94.34,26.45,0.84045,2,31,38.25,39.39,0.9918,30,145.22,45.61,0.0082,2,31,46.85,41.37,0.99921,30,153.32,49.09,0.00079,1,31,73.82,49.36,1,1,31,78.57,39.47,1,1,31,84.47,33.91,1,1,31,102.21,18.98,1,1,31,108.04,6.57,1,1,31,120.72,-3.85,1,1,31,143.98,-12.61,1,1,31,152.27,-18.09,1,1,31,140.42,-21.48,1,1,31,149.54,-28.72,1,1,31,139.5,-29.93,1,1,31,121.2,-29,1,1,31,128.28,-38.27,1,1,31,107.21,-35.53,1,1,31,98.49,-41.43,1,1,31,74.91,-39.73,1,2,31,27.22,-30.29,0.9919,30,146.86,-24.92,0.0081,2,31,-20.88,-26.06,0.08953,30,98.78,-29.38,0.91047,2,31,-26.38,-24.95,0.03601,30,93.17,-29.27,0.96399,1,30,53.06,-34.75,1,2,30,13.56,-35,0.86207,29,114.55,-32.65,0.13793,2,30,-8.76,-33.18,0.35219,29,92.21,-34.1,0.64781,1,29,26.63,-33.23,1,2,29,-18.16,-23.24,0.20531,28,86.72,-28.67,0.79469,2,28,10.18,-27.06,0.89795,27,111.36,-21.91,0.10205,2,28,-1.35,-24.99,0.6233,27,99.82,-23.93,0.37671,1,27,59.75,-27.11,1,2,27,2.68,-20.36,0.73055,26,109.3,-18.02,0.26945,1,26,62.95,-20.37,1,1,26,43.15,-18.41,1,1,26,11.18,-12.72,1],"edges":[0,116,0,2,2,4,4,6,6,8,8,10,10,12,12,14,14,16,16,18,18,20,20,22,22,24,24,26,26,28,28,30,30,32,32,34,34,36,36,38,38,40,40,42,42,44,44,46,46,48,48,50,50,52,52,54,54,56,56,58,58,60,60,62,62,64,64,66,66,68,68,70,70,72,72,74,74,76,76,78,78,80,80,82,82,84,84,86,86,88,88,90,90,92,92,94,94,96,96,98,98,100,100,102,102,104,104,106,106,108,108,110,110,112,112,114,114,116]}}}}],"animations":{"animation":{"bones":{"yj":{"translate":[{"time":1.8333},{"time":2,"x":-21.03,"y":1.34},{"time":2.1667}],"scale":[{"time":1.8333},{"time":2,"y":-0.001},{"time":2.1667}]},"ys":{"translate":[{},{"time":1,"x":6.52,"y":13.03},{"time":2},{"time":3,"x":6.52,"y":13.03},{"time":4}]},"tf10":{"rotate":[{},{"time":0.6667,"angle":-0.28},{"time":1.3333,"angle":5.15},{"time":2},{"time":2.6667,"angle":-0.28},{"time":3.3333,"angle":5.15},{"time":4}]},"tf11":{"rotate":[{},{"time":1,"angle":-5.38},{"time":1.5,"angle":-2.3},{"time":2},{"time":3,"angle":-5.38},{"time":3.5,"angle":-2.3},{"time":4}]},"tf15":{"rotate":[{},{"time":0.6667,"angle":-3.73},{"time":1.3333,"angle":1.26},{"time":2},{"time":2.6667,"angle":-3.73},{"time":3.3333,"angle":1.26},{"time":4}]},"tf16":{"rotate":[{},{"time":1,"angle":0.28},{"time":1.5,"angle":3.31},{"time":2},{"time":3,"angle":0.28},{"time":3.5,"angle":3.31},{"time":4}]},"st2":{"translate":[{},{"time":1,"x":-8.63,"y":13.13},{"time":2},{"time":3,"x":-8.63,"y":13.13},{"time":4}],"scale":[{},{"time":1,"x":1.083,"y":1.083},{"time":2},{"time":3,"x":1.083,"y":1.083},{"time":4}]},"st10":{"rotate":[{},{"time":1,"angle":0.65},{"time":2},{"time":3,"angle":0.65},{"time":4}]},"st12":{"translate":[{},{"time":1,"y":34.24},{"time":2},{"time":3,"y":34.24},{"time":4}]},"st13":{"translate":[{},{"time":1,"x":-2.57,"y":14.55},{"time":2},{"time":3,"x":-2.57,"y":14.55},{"time":4}]},"tou2":{"translate":[{"time":1.8333},{"time":2,"x":1.36,"y":-11.22},{"time":2.1667}]},"tou3":{"translate":[{"time":1.8333},{"time":2,"x":-0.5,"y":-19.61},{"time":2.1667}]},"tou4":{"translate":[{},{"time":1,"x":0.04,"y":3.77},{"time":2},{"time":3,"x":0.04,"y":3.77},{"time":4}]},"target2":{"translate":[{},{"time":1,"x":4.57,"y":13.71},{"time":2},{"time":3,"x":4.57,"y":13.71},{"time":4}]},"target0":{"translate":[{},{"time":1,"x":-28.26,"y":11.63},{"time":2},{"time":3,"x":-28.26,"y":11.63},{"time":4}]},"st14":{"translate":[{},{"time":0.6667,"x":-11.34,"y":1.89},{"time":1.3333,"x":13.23,"y":-9.45},{"time":2},{"time":2.6667,"x":-11.34,"y":1.89},{"time":3.3333,"x":13.23,"y":-9.45},{"time":4}]}},"deform":{"default":{"tf1":{"tf1":[{"offset":90,"vertices":[2.35199,-2.98743,2.84973,-2.51752,2.35199,-2.98743,2.84973,-2.51752,2.35199,-2.98743]},{"time":1.3333,"offset":90,"vertices":[3.91541,-5.43779,4.90912,-4.56724,3.91541,-5.43779,4.90912,-4.56724,6.37866,-7.84399,4.79492,-2.11221,4.79492,-2.11221]},{"time":1.5,"offset":90,"vertices":[5.79353,-6.21477,6.92662,-4.87055,5.05653,-6.24326,6.21721,-5.07195,7.59087,-10.53246,3.59619,-1.58416,3.59619,-1.58416]},{"time":2,"offset":90,"vertices":[2.09088,-0.78917,2.19873,-0.40167,2.68744,-2.05591,3.01263,-1.54099,2.35199,-2.98743]},{"time":3.3333,"offset":90,"vertices":[3.91541,-5.43779,4.90912,-4.56724,3.91541,-5.43779,4.90912,-4.56724,6.37866,-7.84399,4.79492,-2.11221,4.79492,-2.11221]},{"time":3.5,"offset":90,"vertices":[5.79353,-6.21477,6.92662,-4.87055,5.05653,-6.24326,6.21721,-5.07195,7.59087,-10.53246,3.59619,-1.58416,3.59619,-1.58416]},{"time":4,"offset":90,"vertices":[2.35199,-2.98743,2.84973,-2.51752,2.35199,-2.98743,2.84973,-2.51752,2.35199,-2.98743]}]}}}}}},[0]]],0,0,[0],[-1],[0]]