[1,["35kWILu5RC9q3SWPUcm6tq","7d8OseSqRO0qBwQAd0kyrp","002u3LYytGNajFlLDu8ZwM"],0,[["sp.SkeletonData",["_name","_atlasText","textureNames","_skeletonJson","textures"],-1,3]],[[0,0,1,2,3,4,5]],[[0,"skeleton","\nskeleton.png\nsize: 1965,1858\nformat: RGBA8888\nfilter: Linear,Linear\nrepeat: none\n1\n  rotate: true\n  xy: 275, 1710\n  size: 146, 332\n  orig: 256, 512\n  offset: 47, 10\n  index: -1\n2\n  rotate: true\n  xy: 2, 1504\n  size: 204, 432\n  orig: 256, 512\n  offset: 24, 12\n  index: -1\n3\n  rotate: true\n  xy: 1281, 1445\n  size: 206, 438\n  orig: 256, 512\n  offset: 23, 30\n  index: -1\n4\n  rotate: true\n  xy: 436, 1498\n  size: 204, 428\n  orig: 256, 512\n  offset: 24, 62\n  index: -1\n5\n  rotate: true\n  xy: 866, 1460\n  size: 205, 413\n  orig: 256, 512\n  offset: 23, 83\n  index: -1\n6\n  rotate: true\n  xy: 1353, 1653\n  size: 203, 410\n  orig: 256, 512\n  offset: 24, 90\n  index: -1\n7\n  rotate: true\n  xy: 965, 1667\n  size: 189, 386\n  orig: 256, 512\n  offset: 27, 115\n  index: -1\n8\n  rotate: true\n  xy: 609, 1704\n  size: 152, 354\n  orig: 256, 512\n  offset: 60, 148\n  index: -1\nbz\n  rotate: false\n  xy: 901, 392\n  size: 970, 528\n  orig: 970, 532\n  offset: 0, 4\n  index: -1\ndd\n  rotate: true\n  xy: 2, 622\n  size: 472, 897\n  orig: 472, 897\n  offset: 0, 0\n  index: -1\nkz\n  rotate: false\n  xy: 2, 2\n  size: 1466, 388\n  orig: 1467, 389\n  offset: 0, 0\n  index: -1\nlian_jy\n  rotate: false\n  xy: 2, 1148\n  size: 408, 354\n  orig: 415, 360\n  offset: 3, 6\n  index: -1\nmao\n  rotate: false\n  xy: 1310, 922\n  size: 653, 521\n  orig: 657, 552\n  offset: 0, 0\n  index: -1\nt\n  rotate: false\n  xy: 412, 1096\n  size: 896, 347\n  orig: 897, 347\n  offset: 0, 0\n  index: -1\nzs\n  rotate: true\n  xy: 2, 1729\n  size: 127, 271\n  orig: 127, 274\n  offset: 0, 0\n  index: -1\n\nskeleton2.png\nsize: 2043,1598\nformat: RGBA8888\nfilter: Linear,Linear\nrepeat: none\nnai_y\n  rotate: false\n  xy: 2, 2\n  size: 1379, 755\n  orig: 1379, 758\n  offset: 0, 0\n  index: -1\nxiong_jy\n  rotate: false\n  xy: 2, 1012\n  size: 1123, 584\n  orig: 1131, 595\n  offset: 4, 3\n  index: -1\nys\n  rotate: false\n  xy: 1127, 759\n  size: 914, 837\n  orig: 914, 837\n  offset: 0, 0\n  index: -1\n\nskeleton3.png\nsize: 1825,890\nformat: RGBA8888\nfilter: Linear,Linear\nrepeat: none\nst\n  rotate: false\n  xy: 2, 2\n  size: 1821, 886\n  orig: 1821, 887\n  offset: 0, 0\n  index: -1\n",["skeleton.png","skeleton2.png","skeleton3.png"],{"skeleton":{"hash":"0RmdxbzO+duiXrDKfU+I0hWKYiY","spine":"3.8.75","x":-963.49,"y":-553.24,"width":1921.36,"height":1092.87,"images":"../拆解素材/","audio":""},"bones":[{"name":"root"},{"name":"bz","parent":"root","x":218.1,"y":189.16},{"name":"bz2","parent":"bz","length":133.18,"rotation":113.47,"x":0.64,"y":-1.65},{"name":"bz3","parent":"bz2","length":113.21,"rotation":-4.42,"x":133.18},{"name":"t","parent":"bz3","rotation":-109.04,"x":163.85,"y":293.49},{"name":"st","parent":"root","x":46.87,"y":-103.79},{"name":"naizi","parent":"root","x":255.39,"y":-169.07},{"name":"zs","parent":"root","x":-845.7,"y":-232.15},{"name":"ys","parent":"root","x":697.27,"y":-459.96},{"name":"dd","parent":"root","x":-432,"y":-423.36},{"name":"kz","parent":"root","x":-873.95,"y":-505.71},{"name":"mao","parent":"root","x":-523.26,"y":-393.87},{"name":"dd2","parent":"dd","length":232.7,"rotation":66.76,"x":0.39,"y":-0.76},{"name":"dd3","parent":"dd2","length":241.43,"rotation":1.25,"x":232.7},{"name":"dd4","parent":"dd3","length":165.77,"rotation":10,"x":241.43},{"name":"dd5","parent":"dd4","length":166.24,"rotation":5.05,"x":165.77},{"name":"ys2","parent":"ys","length":177.51,"rotation":137.27,"x":-0.36,"y":-1.45},{"name":"ys3","parent":"ys2","length":219.45,"rotation":-16.7,"x":177.51},{"name":"ys4","parent":"ys3","length":126.51,"rotation":32.42,"x":200.96,"y":125.14},{"name":"ys5","parent":"ys4","length":135.84,"rotation":5.04,"x":126.51},{"name":"ys6","parent":"ys3","length":174.76,"rotation":27.35,"x":263.78,"y":3.34},{"name":"ys7","parent":"ys6","length":162.86,"rotation":12.66,"x":174.76},{"name":"ys8","parent":"ys3","length":155.66,"rotation":20.77,"x":274.52,"y":-97.98},{"name":"ys9","parent":"ys8","length":157.24,"rotation":20.22,"x":155.66},{"name":"zs2","parent":"zs","length":84.5,"rotation":90.44,"x":0.45,"y":1.01},{"name":"zs3","parent":"zs2","length":75.52,"rotation":-11.27,"x":84.5},{"name":"zs4","parent":"zs3","length":82.76,"rotation":-4.07,"x":75.52},{"name":"bz4","parent":"bz3","length":132.43,"rotation":-2.42,"x":113.21},{"name":"naizi2","parent":"naizi","length":261.98,"rotation":106.7,"x":517.71,"y":-338.61},{"name":"naizi3","parent":"naizi2","length":221.15,"rotation":2,"x":261.98},{"name":"naizi4","parent":"naizi3","length":230.37,"rotation":20.34,"x":221.15},{"name":"naizi5","parent":"naizi4","length":222.8,"rotation":36.79,"x":230.37},{"name":"naizi7","parent":"naizi","length":609.97,"rotation":178.95,"x":139.82,"y":23.52},{"name":"st2","parent":"st","length":432.1,"rotation":178.05,"x":-398.18,"y":-33.92},{"name":"st3","parent":"st","length":253.19,"rotation":100.7,"x":828.62,"y":-375.58},{"name":"st4","parent":"st3","length":276.32,"rotation":7.53,"x":253.19},{"name":"st5","parent":"st4","length":253.89,"rotation":31.13,"x":276.32},{"name":"st6","parent":"st","length":271.58,"rotation":107.22,"x":299.19,"y":-393.78},{"name":"st7","parent":"st6","length":251.38,"rotation":12.44,"x":271.58},{"name":"st8","parent":"st7","length":230.65,"rotation":14.54,"x":251.38},{"name":"st9","parent":"st","length":231.86,"rotation":96.01,"x":-57.31,"y":-361.92},{"name":"st10","parent":"st9","length":190.41,"rotation":5.48,"x":231.86},{"name":"st11","parent":"st10","length":174.51,"rotation":12.63,"x":190.41},{"name":"naizi8","parent":"naizi7","length":102.15,"rotation":1.54,"x":586.08,"y":156.89},{"name":"sj","parent":"root","rotation":-3.96,"x":-180.38,"y":621.29,"scaleX":2.6794,"scaleY":1.1326},{"name":"st12","parent":"st2","length":87.54,"rotation":11.41,"x":378.81,"y":27.23},{"name":"lian_jy","parent":"t","x":9.96,"y":28.52},{"name":"xiong_jy","parent":"root","x":-140.8,"y":-160}],"slots":[{"name":"root","bone":"root","attachment":"root"},{"name":"bz","bone":"bz","attachment":"bz"},{"name":"st","bone":"st","attachment":"st"},{"name":"t","bone":"t","attachment":"t"},{"name":"dd","bone":"dd","attachment":"dd"},{"name":"nai_y","bone":"naizi","attachment":"nai_y"},{"name":"zs","bone":"zs","attachment":"zs"},{"name":"ys","bone":"ys","attachment":"ys"},{"name":"mao","bone":"mao","attachment":"mao"},{"name":"kz","bone":"kz","attachment":"kz"},{"name":"sj","bone":"sj","color":"ffffffb3"},{"name":"lian_jy","bone":"lian_jy"},{"name":"xiong_jy","bone":"xiong_jy"}],"skins":[{"name":"default","attachments":{"dd":{"dd":{"type":"mesh","hull":30,"width":472,"height":897,"uvs":[0.85493,0.00104,0.96964,0.06874,1,0.12912,1,0.15977,0.96857,0.36769,0.94161,0.46704,0.85463,0.57266,0.82406,0.59486,0.72886,0.7208,0.59761,0.85365,0.50215,1,0.49215,1,0.49095,0.99924,0.22378,0.9528,0.17459,0.94606,0.02702,0.90388,0.00127,0.86084,0.00249,0.82723,0.12848,0.72396,0.14601,0.70428,0.28328,0.54209,0.30489,0.52319,0.45334,0.33554,0.47085,0.31874,0.49777,0.26201,0.49129,0.22056,0.45954,0.1807,0.48875,0.12301,0.59279,0.05117,0.71774,0.0011],"triangles":[28,1,2,3,25,27,26,27,25,29,0,1,28,29,1,3,27,28,2,3,28,3,24,25,4,24,3,23,24,4,4,22,23,5,22,4,6,21,22,5,6,22,7,21,6,8,21,7,20,21,8,19,20,8,9,19,8,18,19,9,17,14,16,18,14,17,15,16,14,18,13,14,9,13,18,12,13,9,10,11,12,9,10,12],"vertices":[1,15,181.51,-23.73,1,2,14,300.52,-73.24,0.00118,15,127.78,-84.81,0.99882,2,14,250.52,-98.51,0.06731,15,75.75,-105.58,0.93269,2,14,223.62,-104.22,0.16165,15,48.45,-108.91,0.83835,3,13,301.26,-119.89,0.24142,14,38.1,-128.45,0.75654,15,-138.48,-116.72,0.00204,2,13,213.86,-141.46,0.7379,14,-51.71,-134.52,0.2621,3,12,346.36,-136.41,0.01618,13,110.64,-138.87,0.96985,14,-152.91,-114.05,0.01397,3,12,322.37,-131.01,0.05038,13,86.77,-132.94,0.94631,14,-175.39,-104.07,0.00331,2,12,200.83,-134.31,0.66597,13,-34.81,-133.58,0.33403,2,12,66.89,-124.42,0.99819,13,-168.5,-120.76,0.00181,1,12,-71.51,-134.83,1,1,12,-73.38,-130.49,1,1,12,-72.97,-129.7,1,1,12,-84.47,2.6,1,1,12,-88.07,26.32,1,1,12,-80.8,105.25,1,1,12,-50.13,131.66,1,1,12,-22.2,143.03,1,2,12,86.39,124.95,0.99433,13,-143.55,128.12,0.00567,2,12,105.87,124.31,0.98231,13,-124.08,127.06,0.01769,2,12,265.12,122.2,0.24069,13,35.08,121.46,0.75931,3,12,284.72,119.52,0.14407,13,54.62,118.35,0.8559,14,-163.41,148.99,0.00003,3,13,236.93,116.41,0.47858,14,15.79,115.42,0.51846,15,-139.24,128.17,0.00297,3,13,254,114.39,0.34874,14,32.25,110.47,0.64069,15,-123.28,121.79,0.01056,3,13,305.94,121.66,0.07428,14,84.66,108.61,0.81104,15,-71.23,115.33,0.11468,3,13,339.28,138.42,0.01136,14,120.4,119.33,0.66804,15,-34.69,122.86,0.3206,3,13,366.81,165.7,0.00029,14,152.26,141.41,0.48227,15,-1.01,142.05,0.51744,2,14,205.74,138.68,0.26968,15,52.02,134.62,0.73032,2,14,278.98,104.03,0.03413,15,121.93,93.66,0.96587,1,15,173.64,40.54,1],"edges":[0,58,0,2,2,4,4,6,6,8,8,10,10,12,12,14,14,16,16,18,18,20,20,22,22,24,24,26,26,28,28,30,30,32,32,34,34,36,36,38,38,40,40,42,42,44,44,46,46,48,48,50,50,52,52,54,54,56,56,58]}},"lian_jy":{"lian_jy":{"x":0.5,"width":415,"height":360}},"nai_y":{"nai_y":{"type":"mesh","hull":55,"width":1379,"height":758,"uvs":[0.41809,0.00465,0.46958,0.00709,0.47047,0.00892,0.50401,0.00814,0.55004,0.01363,0.57942,0.02107,0.63719,0.01199,0.7005,0.03456,0.70657,0.04187,0.7497,0.09986,0.77863,0.15303,0.79873,0.2118,0.80429,0.23238,0.80591,0.23813,0.82443,0.28333,0.84118,0.36834,0.84312,0.38339,0.85409,0.41608,0.85945,0.45334,0.86999,0.49602,0.86826,0.50189,0.87827,0.55109,0.89171,0.64032,0.90581,0.70853,0.91266,0.73005,0.91566,0.73563,0.94116,0.77861,0.94552,0.78395,0.96836,0.8041,1,0.84231,1,1,0.7004,1,0.59781,1,0.30539,1,0.1375,1,0.0884,0.92213,0.07547,0.8988,0.04785,0.85913,0.02413,0.80023,0.01055,0.7562,0.00275,0.71947,0,0.6214,0,0.5721,0.01522,0.5013,0.02299,0.45333,0.06115,0.33631,0.09113,0.28244,0.12875,0.21015,0.16837,0.15457,0.19406,0.12073,0.24767,0.07218,0.33629,0.0187,0.3359,0.01713,0.36368,0.01715,0.39294,0.00784,0.3502,0.05633,0.40326,0.05848,0.46104,0.07349,0.51527,0.09494,0.57895,0.15715,0.61432,0.21507,0.64498,0.27299,0.66856,0.33305,0.68978,0.41671,0.70511,0.50037,0.71454,0.59476,0.7169,0.68485,0.71572,0.77066,0.71808,0.84144,0.71101,0.91867,0.28653,0.15715,0.38086,0.18504,0.46457,0.24296,0.52353,0.34163,0.58248,0.50037,0.6155,0.66126,0.6214,0.85432,0.09433,0.48536,0.1297,0.45318,0.19102,0.42315,0.25351,0.44245,0.30421,0.50466,0.32308,0.63122,0.31011,0.76637,0.25941,0.8157,0.19456,0.8393,0.11438,0.80927,0.06957,0.73419,0.06249,0.59476,0.09551,0.36952,0.17687,0.3116,0.28181,0.30302,0.37142,0.37381,0.44689,0.50466,0.47047,0.66769,0.46104,0.85217,0.42212,0.96372],"triangles":[78,87,88,40,88,87,86,87,78,86,79,85,83,84,82,80,84,85,37,87,86,34,86,85,85,84,33,57,2,3,58,3,4,59,4,5,6,59,5,7,60,6,8,60,7,61,8,9,10,61,9,62,10,11,62,11,12,13,62,12,63,13,14,63,14,15,16,63,15,20,18,19,16,18,64,17,18,16,65,18,20,21,65,20,66,21,22,67,22,23,28,29,30,27,28,30,26,27,30,31,25,26,24,25,68,68,23,24,26,30,31,57,0,1,51,52,53,55,51,53,56,53,54,25,31,69,25,69,68,68,67,23,22,67,66,64,18,65,13,63,62,10,62,61,8,61,60,58,4,59,58,72,57,70,51,55,71,55,56,69,76,68,69,31,76,73,59,60,71,57,72,33,84,83,35,86,34,35,36,86,40,41,88,42,43,88,88,43,77,70,49,50,91,70,71,91,49,70,90,48,49,90,49,91,47,48,90,46,47,90,89,46,90,45,46,89,92,91,71,92,71,72,73,72,59,80,79,90,78,89,90,91,80,90,81,80,91,79,78,90,89,44,45,77,89,78,77,44,89,61,74,73,61,73,60,74,61,62,74,62,63,74,63,64,92,81,91,93,92,72,93,72,73,93,73,74,81,92,93,77,43,44,82,81,93,75,74,64,75,64,65,94,93,74,94,74,75,82,93,94,75,65,66,81,82,80,67,75,66,77,78,88,79,86,78,80,85,79,80,82,84,94,83,82,95,83,94,76,75,67,96,83,95,94,76,95,76,94,75,31,32,76,32,95,76,96,95,32,33,96,32,41,42,88,39,40,87,38,39,87,37,38,87,36,37,86,33,83,96,34,85,33,70,50,51,70,55,71,76,67,68,53,56,55,71,56,57,56,0,57,3,58,57,59,72,58,60,59,6,16,64,63,21,66,65,56,54,0,57,1,2],"vertices":[2,32,258.71,-347.26,0.53,31,346.86,10.48,0.47,2,32,187.68,-346.72,0.38,31,277.56,-5.11,0.62,2,32,186.43,-345.35,0.4,31,276.03,-4.07,0.6,1,31,231.32,-15.97,1,1,31,168.77,-27.47,1,1,31,128.11,-31.92,1,2,30,307.24,-15.06,0.01113,31,52.55,-58.1,0.98887,2,30,238.97,-72.09,0.74997,31,-36.28,-62.89,0.25003,2,30,229.39,-75.1,0.81972,31,-45.75,-59.56,0.18028,1,30,157.79,-93.61,1,2,29,350.67,-57.8,0.00035,30,101.36,-99.21,0.99965,2,29,299.59,-69.77,0.0565,30,49.3,-92.68,0.9435,2,29,282.35,-72.04,0.13067,30,32.34,-88.81,0.86933,2,29,277.5,-72.75,0.16238,30,27.55,-87.8,0.83762,2,29,236.87,-85.95,0.51353,30,-15.14,-86.05,0.48647,2,29,168.42,-87.17,0.95542,30,-79.74,-63.41,0.04458,2,29,156.76,-86.04,0.98182,30,-90.28,-58.3,0.01818,2,29,128.43,-92.43,0.9997,30,-119.06,-54.44,0.0003,2,28,364.39,-86.85,0.00407,29,99.31,-90.38,0.99593,2,28,329.23,-91.47,0.05282,29,64.02,-93.77,0.94718,2,28,325.65,-87.91,0.06323,29,60.56,-90.08,0.93677,2,28,285.97,-90.41,0.28193,29,20.81,-91.19,0.71807,2,28,215.86,-88.73,0.86269,29,-49.19,-87.07,0.13731,2,28,160.75,-92.5,0.99506,29,-104.4,-88.91,0.00494,2,28,142.41,-96.86,0.99966,29,-122.88,-92.62,0.00034,1,28,137.17,-99.61,1,1,28,95.86,-123.92,1,1,28,90.25,-128.52,1,1,28,66.58,-154.29,1,1,28,26.29,-187.77,1,1,28,-88.19,-153.42,1,1,32,-144.4,399.93,1,1,32,-2.96,402.53,1,1,32,400.22,409.94,1,1,32,631.7,414.2,1,1,32,700.48,356.43,1,1,32,718.64,339.08,1,1,32,757.28,309.72,1,1,32,790.8,265.68,1,1,32,810.14,232.65,1,1,32,821.4,205.01,1,1,32,826.56,130.76,1,1,32,827.25,93.4,1,1,32,807.25,39.35,1,1,32,797.21,2.8,1,1,32,746.23,-86.85,1,1,32,705.64,-128.44,1,1,32,654.78,-184.18,1,1,32,600.92,-227.31,1,1,32,565.98,-253.6,1,1,32,492.73,-291.76,1,1,32,371.29,-334.54,1,2,32,371.85,-335.72,0.78,31,454.43,47.4,0.22,2,32,333.55,-336.41,0.64,31,417.28,38.03,0.36,2,32,293.33,-344.21,0.53,31,379.88,21.31,0.47,1,32,351.59,-306.37,1,1,32,278.41,-306.09,1,1,32,198.54,-296.18,1,1,32,123.45,-281.29,1,1,32,34.8,-235.76,1,1,32,-14.78,-192.76,1,1,32,-57.86,-149.65,1,1,32,-91.21,-104.73,1,1,32,-121.64,-41.86,1,1,32,-143.94,21.15,1,1,32,-158.26,92.45,1,1,32,-162.77,160.67,1,1,32,-162.34,225.73,1,1,32,-166.57,279.32,1,1,32,-157.9,338.02,1,1,32,437.98,-228.35,1,1,32,307.53,-209.6,1,1,32,191.3,-167.83,1,1,32,108.64,-94.54,1,1,32,25.14,24.26,1,1,32,-22.63,145.36,1,1,32,-33.45,291.52,1,2,32,724.37,30.24,0.65397,43,59.42,-142.67,0.34603,2,32,659.52,-1.99,0.88788,43,-14.59,-140.98,0.11212,1,32,565.95,-24.34,1,1,32,479.52,-11.29,1,3,32,410.35,28.26,0.95354,28,553.64,657.31,0.00046,43,-210.2,14.17,0.046,3,32,377.97,92.53,0.72595,28,482.57,646.07,0.00751,43,-194.73,81.52,0.26653,3,32,367.43,166.85,0.46259,28,408.57,658.69,0.0174,43,-158.11,141,0.52,3,32,414.8,202.34,0.24337,28,389.21,714.63,0.01066,43,-98.65,140.77,0.74598,3,32,485.23,245.25,0.06198,28,369.82,794.79,0.00362,43,-22.19,137.93,0.9344,2,28,373.82,917.28,0.00021,43,83.19,111.16,0.99979,2,32,696.13,256.04,0.00582,43,144.67,53.48,0.99418,2,32,762,145.49,0.21888,43,147.13,-62.11,0.78112,1,32,698.39,-62.56,1,1,32,587.02,-108.51,1,1,32,442.45,-117.68,1,1,32,317.91,-66.3,1,3,32,212.1,29.01,0.98896,28,492.48,468.74,0.00288,43,-379.44,119.98,0.00816,1,32,177.25,153.91,1,1,32,187.68,293.96,1,1,32,239.78,379.49,1],"edges":[0,108,0,2,2,4,4,6,6,8,8,10,10,12,12,14,14,16,16,18,18,20,20,22,22,24,24,26,26,28,28,30,30,32,32,34,34,36,36,38,38,40,40,42,42,44,44,46,46,48,48,50,50,52,52,54,54,56,56,58,58,60,68,70,70,72,72,74,74,76,76,78,78,80,80,82,82,84,84,86,86,88,88,90,90,92,92,94,94,96,96,98,98,100,100,102,102,104,104,106,106,108,60,62,62,64,64,66,66,68]}},"sj":{"1":{"width":256,"height":512},"2":{"width":256,"height":512},"3":{"width":256,"height":512},"4":{"width":256,"height":512},"5":{"width":256,"height":512},"6":{"width":256,"height":512},"7":{"width":256,"height":512},"8":{"width":256,"height":512}},"bz":{"bz":{"type":"mesh","hull":60,"width":970,"height":532,"uvs":[0.88547,0,0.91058,0.04725,0.9569,0.11118,0.96513,0.12044,0.98468,0.1334,1,0.16145,1,0.16645,0.99961,0.1715,0.97951,0.16183,0.97445,0.17448,0.95696,0.20635,0.94143,0.22303,0.9021,0.23979,0.76464,0.32819,0.75336,0.35466,0.71751,0.45629,0.70881,0.49232,0.67607,0.60244,0.6669,0.62508,0.64952,0.69792,0.64684,0.71107,0.67343,0.76463,0.67305,0.78905,0.68711,0.80952,0.69365,0.83448,0.70925,0.82746,0.72165,0.83201,0.73443,0.81499,0.7223,0.85051,0.66217,0.92128,0.61616,0.95365,0.56487,0.96941,0.40331,0.98053,0.31796,0.96227,0.26875,0.95307,0.20032,0.96899,0.17954,0.97495,0.13602,0.99238,0.12663,0.99065,0.08709,0.92334,0.07207,0.88042,0.04411,0.73239,0.02228,0.5663,0.01688,0.52683,0,0.41465,0,0.38266,0.00949,0.35449,0.0222,0.35065,0.25883,0.24351,0.2996,0.21799,0.31631,0.21759,0.32194,0.21544,0.34018,0.19909,0.38451,0.19577,0.38136,0.16025,0.38131,0.12904,0.39256,0.09108,0.41458,0.03594,0.42856,0.01957,0.47294,0,0.56995,0.87437,0.52406,0.84767,0.48404,0.76935,0.45963,0.6839,0.42351,0.52192,0.40496,0.37417,0.39226,0.26559],"triangles":[54,55,56,8,3,4,8,4,5,8,5,6,7,8,6,9,3,8,53,54,56,10,2,3,10,3,9,2,12,1,11,2,10,12,0,1,11,12,2,57,66,53,13,59,0,13,0,12,14,59,13,56,57,53,58,65,66,47,44,45,15,59,14,15,64,59,57,58,66,59,64,65,58,59,65,46,47,45,43,44,47,48,43,47,42,43,48,64,15,16,41,42,48,48,65,34,48,34,41,52,53,66,51,52,66,50,51,66,48,49,50,50,66,48,66,65,48,16,17,64,18,64,17,63,64,18,19,63,18,20,63,19,62,63,20,22,20,21,61,62,20,28,26,27,60,61,20,60,20,22,34,40,41,29,60,22,24,29,22,24,22,23,24,28,29,25,28,24,26,28,25,39,40,36,30,60,29,34,64,33,64,34,65,33,64,63,32,33,63,34,35,40,31,61,60,31,60,30,35,36,40,62,32,63,32,62,61,32,61,31,37,38,39,36,37,39],"vertices":[3,2,255.79,-688.33,0.15252,3,175.35,-676.82,0.1467,27,90.67,-673.59,0.70078,3,2,223.03,-700.66,0.15061,3,143.64,-691.64,0.14629,27,59.62,-689.74,0.7031,3,2,173.94,-728.33,0.14705,3,96.83,-723.02,0.14559,27,14.17,-723.06,0.70736,3,2,166.24,-733.69,0.14658,3,89.57,-728.96,0.1455,27,7.17,-729.3,0.70792,3,2,152.36,-748.35,0.14589,3,76.86,-744.64,0.14538,27,-4.86,-745.51,0.70873,3,2,132.76,-756.03,0.14558,3,57.91,-753.81,0.14533,27,-23.41,-755.48,0.70908,3,2,130.32,-754.97,0.14558,3,55.4,-752.94,0.14533,27,-25.96,-754.71,0.70909,3,2,128,-753.56,0.14557,3,52.98,-751.71,0.14533,27,-28.42,-753.58,0.7091,3,2,140.49,-737.72,0.14599,3,64.21,-734.96,0.1454,27,-17.91,-736.37,0.70861,3,2,136.27,-730.54,0.14634,3,59.45,-728.13,0.14545,27,-22.96,-729.75,0.70821,3,2,127.47,-708.23,0.14736,3,48.95,-706.56,0.14561,27,-34.35,-708.64,0.70702,3,2,125.33,-690.88,0.14842,3,45.48,-689.42,0.14578,27,-38.55,-691.67,0.70581,3,2,132.35,-652.33,0.15329,3,49.5,-650.45,0.14652,27,-36.18,-652.56,0.70019,3,2,142.3,-511.3,0.22199,3,48.54,-509.07,0.15432,27,-43.11,-511.35,0.62369,3,2,133.74,-495.65,0.24519,3,38.8,-494.13,0.15592,27,-53.47,-496.83,0.59889,3,2,97.99,-442.22,0.33864,3,-0.97,-443.62,0.15778,27,-95.33,-448.05,0.50357,3,2,83.77,-426.85,0.37582,3,-16.33,-429.39,0.1565,27,-111.28,-434.48,0.46767,3,2,42.68,-374.39,0.51258,3,-61.35,-380.25,0.14239,27,-158.34,-387.28,0.34504,3,2,35.17,-361.43,0.55087,3,-69.83,-367.92,0.13601,27,-167.33,-375.32,0.31312,3,2,6.34,-330.54,0.68709,3,-100.96,-339.34,0.10432,27,-199.65,-348.08,0.20859,3,2,0.96,-325.36,0.71968,3,-106.72,-334.59,0.09501,27,-205.6,-343.58,0.18531,3,2,-35.45,-337.68,0.81109,3,-142.08,-349.68,0.06511,27,-240.28,-360.15,0.12381,3,2,-47.22,-332.17,0.82884,3,-154.23,-345.1,0.05883,27,-252.63,-356.09,0.11234,3,2,-62.64,-340.34,0.8486,3,-168.98,-354.44,0.05155,27,-266.96,-366.04,0.09986,3,2,-77.35,-340.87,0.85999,3,-183.6,-356.1,0.04725,27,-281.5,-368.32,0.09276,3,2,-79.95,-356.24,0.86596,3,-185.01,-371.62,0.04486,27,-282.25,-383.88,0.08918,3,2,-86.96,-366.31,0.8675,3,-191.22,-382.21,0.04422,27,-288.01,-394.72,0.08828,3,2,-83.59,-381.28,0.86848,3,-186.7,-396.87,0.04381,27,-282.88,-409.18,0.08771,3,2,-96.24,-362.97,0.86715,3,-200.73,-379.59,0.04437,27,-297.62,-392.51,0.08848,3,2,-107.55,-294.47,0.86914,3,-217.29,-312.17,0.04469,27,-317.01,-325.85,0.08617,3,2,-105.57,-246.67,0.8835,3,-219.01,-264.36,0.04089,27,-320.75,-278.15,0.07561,3,2,-93.45,-197.71,0.90519,3,-210.7,-214.6,0.03471,27,-314.56,-228.09,0.0601,3,2,-36.48,-51.59,0.99416,3,-165.17,-64.53,0.00103,27,-275.4,-76.23,0.00481,3,2,5.4,20.48,0.99957,3,-128.97,10.56,0.00043,27,-242.41,0.33,0,2,2,28.9,62.31,0.94766,3,-108.77,54.08,0.05234,3,2,47.56,126.58,0.73502,3,-95.13,119.59,0.25862,27,-213.2,110.69,0.00636,3,2,52.68,146.33,0.67372,3,-91.55,139.68,0.31336,27,-210.47,130.91,0.01293,3,2,60.99,188.74,0.58893,3,-86.54,182.61,0.38292,27,-207.28,174.01,0.02815,3,2,65.45,196.73,0.5799,3,-82.7,190.92,0.38948,27,-203.79,182.48,0.03062,3,2,113.57,217.65,0.48159,3,-36.34,215.49,0.44794,27,-158.51,208.98,0.07047,3,2,140.32,221.93,0.4218,3,-10,221.82,0.47431,27,-132.46,216.42,0.10388,3,2,223.36,215.45,0.20016,3,73.3,221.77,0.48452,27,-49.24,219.88,0.31533,3,2,312.84,199.68,0.04395,3,163.73,212.95,0.29462,27,41.48,214.89,0.66143,3,2,334.19,196.13,0.02547,3,185.29,211.06,0.23995,27,63.1,213.91,0.73458,3,2,395.46,187.38,0.00205,3,247.04,207.06,0.13869,27,124.97,212.53,0.85927,3,2,411.07,180.61,0.00062,3,263.13,201.51,0.12894,27,141.28,207.66,0.87044,3,2,421.15,166.2,0.00007,3,274.29,187.92,0.1233,27,153.01,194.55,0.87663,2,3,272.2,175.6,0.11965,27,151.44,182.16,0.88035,3,2,379,-79.17,0.00303,3,251.2,-59.97,0.01446,27,140.4,-54.09,0.98251,3,2,375.7,-120.86,0.01534,3,251.13,-101.79,0.05311,27,142.1,-95.87,0.93155,3,2,369.44,-135.81,0.02351,3,246.04,-117.18,0.07252,27,137.66,-111.47,0.90397,3,2,368.32,-141.28,0.02746,3,245.34,-122.71,0.08067,27,137.2,-117.02,0.89187,3,2,369.25,-160.97,0.03934,3,247.79,-142.27,0.10126,27,140.47,-136.46,0.85939,3,2,353.75,-201.11,0.07579,3,235.43,-183.5,0.14279,27,129.87,-178.17,0.78142,3,2,372.3,-205.84,0.08374,3,254.29,-186.78,0.14656,27,148.85,-180.65,0.76969,3,2,387.55,-212.41,0.08626,3,270,-192.15,0.14714,27,164.77,-185.35,0.7666,3,2,401.73,-230.45,0.08946,3,285.53,-209.05,0.14774,27,181,-201.58,0.7628,3,2,420.13,-261.73,0.09486,3,306.29,-238.81,0.1486,27,203,-230.45,0.75655,3,2,422.72,-277.64,0.09748,3,310.1,-254.47,0.14913,27,207.47,-245.93,0.75339,3,2,415.13,-321.27,0.10905,3,305.9,-298.56,0.15153,27,205.13,-290.15,0.73941,3,2,-49.04,-222.35,0.87617,3,-164.52,-235.75,0.04723,27,-267.52,-247.27,0.07659,3,2,-18.28,-187.18,0.87674,3,-136.57,-198.31,0.05406,27,-241.17,-208.68,0.06921,3,2,35.4,-168.16,0.80883,3,-84.51,-175.2,0.10282,27,-190.14,-183.4,0.08835,3,2,86.52,-164.54,0.66351,3,-33.82,-167.65,0.19695,27,-139.81,-173.71,0.13954,3,2,179.53,-166.72,0.30748,3,59.07,-162.65,0.34625,27,-47.21,-164.79,0.34627,3,2,258.79,-181.51,0.13198,3,139.24,-171.28,0.24242,27,33.25,-170.03,0.6256,3,2,316.68,-193.22,0.08146,3,197.87,-178.49,0.15934,27,92.12,-174.76,0.75921],"edges":[0,118,0,2,2,4,4,6,6,8,8,10,10,12,12,14,14,16,16,18,18,20,20,22,22,24,24,26,26,28,28,30,30,32,32,34,34,36,36,38,38,40,40,42,42,44,44,46,46,48,48,50,50,52,52,54,54,56,56,58,58,60,60,62,62,64,64,66,66,68,68,70,70,72,72,74,74,76,76,78,78,80,80,82,82,84,84,86,86,88,88,90,90,92,92,94,94,96,96,98,98,100,100,102,102,104,104,106,106,108,108,110,110,112,112,114,114,116,116,118]}},"ys":{"ys":{"type":"mesh","hull":83,"width":914,"height":837,"uvs":[0.13278,0,0.14896,0,0.22418,0.02145,0.2364,0.02442,0.26003,0.02711,0.28874,0.04998,0.30951,0.05778,0.35834,0.08131,0.35292,0.06642,0.34454,0.04203,0.35461,0.03,0.36666,0.03469,0.42333,0.06292,0.47325,0.11757,0.49388,0.14993,0.5144,0.1986,0.5209,0.21245,0.53838,0.22884,0.57453,0.31092,0.58214,0.36293,0.58433,0.38621,0.59713,0.45578,0.60279,0.4716,0.65499,0.44877,0.7367,0.48096,0.76751,0.50944,0.79956,0.54268,0.83174,0.56098,0.88765,0.59576,0.95054,0.66514,0.96952,0.68599,1,0.74074,1,0.74489,0.99626,0.76769,0.98792,0.81385,0.95816,0.945,0.91411,0.99649,0.8645,1,0.55333,0.88824,0.53053,0.88231,0.50865,0.86785,0.45346,0.81691,0.44443,0.79729,0.42972,0.76234,0.42997,0.72613,0.43631,0.67578,0.43561,0.67207,0.39923,0.64146,0.34135,0.5655,0.27105,0.44702,0.18668,0.40071,0.14379,0.38101,0.08576,0.34688,0.03287,0.31962,0.01522,0.30581,0.00134,0.27553,0.00338,0.26321,0.02955,0.25755,0.11642,0.28853,0.17896,0.31447,0.2339,0.34019,0.2581,0.35475,0.28036,0.35533,0.28857,0.33779,0.27867,0.31273,0.19896,0.2533,0.18666,0.24593,0.16461,0.23018,0.15169,0.22309,0.07673,0.18983,0.04479,0.17179,0.01045,0.13921,0.00242,0.12289,0,0.1127,0,0.09476,0.01894,0.08482,0.01784,0.05704,0.08586,0.05808,0.1576,0.08012,0.15592,0.06354,0.12413,0.03875,0.11557,0.01159,0.12524,0.00011,0.62504,0.54152,0.65137,0.58586,0.64808,0.65057,0.60528,0.7021,0.55041,0.71528,0.48896,0.71648],"triangles":[11,8,9,11,9,10,7,8,11,7,11,12,7,12,13,7,14,64,7,13,14,15,63,14,16,63,15,16,18,63,17,18,16,0,80,81,79,1,2,80,0,1,0,81,82,1,79,80,78,79,2,5,66,78,3,78,2,3,5,78,4,5,3,65,5,6,65,6,7,65,66,5,64,65,7,64,14,63,75,76,77,73,74,75,72,73,75,71,72,75,70,75,77,71,75,70,69,70,77,69,77,78,68,69,78,66,67,78,68,78,67,57,55,56,53,54,57,54,55,57,58,53,57,52,53,58,51,58,59,52,58,51,50,59,60,51,59,50,49,61,62,50,60,61,49,50,61,49,62,63,48,49,63,20,48,63,19,63,18,20,63,19,48,20,21,47,48,21,22,47,21,83,22,23,83,23,24,84,83,24,46,47,22,85,83,84,83,46,22,83,86,46,45,46,88,83,85,86,86,87,46,87,88,46,44,45,88,30,31,32,33,30,32,88,43,44,42,43,88,34,30,33,41,42,88,87,41,88,40,41,87,38,39,40,38,87,86,38,40,87,29,85,28,34,29,30,34,85,29,35,36,34,27,85,84,36,37,34,84,26,27,84,25,26,84,24,25,27,28,85,85,34,37,86,85,37,38,86,37],"vertices":[1,23,185.31,-11.68,1,1,23,171.28,-16.36,1,1,23,100.38,-21.07,1,1,23,88.99,-22.24,1,1,23,67.79,-26.93,1,1,23,36.85,-17.08,1,1,23,16.77,-16.88,1,1,22,130.09,-22.55,1,1,22,141.73,-29.18,1,1,22,160.47,-40.34,1,1,22,159.57,-53.95,1,1,22,148.53,-57.77,1,1,22,93.32,-71.67,1,1,22,29.11,-64.46,1,2,17,291.69,-150.38,0.0055,22,-2.53,-55.08,0.9945,2,17,247.07,-145.81,0.15171,22,-42.63,-34.99,0.84829,2,17,234.07,-145.03,0.23599,22,-54.51,-29.65,0.76401,2,17,214.14,-151.81,0.35607,22,-75.55,-28.92,0.64393,3,16,268.09,-178.9,0.0024,17,138.17,-145.32,0.69299,22,-144.27,4.09,0.30462,3,16,233.44,-151.65,0.02874,17,97.16,-129.17,0.79902,22,-176.9,33.73,0.17224,3,16,218.75,-138.69,0.06292,17,79.36,-120.98,0.81322,22,-190.63,47.7,0.12387,3,16,170.64,-103.85,0.39343,17,23.28,-101.45,0.58039,22,-236.14,85.86,0.02618,3,16,157.86,-97.64,0.59225,17,9.24,-99.17,0.3961,22,-248.46,92.96,0.01164,3,16,135.78,-144.05,0.87798,17,1.43,-149.96,0.12125,22,-273.77,48.24,0.00077,2,16,62.64,-174.93,0.98247,17,-59.75,-200.56,0.01753,2,16,25.78,-176.53,0.99635,17,-94.59,-212.69,0.00365,1,16,-14.62,-175.97,1,1,16,-46.62,-184.68,1,1,16,-103.91,-197.97,1,1,16,-185.54,-194.31,1,1,16,-210.12,-193.27,1,1,16,-261.68,-178.5,1,1,16,-264.03,-175.96,1,1,16,-274.47,-159.61,1,1,16,-295.09,-126.06,1,1,16,-349.6,-26.97,1,1,16,-349.26,32,1,1,16,-317.95,64.93,1,1,16,-45.56,189.2,1,1,16,-26.89,199.69,1,1,16,-3.98,204.37,1,3,16,62,207.28,0.99673,17,-170.21,165.34,0.00303,18,-291.77,232.92,0.00025,3,16,79.2,200.82,0.99173,17,-151.87,164.09,0.00746,18,-276.96,222.04,0.00081,3,16,108.94,188.46,0.97375,17,-119.84,160.8,0.02324,18,-251.69,202.09,0.00301,3,16,129.33,166.03,0.93782,17,-93.86,145.18,0.05446,18,-238.13,174.98,0.00772,3,16,153.67,131.15,0.77327,17,-60.53,118.76,0.19566,18,-224.15,134.8,0.03106,3,16,156.24,129.3,0.74504,17,-57.53,117.73,0.21961,18,-222.17,132.33,0.03535,3,16,198.06,133.04,0.43421,17,-18.55,133.34,0.47023,18,-180.91,124.61,0.09556,3,16,280.06,122.24,0.06954,17,63.1,146.55,0.61816,18,-104.9,91.99,0.3123,2,17,181.15,151.45,0.04594,18,-2.62,32.83,0.95406,2,18,83.69,33.32,0.99023,19,-39.73,36.95,0.00977,2,18,126.11,36.44,0.47055,19,2.8,36.33,0.52945,1,19,62.67,29.68,1,1,19,116.03,26.61,1,1,19,135.32,21.93,1,1,19,156.57,3.17,1,1,19,158.7,-7.08,1,1,19,138.29,-20.43,1,1,19,54.96,-26.1,1,2,18,122.76,-27.79,0.64765,19,-6.17,-27.35,0.35235,3,17,275.42,135.21,0.00001,18,68.25,-31.42,0.99652,20,70.93,111.78,0.00347,3,17,253.67,122.36,0.01397,18,43,-30.6,0.94585,20,45.71,110.36,0.04018,3,17,242.91,105.09,0.08138,18,24.66,-39.41,0.74283,20,28.21,99.97,0.17578,3,17,251.73,91.16,0.1301,18,24.64,-55.9,0.44899,20,29.65,83.54,0.42091,3,17,274.39,88.28,0.06909,18,42.23,-70.48,0.19295,20,48.46,70.57,0.73796,3,18,129.73,-81.7,0.00278,21,-22.5,73.85,0.20329,20,136.61,67.12,0.79393,3,18,142.54,-82.1,0.00116,21,-9.86,71.77,0.30874,20,149.41,67.86,0.6901,2,21,13.54,66.04,0.55169,20,173.49,67.4,0.44831,2,21,26.65,64.37,0.69484,20,186.65,68.64,0.30516,2,21,100.52,60.89,0.9953,20,259.48,81.45,0.0047,1,21,133.07,56.36,1,1,21,171.74,41.07,1,1,21,183.2,30.63,1,1,21,188.12,23.33,1,1,21,193.12,9.16,1,1,21,179.56,-4.44,1,2,21,188.23,-26.03,0.99999,23,269.87,66.83,0.00001,2,21,129.31,-45.89,0.98996,23,210.62,48,0.01004,2,21,61.34,-50.29,0.56338,23,142.58,44.76,0.43662,2,21,67.4,-62.86,0.24375,23,148.43,32.08,0.75625,2,21,101.7,-72.77,0.00899,23,182.55,21.59,0.99101,1,23,197.17,2.49,1,1,23,191.82,-9.42,1,3,16,103.21,-68.45,0.91647,17,-51.49,-86.91,0.08309,22,-300.89,125.97,0.00043,2,16,60.35,-57.52,0.98979,17,-95.68,-88.76,0.01021,1,16,25.81,-15.69,1,1,16,25.28,42.53,1,3,16,54.63,84.67,0.99722,17,-142.02,45.78,0.00225,18,-332.08,116.89,0.00052,3,16,95.21,123.51,0.95712,17,-114.32,94.65,0.03748,18,-282.49,143.29,0.00539],"edges":[0,164,0,2,2,4,4,6,6,8,8,10,10,12,12,14,14,16,16,18,18,20,20,22,22,24,24,26,26,28,28,30,30,32,32,34,34,36,36,38,38,40,40,42,42,44,44,46,46,48,48,50,50,52,52,54,54,56,56,58,58,60,60,62,62,64,64,66,66,68,68,70,70,72,72,74,74,76,76,78,78,80,80,82,82,84,84,86,86,88,88,90,90,92,92,94,94,96,96,98,98,100,100,102,102,104,104,106,106,108,108,110,110,112,112,114,114,116,116,118,118,120,120,122,122,124,124,126,126,128,128,130,130,132,132,134,134,136,136,138,138,140,140,142,142,144,144,146,146,148,148,150,150,152,152,154,154,156,156,158,158,160,160,162,162,164]}},"mao":{"mao":{"x":107.66,"y":77.52,"width":657,"height":552}},"st":{"st":{"type":"mesh","hull":83,"width":1821,"height":887,"uvs":[0.96645,0.01661,0.99888,0.06736,1,0.02863,1,1,0.37587,1,0.37116,0.97644,0.37115,0.94662,0.36804,0.94814,0.35587,0.94838,0.35634,0.9579,0.35315,0.98424,0.34884,1,0.1676,1,0.14304,0.98043,0.13849,0.97698,0.12301,0.9642,0.09683,0.93691,0.08364,0.91971,0.0553,0.87394,0.0487,0.86116,0.02486,0.80223,0.01098,0.7454,0.00245,0.69305,0,0.65029,0,0.59837,0.00583,0.51808,0.01464,0.45793,0.02723,0.39906,0.04546,0.34422,0.08198,0.27276,0.10888,0.23363,0.1337,0.20137,0.16469,0.17281,0.17663,0.16648,0.17911,0.16394,0.1924,0.15028,0.1948,0.14946,0.2012,0.13809,0.21327,0.12667,0.22825,0.11991,0.23324,0.10953,0.2398,0.10768,0.24295,0.10505,0.27203,0.08515,0.27747,0.08114,0.29644,0.08116,0.30755,0.08614,0.31196,0.08782,0.32024,0.06853,0.32175,0.06794,0.32269,0.07062,0.31195,0.0879,0.32027,0.09172,0.33593,0.09663,0.34915,0.11025,0.35882,0.1141,0.39799,0.13509,0.40424,0.13463,0.43731,0.13871,0.46588,0.14477,0.48826,0.15277,0.4922,0.15312,0.50461,0.15337,0.50762,0.15551,0.52744,0.15104,0.54354,0.15094,0.56438,0.1455,0.63371,0.14532,0.67206,0.1519,0.70233,0.1532,0.70875,0.14974,0.72091,0.14988,0.74645,0.13992,0.76075,0.13185,0.76636,0.12839,0.78355,0.11254,0.80298,0.08934,0.80435,0.08514,0.82989,0.04242,0.84273,0.02609,0.85689,0.01292,0.8833,0.00711,0.91902,0.00175,0.24113,0.16205,0.18721,0.22339,0.13474,0.29221,0.10996,0.35803,0.07134,0.41339,0.06041,0.50614,0.05604,0.68118,0.09757,0.85023,0.30016,0.19646,0.23384,0.27725,0.19959,0.37898,0.15587,0.48969,0.13692,0.6348,0.13474,0.75598,0.18283,0.92055,0.35773,0.25032,0.3038,0.34008,0.26518,0.44032,0.23457,0.57197,0.22947,0.68866,0.2353,0.78591,0.27975,0.94748,0.04467,0.49898,0.02415,0.52088,0.02087,0.5613,0.03113,0.61436,0.05369,0.61941,0.07584,0.58657,0.07092,0.53351,0.03933,0.46277,0.07338,0.45519,0.08323,0.48972,0.08856,0.55878,0.08446,0.62447,0.05656,0.65142,0.02867,0.65815],"triangles":[107,25,106,106,112,105,88,105,112,105,111,107,118,108,109,24,107,108,116,89,117,117,118,109,117,109,116,116,115,95,109,110,116,116,110,115,109,111,110,111,109,107,108,107,109,110,111,115,111,114,115,88,111,105,111,88,114,105,107,106,3,69,71,71,72,3,72,73,3,73,74,3,74,75,3,3,75,1,1,75,76,78,1,76,78,76,77,1,78,79,81,1,79,81,79,80,1,81,82,82,0,1,69,70,71,69,6,68,67,68,6,3,1,2,3,6,69,65,6,63,63,64,65,66,67,6,6,65,66,6,98,63,63,61,62,63,98,61,98,60,61,98,59,60,98,58,59,99,98,6,58,98,57,98,56,57,92,91,99,92,83,91,91,83,43,83,42,43,91,44,45,91,43,44,98,91,54,54,91,53,53,91,52,99,91,98,83,38,39,98,55,56,98,54,55,91,51,52,91,46,51,91,45,46,83,39,41,39,40,41,83,41,42,49,50,48,48,50,47,47,50,51,51,46,47,10,11,8,10,8,9,8,11,104,4,5,6,6,7,8,3,4,6,8,102,6,22,23,118,116,96,89,89,20,21,89,21,118,13,14,97,14,15,97,16,17,90,90,89,96,97,15,90,15,16,90,90,96,97,20,89,90,18,19,90,19,20,90,12,97,104,97,103,104,103,8,104,100,6,101,100,99,6,97,96,103,96,102,103,102,8,103,101,6,102,96,95,102,102,95,101,95,94,101,95,115,94,94,93,101,101,93,100,115,114,94,25,26,106,106,26,112,114,88,113,113,88,112,94,114,86,114,113,86,94,86,93,93,86,85,26,27,112,112,87,113,112,27,87,113,87,86,93,92,100,100,92,99,27,28,87,87,28,86,85,84,93,93,84,92,84,83,92,36,84,35,28,29,86,86,29,85,85,29,30,84,31,32,32,33,84,30,31,85,84,85,31,83,84,36,83,36,37,83,37,38,33,34,84,84,34,35,24,25,107,17,18,90,96,116,95,12,13,97,11,12,104,89,118,117,118,23,108,23,24,108,21,22,118],"vertices":[2,35,506.75,-238.88,0.10205,36,73.78,-323.61,0.89795,2,35,445.51,-280.89,0.15459,36,-0.36,-327.91,0.84541,2,35,477.51,-293.58,0.14692,36,20.47,-355.31,0.85308,1,34,-81.55,-68.42,1,4,33,-186.46,402.97,0.13121,40,-63.02,175.8,0.84317,38,-48.32,538.84,0,45,-479.74,480.16,0.02563,5,33,-177.17,382.37,0.14236,40,-41.33,182.14,0.82895,41,-254.55,207.4,0.00042,38,-25.91,535.95,0,45,-474.71,458.14,0.02828,5,33,-176.25,355.94,0.19178,40,-15.03,179.39,0.76502,41,-228.63,202.15,0.00266,38,-2.92,522.88,0,45,-479.04,432.04,0.04053,5,33,-170.64,357.48,0.21226,40,-15.78,185.17,0.73825,41,-228.82,207.97,0.00325,38,-1.29,528.47,0,45,-473.23,432.44,0.04624,5,33,-148.5,358.45,0.28524,40,-13.67,207.23,0.64148,41,-224.61,229.73,0.00332,38,9.49,547.83,0,45,-451.34,429.01,0.06996,5,33,-149.65,366.86,0.30081,40,-22.16,207.26,0.62016,41,-233.07,230.57,0.0024,38,1.72,551.26,0,45,-450.8,437.48,0.07662,5,33,-144.63,390.4,0.32554,40,-44.78,215.49,0.58605,41,-254.8,240.92,0.00079,38,-15.69,567.88,0,45,-441.22,459.57,0.08762,5,33,-137.26,404.64,0.33067,40,-57.87,224.75,0.57881,41,-266.94,251.39,0.00044,38,-23.96,581.61,0,45,-431.19,472.07,0.09008,3,33,192.58,415.88,0.69079,40,-23.32,552.97,0.30921,38,139.35,868.41,0,3,33,237.86,400.05,0.70937,40,-1.37,595.63,0.29063,38,176.57,898.67,0,3,33,246.26,397.28,0.71237,40,2.54,603.56,0.28763,38,183.33,904.37,0,3,33,274.82,386.91,0.72183,40,16.76,630.41,0.27817,38,207.13,923.26,0,3,33,323.28,364.33,0.73159,40,45.83,675.28,0.26841,38,251.75,952.7,0,3,33,347.8,349.91,0.73223,40,63.51,697.56,0.26777,38,276.89,966.02,0,3,33,400.77,311.08,0.71368,40,109.3,744.65,0.28632,38,337.72,990.78,0,1,33,413.17,300.16,1,1,33,458.33,249.4,1,1,33,485.3,199.89,1,1,33,502.41,154,1,1,33,508.16,116.25,1,1,33,509.73,70.23,1,1,33,501.55,-1.32,1,3,33,487.32,-55.18,0.97299,42,296.15,704.3,0.00159,45,90.06,-102.25,0.02542,2,33,466.19,-108.15,0.99061,42,334.45,662.04,0.00939,2,33,434.67,-157.9,0.97334,42,365.29,611.87,0.02666,2,33,370.37,-223.51,0.91755,42,395.98,525.28,0.08245,2,33,322.58,-259.86,0.85974,42,407.64,466.38,0.14026,2,33,278.39,-290,0.79549,42,415.29,413.44,0.20451,2,33,222.84,-317.23,0.70441,42,415.35,351.58,0.29559,2,33,201.31,-323.58,0.66518,42,411.6,329.45,0.33482,2,33,196.88,-325.99,0.65523,42,411.81,324.4,0.34477,2,33,173.1,-338.93,0.60237,42,412.98,297.37,0.39763,2,33,168.76,-339.8,0.59388,42,411.86,293.08,0.40612,2,33,157.45,-350.28,0.56587,42,416.3,278.31,0.43413,2,33,135.83,-361.15,0.52521,42,416.57,254.12,0.47479,2,33,108.78,-368.07,0.47412,42,410.9,226.78,0.52588,2,33,99.99,-377.58,0.45178,42,415.58,214.71,0.54822,2,33,88.12,-379.63,0.43388,42,412.21,203.14,0.56612,2,33,82.47,-382.16,0.42293,42,411.99,196.95,0.57707,2,33,30.15,-401.59,0.33308,42,406.46,141.41,0.66692,2,33,20.37,-405.49,0.3203,42,405.67,130.91,0.6797,2,33,-14.16,-406.65,0.27748,42,391.54,99.39,0.72252,2,33,-34.54,-402.92,0.25081,42,379.23,82.72,0.74919,3,33,-42.61,-401.71,0.23949,42,374.6,76,0.76047,39,506.37,116.17,0.00003,3,33,-57.1,-419.32,0.23528,42,384.05,55.25,0.76472,39,508.12,93.43,0,3,33,-59.83,-419.93,0.23524,42,383.4,52.53,0.76476,39,506.58,91.1,0,2,33,-61.62,-417.62,0.23495,42,380.54,51.94,0.76505,3,33,-42.6,-401.63,0.2395,42,374.53,76.04,0.76046,39,506.33,116.23,0.00003,4,33,-57.85,-398.77,0.2172,42,365.26,63.61,0.78252,39,493.35,107.74,0.00028,38,701.88,228.15,0,4,33,-86.5,-395.38,0.1778,42,349.63,39.35,0.81971,39,470.34,90.32,0.00248,38,683.98,205.52,0,4,33,-110.98,-384.12,0.13919,42,328.76,22.32,0.85016,39,444.89,81.49,0.01065,38,661.56,190.58,0,4,33,-128.69,-381.31,0.11107,42,318.45,7.64,0.8654,39,430.17,71.24,0.02353,38,649.88,176.97,0,4,33,-200.61,-365.13,0.01989,42,272.32,-49.85,0.76182,39,367.1,33.09,0.2183,38,598.41,124.2,0,4,33,-211.96,-365.93,0.01226,42,268.05,-60.4,0.70179,39,359.46,24.66,0.28595,38,593.14,114.12,0,3,42,240.14,-113.9,0.29857,39,314.88,-16,0.70143,38,560.19,63.57,0,4,42,213.98,-159.18,0.03955,39,274.76,-49.55,0.95951,38,529.78,21.02,0,36,691.45,356.32,0.00094,3,39,241.25,-73.82,0.99381,38,503.44,-10.88,0,36,655.9,335.17,0.00619,2,39,236.03,-78.74,0.99195,36,650.25,330.73,0.00805,3,39,220.11,-94.8,0.98376,38,488.25,-36.5,0.00038,36,632.96,316.17,0.01586,3,39,214.93,-97.41,0.98062,38,483.88,-40.32,0.00081,36,627.56,314.04,0.01857,3,39,192.61,-126.04,0.95171,38,469.47,-73.64,0.00808,36,602.75,287.53,0.04021,3,39,172.23,-147.12,0.91103,38,455.03,-99.17,0.0239,36,580.56,268.37,0.06506,3,39,149.24,-177.69,0.83642,38,440.46,-134.53,0.05741,36,554.91,239.99,0.10616,3,39,61.33,-268.32,0.49162,38,378.12,-244.32,0.18937,36,459.21,157.64,0.31901,4,39,8.46,-314.31,0.30438,38,338.48,-302.12,0.2004,35,560.53,307.82,0.00009,36,402.41,116.59,0.49513,4,39,-30.8,-353.02,0.17362,38,310.21,-349.44,0.1571,35,542.19,255.83,0.00037,36,359.84,81.57,0.66891,4,39,-36.75,-363.54,0.14902,38,307.09,-361.12,0.14258,35,541.44,243.76,0.00039,36,352.96,71.62,0.70801,5,39,-52.27,-379.33,0.10774,38,296.03,-380.3,0.11246,37,642.57,-307.61,0.00002,35,534.4,222.77,0.00035,36,336.08,57.3,0.77944,3,39,-78.36,-418.83,0.03678,38,280.7,-425.09,0.04259,36,306.55,20.3,0.92063,3,39,-91.38,-442.49,0.01104,38,274.03,-451.25,0.01218,36,291.45,-2.09,0.97678,3,39,-96.31,-451.95,0.00504,38,271.63,-461.66,0.00493,36,285.69,-11.07,0.99003,2,39,-108.05,-484.19,0.0001,36,271.1,-42.12,0.9999,1,36,257.65,-80.78,1,1,36,258.17,-85.24,1,1,36,247.57,-144.28,1,1,36,239.26,-170.5,1,2,35,572.29,-50.42,0.00133,36,227.3,-196.15,0.99867,2,35,562.14,-97.72,0.01174,36,194.16,-231.4,0.98826,2,35,546.29,-160.99,0.04318,36,147.89,-277.36,0.95682,2,33,84.06,-331.51,0.46316,42,367.19,220.63,0.53684,2,33,180.34,-273.79,0.67801,42,357.66,332.49,0.32199,2,33,273.76,-209.53,0.85454,42,340.98,444.63,0.14546,2,33,316.86,-149.64,0.93335,42,306.12,509.67,0.06665,2,33,385.48,-98.18,0.98199,42,290.04,593.92,0.01801,1,45,14.88,-46.37,1,1,33,405.25,140.16,1,3,33,324.55,287.45,0.75374,40,122.15,665.89,0.24626,38,317.89,913.48,0,2,33,-24.41,-304.67,0.29579,42,295.42,134.99,0.70421,2,33,93.84,-228.94,0.60435,42,279.35,274.49,0.39565,2,33,153.1,-136.63,0.83729,42,222.47,368.28,0.16271,2,33,229.33,-35.78,0.9876,42,165.38,481.07,0.0124,3,33,259.43,94.04,0.97163,40,304.68,574.62,0.02837,38,448.48,756.66,0,3,33,259.75,201.6,0.85875,40,198.2,589.83,0.14125,38,357.05,813.3,0,3,33,167.25,344.5,0.69808,40,43.87,518.01,0.30192,38,186.86,809.43,0,3,33,-130.81,-260.49,0.11221,42,208.99,58.83,0.88779,38,545.88,238.49,0,3,33,-35.37,-177.57,0.44697,41,323.02,215.17,0.00671,42,176.44,180.98,0.54633,3,33,31.89,-86.32,0.81482,41,249.9,301.8,0.00253,42,124.02,281.5,0.18265,3,33,83.62,32.28,0.98717,40,341.49,391.94,0.01283,38,408.92,574.55,0,4,33,89.38,136.05,0.87889,40,239.53,412.02,0.11693,41,46.98,409.4,0.00418,38,323.58,633.85,0,4,33,75.83,221.89,0.74444,40,152.64,410.49,0.2495,41,-39.66,416.18,0.00606,38,243.37,667.3,0,4,33,-9.95,362.37,0.51966,40,1.63,344.99,0.4789,41,-196.23,365.4,0.00144,38,78.77,667.88,0,1,45,42.12,-57.35,1,1,45,82.15,-44.33,1,1,45,93.94,-9.94,1,3,40,342.88,764.31,0.00136,38,559.57,915.1,0,45,83.26,39.55,0.99864,3,40,334.12,723.92,0.00276,38,535.35,881.61,0,45,43.47,50.72,0.99724,3,40,358.87,680.76,0.00165,38,540.7,832.14,0,45,-1.11,28.62,0.99835,1,45,-0.01,-19.28,1,2,33,442.24,-52.42,0.9973,42,273.87,665.01,0.0027,2,33,380.5,-61.25,0.99162,42,254.67,605.68,0.00838,2,33,361.54,-31.25,0.99676,42,219.39,601.83,0.00324,4,33,349.75,29.64,0.3613,40,380.97,655.15,0.00063,38,550.67,799.82,0,45,-28.01,8.11,0.63807,4,33,355.23,88.12,0.10412,40,323.8,668.68,0.00621,38,503.73,835.14,0,45,-11.06,64.35,0.88967,4,33,405.19,113.74,0.01178,40,305.35,721.69,0.00619,38,508.09,891.11,0,45,42.98,79.58,0.98203,1,33,455.75,121.45,1],"edges":[0,164,0,2,2,4,4,6,6,8,8,10,10,12,12,14,14,16,16,18,18,20,20,22,22,24,24,26,26,28,28,30,30,32,32,34,34,36,36,38,38,40,40,42,42,44,44,46,46,48,48,50,50,52,52,54,54,56,56,58,58,60,60,62,62,64,64,66,66,68,68,70,70,72,72,74,74,76,76,78,78,80,80,82,82,84,84,86,86,88,88,90,90,92,92,94,94,96,96,98,98,100,100,102,102,104,104,106,106,108,108,110,110,112,112,114,114,116,116,118,118,120,120,122,122,124,124,126,126,128,128,130,130,132,132,134,134,136,136,138,138,140,140,142,142,144,144,146,146,148,148,150,150,152,152,154,154,156,156,158,158,160,160,162,162,164]}},"root":{"root":{"type":"clipping","end":"root","vertexCount":4,"color":"ce3a3a00","vertices":[960.54,538.14,-961.67,539.96,-963.49,-553.24,956.89,-553.24]}},"kz":{"kz":{"x":643.66,"y":149.84,"rotation":-0.1,"width":1467,"height":389}},"t":{"t":{"x":0.5,"y":0.5,"width":897,"height":347}},"xiong_jy":{"xiong_jy":{"x":0.5,"y":0.5,"width":1131,"height":595}},"zs":{"zs":{"type":"mesh","hull":35,"width":127,"height":274,"uvs":[0.99253,0.03696,0.99384,0.12812,0.95215,0.17728,0.64126,0.24923,0.64795,0.30096,0.91208,0.33218,0.91567,0.42164,0.85137,0.48076,0.77183,0.50501,0.56132,0.54438,0.70917,0.61351,0.61849,0.73947,0.55606,0.75383,0.67505,0.86796,0.65093,0.94815,0.47814,0.98831,0.3015,1,0.1251,1,0.06106,0.97001,0.01229,0.88751,0.08357,0.78869,0.03973,0.76747,0,0.71396,0,0.68559,0.01507,0.60368,0.20847,0.55009,0.0948,0.43285,0.21834,0.33009,0.3712,0.3058,0.64363,0.30076,0.30131,0.20201,0.34815,0.08584,0.43419,0.02977,0.47707,0.01448,0.82955,0.01446],"triangles":[8,29,4,6,4,5,30,3,29,4,29,3,30,31,3,31,32,3,32,33,3,3,34,2,3,33,34,1,34,0,1,2,34,12,25,9,9,26,27,27,28,9,9,25,26,8,9,29,9,28,29,8,4,7,6,7,4,20,15,16,18,19,16,20,16,19,14,15,13,15,20,12,18,16,17,13,15,12,12,20,22,22,20,21,12,22,25,24,25,23,12,9,11,11,9,10,25,22,23],"vertices":[1,26,96.71,-47.06,1,1,26,72.61,-53.64,1,1,26,58.24,-51.99,1,2,25,103.13,-20.92,0.01212,26,29.03,-18.9,0.98788,2,25,89.38,-24.42,0.25157,26,15.55,-23.37,0.74843,2,25,87.28,-58.97,0.52406,26,15.91,-57.99,0.47594,2,25,63.28,-64.02,0.62832,26,-7.66,-64.73,0.37168,2,25,45.84,-59.05,0.72619,26,-25.41,-61.01,0.27381,3,24,111.35,-56.71,0.00012,25,37.42,-50.37,0.79186,26,-34.43,-52.95,0.20801,3,24,100.77,-29.9,0.14689,25,21.8,-26.14,0.82827,26,-51.73,-29.89,0.02484,3,24,81.68,-48.53,0.64164,25,6.72,-48.14,0.35836,26,-65.21,-52.91,0,2,24,47.26,-36.75,0.95045,25,-29.34,-43.32,0.04955,2,24,43.39,-28.79,0.9842,25,-34.69,-36.27,0.0158,1,24,12,-43.66,1,1,24,-9.95,-40.43,1,1,24,-20.79,-18.41,1,1,24,-23.82,4.05,1,1,24,-23.65,26.45,1,1,24,-15.37,34.52,1,1,24,7.28,40.55,1,1,24,34.29,31.29,1,1,24,40.15,36.81,1,2,24,54.85,41.74,0.99567,25,-37.24,35.14,0.00433,2,24,62.62,41.68,0.98058,25,-29.6,36.61,0.01942,2,24,85.05,39.6,0.84495,25,-7.2,38.94,0.15505,2,24,99.54,14.93,0.13719,25,11.84,17.58,0.86281,2,25,40.68,37.79,1,26,-37.44,35.22,0,2,25,71.28,27.67,0.95334,26,-6.19,27.3,0.04666,2,25,81.47,9.86,0.45378,26,5.23,10.25,0.54622,2,25,89.32,-23.87,0.24324,26,15.46,-22.83,0.75676,2,25,107.73,23.92,0.00004,26,30.43,26.14,0.99996,2,25,140.11,24.06,0.00001,26,62.72,28.58,0.99999,2,25,157.25,16.21,0,26,80.38,21.97,1,1,26,85.83,17.79,1,1,26,97.35,-25.47,1],"edges":[0,68,0,2,2,4,4,6,6,8,8,10,10,12,12,14,14,16,16,18,18,20,20,22,22,24,24,26,26,28,28,30,30,32,32,34,34,36,36,38,38,40,40,42,42,44,44,46,46,48,48,50,50,52,52,54,54,56,56,58,58,60,60,62,62,64,64,66,66,68]}}}}],"events":{"shoot_sperm":{}},"animations":{"cx":{"bones":{"zs":{"translate":[{"x":-25.81,"y":11.73},{"time":0.1667,"x":14.81,"y":32.3},{"time":0.3333,"x":9.32,"y":114.41},{"time":0.5,"x":-19.51,"y":34.94},{"time":0.6667,"x":-25.81,"y":11.73}]},"mao":{"rotate":[{},{"time":0.2333,"angle":8.32},{"time":0.4333,"angle":-0.94},{"time":0.6667}]},"dd2":{"scale":[{},{"time":0.2333,"y":0.943},{"time":0.4667,"y":1.04},{"time":0.6667}]},"dd4":{"translate":[{},{"time":0.3333,"x":35.79,"y":2.27},{"time":0.6667}],"scale":[{},{"time":0.3333,"x":1.008},{"time":0.6667}]},"ys2":{"translate":[{},{"time":0.1667,"x":-45.04},{"time":0.3333,"x":-45.04,"y":67.7},{"time":0.5,"x":15.41,"y":67.7},{"time":0.6667}]},"ys3":{"rotate":[{},{"time":0.3333,"angle":20.75},{"time":0.6667}]},"zs2":{"rotate":[{},{"time":0.1667,"angle":-1.01},{"time":0.3333,"angle":-12.07},{"time":0.5,"angle":-0.7},{"time":0.6667}]},"bz3":{"translate":[{},{"time":0.3333,"x":17.06,"y":-7.4},{"time":0.6667}]},"naizi7":{"translate":[{},{"time":0.1667,"x":-65.88,"y":-15.32},{"time":0.3333,"x":-117.07,"y":36.77},{"time":0.5,"x":12.26,"y":16.85},{"time":0.6667}],"scale":[{},{"time":0.3333,"x":0.9,"y":1.1},{"time":0.6667}]},"st2":{"translate":[{"x":-28.14,"y":19.86},{"time":0.1667,"x":4.96,"y":14.89},{"time":0.3333,"x":-5.55,"y":87.45},{"time":0.5,"x":-18.73,"y":50.03},{"time":0.6667,"x":-28.14,"y":19.86}],"scale":[{},{"time":0.3333,"x":0.9,"y":1.1},{"time":0.6667}]},"naizi8":{"scale":[{},{"time":0.3333,"x":1.346,"y":1.132},{"time":0.6667}]},"st12":{"rotate":[{},{"time":0.3333,"angle":3.78},{"time":0.6667}],"translate":[{},{"time":0.3333,"x":24.32,"y":-8.66},{"time":0.6667}],"scale":[{"x":1.062,"y":1.062},{"time":0.3333,"x":0.901,"y":0.901},{"time":0.6667,"x":1.062,"y":1.062}]}}},"jieshu":{"slots":{"xiong_jy":{"attachment":[{"name":"xiong_jy"}]},"lian_jy":{"attachment":[{"name":"lian_jy"}]}},"bones":{"zs":{"translate":[{"x":-25.81,"y":11.73},{"time":1.1667,"x":-6.97,"y":24.57},{"time":2.3333,"x":-25.81,"y":11.73}]},"dd2":{"translate":[{},{"time":1.1667,"x":9.9,"y":4.95},{"time":2.3333}]},"ys2":{"translate":[{},{"time":1.1667,"x":-4.89,"y":8.86},{"time":2.3333}]},"bz2":{"translate":[{},{"time":1.1667,"y":5.98},{"time":2.3333}]},"naizi7":{"translate":[{},{"time":1.1667,"y":7.4},{"time":2.3333}],"scale":[{},{"time":1.1667,"y":1.02},{"time":2.3333}]},"st2":{"translate":[{"x":-28.14,"y":19.86},{"time":1.1667,"x":-20.71,"y":19.86},{"time":2.3333,"x":-28.14,"y":19.86}],"scale":[{},{"time":1.1667,"x":0.974,"y":1.1},{"time":2.3333}]},"st12":{"scale":[{"x":1.062,"y":1.062}]},"xiong_jy":{"translate":[{},{"time":1.1667,"x":6.04,"y":7.57},{"time":2.3333}],"scale":[{},{"time":1.1667,"x":0.97},{"time":2.3333}]}}},"sj":{"slots":{"xiong_jy":{"color":[{"time":2.7333,"color":"ffffff00"},{"time":3.0667,"color":"ffffffff"}]},"sj":{"attachment":[{"time":2.5667,"name":"1"},{"time":2.6333,"name":"2"},{"time":2.6667,"name":"3"},{"time":2.7333,"name":"4"},{"time":2.7667,"name":"5"},{"time":2.8,"name":"6"},{"time":2.8667,"name":"7"},{"time":2.9,"name":"8"},{"time":2.9667,"name":null}]},"lian_jy":{"color":[{"time":2.7333,"color":"ffffff00"},{"time":3.0667,"color":"ffffffff"}]}},"bones":{"zs":{"translate":[{"x":-25.81,"y":11.73},{"time":0.1333,"x":14.81,"y":32.3},{"time":0.2333,"x":5.38,"y":114.41},{"time":0.3667,"x":-19.51,"y":34.94},{"time":0.4333,"x":-25.81,"y":11.73},{"time":0.5333,"x":14.81,"y":32.3},{"time":0.6333,"x":5.38,"y":114.41},{"time":0.7667,"x":-19.51,"y":34.94},{"time":0.8,"x":-25.81,"y":11.73},{"time":0.9,"x":14.81,"y":32.3},{"time":0.9667,"x":5.38,"y":114.41},{"time":1.0667,"x":-19.51,"y":34.94},{"time":1.1,"x":-25.81,"y":11.73},{"time":1.1667,"x":14.81,"y":32.3},{"time":1.2333,"x":5.38,"y":114.41},{"time":1.3333,"x":-25.81,"y":11.73},{"time":1.4,"x":14.81,"y":32.3},{"time":1.4667,"x":5.38,"y":114.41},{"time":1.5667,"x":-25.81,"y":11.73},{"time":1.6333,"x":14.81,"y":32.3},{"time":1.7,"x":5.38,"y":114.41},{"time":1.8,"x":-25.81,"y":11.73},{"time":1.8667,"x":14.81,"y":32.3},{"time":1.9333,"x":5.38,"y":114.41},{"time":2.0333,"x":-25.81,"y":11.73},{"time":2.5333,"x":20.29,"y":50.55},{"time":2.8,"x":-25.81,"y":26.29},{"time":3.1,"x":-25.81,"y":11.73}]},"mao":{"rotate":[{},{"time":0.1333,"angle":8.32},{"time":0.3,"angle":-0.94},{"time":0.4333},{"time":0.5333,"angle":8.32},{"time":0.7,"angle":-0.94},{"time":0.8},{"time":0.9,"angle":8.32},{"time":1.0333,"angle":-0.94},{"time":1.1},{"time":1.1667,"angle":8.32},{"time":1.3,"angle":-0.94},{"time":1.3333},{"time":1.4,"angle":8.32},{"time":1.5333,"angle":-0.94},{"time":1.5667},{"time":1.6333,"angle":8.32},{"time":1.7667,"angle":-0.94},{"time":1.8},{"time":1.8667,"angle":8.32},{"time":2,"angle":-0.94},{"time":2.0333}],"scale":[{"time":1.8},{"time":2.2333,"x":1.018,"y":1.018}]},"dd2":{"scale":[{},{"time":0.1333,"y":0.943},{"time":0.3333,"y":1.04},{"time":0.4333},{"time":0.5333,"y":0.943},{"time":0.7333,"y":1.04},{"time":0.8},{"time":0.9,"y":0.943},{"time":1.0667,"y":1.04},{"time":1.1},{"time":1.1667,"y":0.943},{"time":1.3333},{"time":1.4,"y":0.943},{"time":1.5667},{"time":1.6333,"y":0.943},{"time":1.8},{"time":1.8667,"y":0.943},{"time":2.0333},{"time":2.1333,"x":1.061,"y":1.061},{"time":2.2333,"x":1.061,"y":0.984},{"time":2.3,"x":1.09,"y":1.029},{"time":2.3667,"x":1.011,"y":1.068},{"time":2.4333,"x":1.011,"y":1.002},{"time":2.5,"x":1.049,"y":1.002},{"time":2.5667},{"time":2.6667,"x":1.061,"y":1.061},{"time":2.7667,"x":1.061,"y":0.984},{"time":2.8333,"x":1.09,"y":1.029},{"time":2.9,"x":1.011,"y":1.068},{"time":2.9667,"x":1.011,"y":1.002},{"time":3.0333,"x":1.049,"y":1.002},{"time":3.1,"x":1.049,"y":1.086}]},"dd4":{"translate":[{},{"time":0.2333,"x":35.79,"y":2.27},{"time":0.4333},{"time":0.6333,"x":35.79,"y":2.27},{"time":0.8},{"time":0.9667,"x":35.79,"y":2.27},{"time":1.1},{"time":1.2333,"x":35.79,"y":2.27},{"time":1.3333},{"time":1.4667,"x":35.79,"y":2.27},{"time":1.5667},{"time":1.7,"x":35.79,"y":2.27},{"time":1.8},{"time":1.9333,"x":35.79,"y":2.27},{"time":2.0333}],"scale":[{},{"time":0.2333,"x":1.008},{"time":0.4333},{"time":0.6333,"x":1.008},{"time":0.8},{"time":0.9667,"x":1.008},{"time":1.1},{"time":1.2333,"x":1.008},{"time":1.3333},{"time":1.4667,"x":1.008},{"time":1.5667},{"time":1.7,"x":1.008},{"time":1.8},{"time":1.9333,"x":1.008},{"time":2.0333}]},"ys2":{"translate":[{},{"time":0.1333,"x":-45.04},{"time":0.2333,"x":-45.04,"y":67.7},{"time":0.3667,"x":15.41,"y":67.7},{"time":0.4333},{"time":0.5333,"x":-45.04},{"time":0.6333,"x":-45.04,"y":67.7},{"time":0.7667,"x":15.41,"y":67.7},{"time":0.8},{"time":0.9,"x":-45.04},{"time":0.9667,"x":-45.04,"y":67.7},{"time":1.0667,"x":15.41,"y":67.7},{"time":1.1},{"time":1.1667,"x":-45.04},{"time":1.2333,"x":-45.04,"y":67.7},{"time":1.3333},{"time":1.4,"x":-45.04},{"time":1.4667,"x":-45.04,"y":67.7},{"time":1.5667},{"time":1.6333,"x":-45.04},{"time":1.7,"x":-45.04,"y":67.7},{"time":1.8},{"time":1.8667,"x":-45.04},{"time":1.9333,"x":-45.04,"y":67.7},{"time":2.0333}]},"ys3":{"rotate":[{},{"time":0.2333,"angle":20.75},{"time":0.4333},{"time":0.6333,"angle":20.75},{"time":0.8},{"time":0.9667,"angle":20.75},{"time":1.1},{"time":1.2333,"angle":20.75},{"time":1.3333},{"time":1.4667,"angle":20.75},{"time":1.5667},{"time":1.7,"angle":20.75},{"time":1.8},{"time":1.9333,"angle":20.75},{"time":2.0333},{"time":2.4667,"angle":-6.88},{"time":2.8667,"angle":8.86},{"time":3.1}]},"zs2":{"rotate":[{},{"time":0.1333,"angle":-1.01},{"time":0.2333,"angle":-17.83},{"time":0.3667,"angle":-0.7},{"time":0.4333},{"time":0.5333,"angle":-1.01},{"time":0.6333,"angle":-17.83},{"time":0.7667,"angle":-0.7},{"time":0.8},{"time":0.9,"angle":-1.01},{"time":0.9667,"angle":-17.83},{"time":1.0667,"angle":-0.7},{"time":1.1},{"time":1.1667,"angle":-1.01},{"time":1.2333,"angle":-17.83},{"time":1.3333},{"time":1.4,"angle":-1.01},{"time":1.4667,"angle":-17.83},{"time":1.5667},{"time":1.6333,"angle":-1.01},{"time":1.7,"angle":-17.83},{"time":1.8},{"time":1.8667,"angle":-1.01},{"time":1.9333,"angle":-17.83},{"time":2.0333}]},"bz3":{"translate":[{},{"time":0.2333,"x":17.06,"y":-7.4},{"time":0.4333},{"time":0.6333,"x":17.06,"y":-7.4},{"time":0.8},{"time":0.9667,"x":17.06,"y":-7.4},{"time":1.1},{"time":1.2333,"x":17.06,"y":-7.4},{"time":1.3333},{"time":1.4667,"x":17.06,"y":-7.4},{"time":1.5667},{"time":1.7,"x":17.06,"y":-7.4},{"time":1.8},{"time":1.9333,"x":17.06,"y":-7.4},{"time":2.0333}]},"naizi7":{"translate":[{},{"time":0.1333,"x":-65.88,"y":-15.32},{"time":0.2333,"x":-68.94,"y":36.77},{"time":0.3667,"x":12.26,"y":16.85},{"time":0.4333},{"time":0.5333,"x":-65.88,"y":-15.32},{"time":0.6333,"x":-68.94,"y":36.77},{"time":0.7667,"x":12.26,"y":16.85},{"time":0.8},{"time":0.9,"x":-65.88,"y":-15.32},{"time":0.9667,"x":-68.94,"y":36.77},{"time":1.0667,"x":12.26,"y":16.85},{"time":1.1},{"time":1.1667,"x":-65.88,"y":-15.32},{"time":1.2333,"x":-68.94,"y":36.77},{"time":1.3333},{"time":1.4,"x":-65.88,"y":-15.32},{"time":1.4667,"x":-68.94,"y":36.77},{"time":1.5667},{"time":1.6333,"x":-65.88,"y":-15.32},{"time":1.7,"x":-68.94,"y":36.77},{"time":1.8},{"time":1.8667,"x":-65.88,"y":-15.32},{"time":1.9333,"x":-68.94,"y":36.77},{"time":2.0333},{"time":2.4667,"x":57.35,"y":46.93},{"time":2.8,"x":-33.89,"y":-5.21},{"time":3.1}]},"st2":{"translate":[{"x":-28.14,"y":19.86},{"time":0.1333,"x":4.96,"y":14.89},{"time":0.2333,"x":27.89,"y":61.88},{"time":0.3667,"x":-18.73,"y":50.03},{"time":0.4333,"x":-28.14,"y":19.86},{"time":0.5333,"x":4.96,"y":14.89},{"time":0.6333,"x":27.89,"y":61.88},{"time":0.7667,"x":-18.73,"y":50.03},{"time":0.8,"x":-28.14,"y":19.86},{"time":0.9,"x":4.96,"y":14.89},{"time":0.9667,"x":27.89,"y":61.88},{"time":1.0667,"x":-18.73,"y":50.03},{"time":1.1,"x":-28.14,"y":19.86},{"time":1.1667,"x":4.96,"y":14.89},{"time":1.2333,"x":27.89,"y":61.88},{"time":1.3333,"x":-28.14,"y":19.86},{"time":1.4,"x":4.96,"y":14.89},{"time":1.4667,"x":27.89,"y":61.88},{"time":1.5667,"x":-28.14,"y":19.86},{"time":1.6333,"x":4.96,"y":14.89},{"time":1.7,"x":27.89,"y":61.88},{"time":1.8,"x":-28.14,"y":19.86},{"time":1.8667,"x":4.96,"y":14.89},{"time":1.9333,"x":27.89,"y":61.88},{"time":2.0333,"x":-28.14,"y":19.86},{"time":2.5,"x":21.4,"y":51.14},{"time":2.8333,"x":-33.35,"y":4.22},{"time":3.1,"x":-28.14,"y":19.86}]}},"events":[{"time":2.5333,"name":"shoot_sperm"}]}}},[0,1,2]]],0,0,[0,0,0],[-1,-2,-3],[0,1,2]]