[1,["c9PUnQ1IxLb62uGoOnJ/x+"],0,[["sp.SkeletonData",["_name","_atlasText","textureNames","_skeletonJson","textures"],-1,3]],[[0,0,1,2,3,4,5]],[[0,"skeleton","\nskeleton.png\nsize: 676,112\nformat: RGBA8888\nfilter: Linear,Linear\nrepeat: none\nnan_datui\n  rotate: true\n  xy: 549, 40\n  size: 70, 32\n  orig: 71, 32\n  offset: 0, 0\n  index: -1\nnan_jiao\n  rotate: true\n  xy: 441, 24\n  size: 86, 25\n  orig: 88, 25\n  offset: 0, 0\n  index: -1\nnan_sb\n  rotate: true\n  xy: 642, 2\n  size: 49, 25\n  orig: 51, 26\n  offset: 0, 1\n  index: -1\nnan_shou\n  rotate: true\n  xy: 607, 9\n  size: 39, 33\n  orig: 39, 34\n  offset: 0, 0\n  index: -1\nnan_st\n  rotate: true\n  xy: 206, 6\n  size: 104, 63\n  orig: 105, 63\n  offset: 0, 0\n  index: -1\nnan_xiaotui\n  rotate: true\n  xy: 583, 50\n  size: 60, 33\n  orig: 62, 34\n  offset: 0, 1\n  index: -1\nnan_zs\n  rotate: false\n  xy: 549, 2\n  size: 56, 36\n  orig: 56, 39\n  offset: 0, 3\n  index: -1\nnv_datui\n  rotate: true\n  xy: 618, 53\n  size: 57, 56\n  orig: 57, 56\n  offset: 0, 0\n  index: -1\nnv_sb\n  rotate: true\n  xy: 368, 2\n  size: 18, 39\n  orig: 24, 39\n  offset: 4, 0\n  index: -1\nnv_shou\n  rotate: true\n  xy: 409, 5\n  size: 15, 35\n  orig: 15, 36\n  offset: 0, 1\n  index: -1\nnv_st\n  rotate: false\n  xy: 368, 22\n  size: 71, 88\n  orig: 71, 88\n  offset: 0, 0\n  index: -1\nnv_xiaotui\n  rotate: false\n  xy: 446, 3\n  size: 66, 19\n  orig: 67, 19\n  offset: 0, 0\n  index: -1\ns1\n  rotate: false\n  xy: 468, 26\n  size: 79, 84\n  orig: 116, 116\n  offset: 18, 6\n  index: -1\ns2\n  rotate: false\n  xy: 271, 12\n  size: 95, 98\n  orig: 116, 116\n  offset: 10, 4\n  index: -1\ns3\n  rotate: false\n  xy: 106, 5\n  size: 98, 105\n  orig: 116, 116\n  offset: 7, 2\n  index: -1\ns4\n  rotate: false\n  xy: 2, 3\n  size: 102, 107\n  orig: 116, 116\n  offset: 5, 2\n  index: -1\n",["skeleton.png"],{"skeleton":{"hash":"FIA8hktJMXSdG4B8m9s+M7aCrUM","spine":"3.8.75","x":-120.94,"y":-11.96,"width":197.55,"height":116.46,"images":"../拆解素材/","audio":""},"bones":[{"name":"root"},{"name":"nan_st","parent":"root","x":-28.54,"y":3.83},{"name":"nan_st2","parent":"nan_st","length":20.18,"rotation":172.58,"x":-0.26,"y":-0.67},{"name":"nan_st3","parent":"nan_st2","length":18.02,"rotation":-2.19,"x":20.18},{"name":"nan_sb","parent":"nan_st3","length":33,"rotation":-167.11,"x":16.82,"y":5.73},{"name":"nan_shou","parent":"nan_sb","length":33,"rotation":32.59,"x":33.01,"y":0.1},{"name":"nan_datui","parent":"nan_st","length":45,"rotation":4.86,"x":6.36,"y":-0.23},{"name":"nan_xiaotui","parent":"nan_datui","length":45,"rotation":-23.65,"x":45.7,"y":0.25},{"name":"nan_zs","parent":"root","x":-61.19,"y":18.39},{"name":"nan_jiao","parent":"root","rotation":2.78,"x":-8.12,"y":16.52},{"name":"nan_jiao2","parent":"nan_jiao","length":37.23,"rotation":4.43,"x":0.41,"y":0.11},{"name":"nan_jiao3","parent":"nan_jiao2","length":30.29,"rotation":-24.28,"x":37.23},{"name":"nan_jiao4","parent":"nan_jiao3","length":8.93,"rotation":82.14,"x":30.29},{"name":"nan_st4","parent":"nan_st3","length":15,"rotation":-0.82,"x":18.02},{"name":"nv_st","parent":"root","x":-12.41,"y":29.66},{"name":"nv_datui","parent":"nv_st","x":-1.72,"y":-0.58},{"name":"nv_datui2","parent":"nv_datui","length":50.95,"rotation":-48.77,"x":-0.15,"y":-0.39},{"name":"nv_xiaotui","parent":"nv_datui2","length":50,"rotation":-130.29,"x":50.63},{"name":"nv_st2","parent":"nv_st","length":19.16,"rotation":22.49,"x":0.03,"y":0.27},{"name":"nv_st3","parent":"nv_st2","length":21.08,"rotation":17.85,"x":19.16},{"name":"nv_sb","parent":"nv_st3","length":28,"rotation":-133.19,"x":20.73,"y":-1.01},{"name":"nv_st4","parent":"nv_st3","length":26.03,"rotation":21.78,"x":21.08},{"name":"nv_shou","parent":"nv_sb","length":25,"rotation":6.37,"x":28.83,"y":0.24},{"name":"target2","parent":"root","x":24.71,"y":-2.89,"color":"ff3f00ff"},{"name":"target0","parent":"root","x":-11.54,"y":27.01,"color":"ff3f00ff"},{"name":"target1","parent":"root","x":67.17,"y":-1.48,"color":"ff3f00ff"},{"name":"target3","parent":"root","x":60.21,"y":5.4,"color":"ff3f00ff"},{"name":"target4","parent":"root","x":-25.84,"y":-4.3,"color":"ff3f00ff"},{"name":"nan_st5","parent":"nan_st4","length":25.68,"rotation":-23.41,"x":15.01,"y":0.14},{"name":"shejing","parent":"root","rotation":-117.83,"x":8.89,"y":17.58,"scaleX":0.3896,"scaleY":0.3896}],"slots":[{"name":"nan_jiao","bone":"nan_jiao","attachment":"nan_jiao"},{"name":"nan_zs","bone":"nan_zs","attachment":"nan_zs"},{"name":"nan_st","bone":"nan_st","attachment":"nan_st"},{"name":"nan_xiaotui","bone":"nan_xiaotui","attachment":"nan_xiaotui"},{"name":"nan_datui","bone":"nan_datui","attachment":"nan_datui"},{"name":"sj","bone":"shejing","blend":"additive"},{"name":"nv_st","bone":"nv_st","attachment":"nv_st"},{"name":"nv_shou","bone":"nv_shou","attachment":"nv_shou"},{"name":"nv_datui","bone":"nv_datui","attachment":"nv_datui"},{"name":"nv_xiaotui","bone":"nv_xiaotui","attachment":"nv_xiaotui"},{"name":"nv_sb","bone":"nv_sb","attachment":"nv_sb"},{"name":"nan_sb","bone":"nan_sb","attachment":"nan_sb"},{"name":"nan_shou","bone":"nan_shou","attachment":"nan_shou"}],"ik":[{"name":"target","target":"target2","bones":["nv_sb","nv_shou"]},{"name":"target0","order":1,"target":"target0","bones":["nan_sb","nan_shou"]},{"name":"target1","order":2,"target":"target1","bendPositive":false,"bones":["nan_datui","nan_xiaotui"]},{"name":"target2","order":3,"target":"target3","bendPositive":false,"bones":["nan_jiao2","nan_jiao3"]},{"name":"target3","order":4,"target":"target4","bendPositive":false,"bones":["nv_datui2","nv_xiaotui"]}],"skins":[{"name":"default","attachments":{"nan_st":{"nan_st":{"type":"mesh","hull":26,"width":105,"height":63,"uvs":[0.16155,0,0.19553,0,0.27563,0.03521,0.41746,0.2068,0.4652,0.33019,0.752,0.44375,0.91257,0.60107,0.95162,0.58267,0.98113,0.68194,0.98118,0.9053,0.92377,1,0.875,1,0.83103,0.96641,0.64399,0.87323,0.52776,0.87327,0.47101,0.83455,0.37206,0.66784,0.35109,0.66746,0.23251,0.74719,0.12501,0.71208,0.04823,0.63664,0.00949,0.55663,0,0.49432,0,0.26666,0.00935,0.20446,0.05428,0.10741],"triangles":[25,22,23,24,25,23,20,21,22,22,19,20,17,2,3,17,3,4,1,19,25,19,22,25,1,25,0,2,19,1,19,2,17,18,19,17,16,17,4,16,4,15,4,14,15,4,5,14,5,13,14,13,5,6,12,13,6,6,7,8,12,6,8,12,8,9,11,12,9,10,11,9],"vertices":[1,28,36.14,-17.36,1,1,28,33.04,-19.12,1,2,13,37.36,-23.59,0.00491,28,24.63,-21.35,0.99509,3,3,34.69,-22.04,0.00013,13,19.37,-19.71,0.21503,28,6.34,-19.31,0.78484,3,3,27.69,-16,0.04753,13,11.64,-14.62,0.588,28,-1.97,-15.13,0.36447,2,2,14.56,-13.47,0.75581,3,-5.1,-13.68,0.24419,1,2,-2.49,-12.04,1,1,2,-6.18,-14.17,1,1,2,-10.72,-8.87,1,1,2,-14.18,4.77,1,1,2,-9.8,12.03,1,1,2,-4.84,13.29,1,1,2,0.15,12.37,1,3,2,20.63,11.51,0.42264,3,0.01,11.52,0.57672,13,-19.34,9.1,0.00064,3,2,32.46,14.51,0.00884,3,11.72,14.97,0.8516,13,-8.18,14.03,0.13955,2,3,18.12,14.31,0.64222,13,-1.74,14.2,0.35778,3,3,31.06,7.17,0.02678,13,12.01,8.79,0.75284,28,-3.85,8.28,0.22038,3,3,33.18,7.77,0.006,13,14.03,9.66,0.51605,28,-1.93,9.37,0.47796,2,13,23.39,19.28,0.022,28,6.41,19.89,0.978,1,28,17.31,23.54,1,1,28,26.67,23.39,1,1,28,32.7,21.02,1,1,28,35.5,18.1,1,1,28,42.59,5.63,1,1,28,43.67,1.74,1,1,28,42.59,-5.91,1],"edges":[0,50,0,2,2,4,4,6,6,8,8,10,10,12,12,14,14,16,16,18,18,20,20,22,22,24,24,26,26,28,28,30,30,32,32,34,34,36,36,38,38,40,40,42,42,44,44,46,46,48,48,50]}},"nan_datui":{"nan_datui":{"x":24.51,"y":0.91,"rotation":-4.86,"width":71,"height":32}},"nv_xiaotui":{"nv_xiaotui":{"type":"mesh","hull":13,"width":67,"height":19,"uvs":[0.88152,0,0.97032,0.15667,0.97031,0.60582,0.77964,0.94558,0.41393,0.99999,0.20825,1,0,0.85387,0,0.58374,0.10902,0.51866,0.20976,0.36639,0.38089,0.36882,0.46973,0.21255,0.7297,0],"triangles":[2,0,1,6,7,8,3,12,0,3,0,2,11,12,3,4,10,11,4,11,3,5,8,9,6,8,5,5,9,10,5,10,4],"vertices":[-2.06,-7.4,-7.53,-3.62,-6.34,4.83,7.22,7.69,31.42,5.99,45.27,5.08,58.69,0.38,57.97,-4.71,50.57,-4.91,43.48,-6.82,32.13,-5.17,25.82,-7.27,8.01,-8.83],"edges":[0,24,0,2,2,4,4,6,6,8,8,10,10,12,12,14,14,16,16,18,18,20,20,22,22,24]}},"nan_jiao":{"nan_jiao":{"type":"mesh","hull":18,"width":88,"height":25,"uvs":[0.30437,0.03864,0.55677,0.03935,0.62141,0.07267,0.7581,0.31349,0.84236,0.42421,0.93356,0.20715,0.96628,0.31603,0.9661,0.52368,0.95595,0.63216,0.89651,1,0.88485,1,0.79269,0.89004,0.53261,0.60258,0.43066,0.70314,0.15645,0.82057,0,0.61739,0,0.20502,0.06993,0.13466],"triangles":[8,10,4,8,4,7,7,4,6,6,4,5,9,10,8,3,11,12,12,1,2,12,2,3,10,11,4,11,3,4,15,17,14,14,0,13,14,17,0,12,13,1,15,16,17,1,13,0],"vertices":[1,10,15.81,8.2,1,2,10,37.96,6.47,0.6799,11,-2,6.2,0.3201,2,10,43.56,5.2,0.10122,11,3.63,7.34,0.89878,2,11,16.99,5.77,0.99637,12,3.89,13.96,0.00363,2,11,24.91,5.68,0.58763,12,4.89,6.11,0.41237,1,12,13.43,1.53,1,1,12,12.36,-2.29,1,1,12,7.75,-4.69,1,1,12,4.94,-5.16,1,2,11,34.28,-6.24,0.77764,12,-5.64,-4.8,0.22236,2,11,33.31,-6.59,0.80232,12,-6.11,-3.89,0.19768,1,11,24.75,-6.76,1,2,10,34.75,-7.4,0.46568,11,0.78,-7.77,0.53432,2,10,25.61,-9.22,0.97664,11,-6.8,-13.18,0.02336,1,10,1.32,-10.28,1,1,10,-12.01,-4.15,1,1,10,-11.21,6.13,1,1,10,-4.94,7.41,1],"edges":[0,34,0,2,2,4,4,6,6,8,8,10,10,12,12,14,14,16,16,18,18,20,20,22,22,24,24,26,26,28,28,30,30,32,32,34]}},"nv_shou":{"nv_shou":{"x":11.93,"y":-0.24,"rotation":86.47,"width":15,"height":36}},"sj":{"s1":{"width":116,"height":116},"s2":{"width":116,"height":116},"s3":{"width":116,"height":116},"s4":{"width":116,"height":116}},"nan_zs":{"nan_zs":{"x":20.25,"y":3.43,"width":56,"height":39}},"nan_shou":{"nan_shou":{"x":18.62,"y":0.45,"rotation":-42.46,"width":39,"height":34}},"nan_xiaotui":{"nan_xiaotui":{"type":"mesh","hull":14,"width":62,"height":34,"uvs":[0,0.08768,0.03177,0,0.21429,0,0.6499,0.43495,0.74167,0.44083,0.86464,0.14202,0.95158,0.28426,0.95323,0.48956,0.9194,0.73684,0.82833,0.94289,0.67697,0.94135,0.23137,0.73867,0.04659,0.52806,0,0.39871],"triangles":[2,13,0,4,5,6,4,6,7,1,2,0,12,13,2,8,4,7,11,2,3,12,2,11,10,3,4,9,10,4,11,3,10,8,9,4],"vertices":[-8.28,5.51,-7.38,8.96,3.33,12.61,33.67,7.3,39.12,8.94,43.06,21.02,49.72,18.17,52.07,11.6,52.79,2.96,49.7,-5.49,40.8,-8.46,12.42,-10.83,-0.73,-7.74,-4.88,-4.51],"edges":[0,26,0,2,2,4,4,6,6,8,8,10,10,12,12,14,14,16,16,18,18,20,20,22,22,24,24,26]}},"nv_sb":{"nv_sb":{"x":13.08,"y":-0.43,"rotation":92.84,"width":24,"height":39}},"nan_sb":{"nan_sb":{"x":16.38,"y":0.54,"rotation":3.52,"width":51,"height":26}},"nv_datui":{"nv_datui":{"type":"mesh","hull":16,"width":57,"height":56,"uvs":[0.26276,0,0.3162,0,0.65156,0.34113,0.91777,0.68474,0.98353,0.84124,0.98288,0.96429,0.87804,1,0.82205,1,0.74172,0.98493,0.38015,0.80088,0.22773,0.70691,0.08639,0.54605,0.01669,0.37823,0.01713,0.33573,0.05613,0.14712,0.19207,0.0358],"triangles":[15,13,14,1,11,13,12,13,11,13,15,1,1,10,11,0,1,15,2,10,1,9,10,2,9,2,3,4,8,3,8,9,3,4,7,8,4,6,7,5,6,4],"vertices":[1,16,-9.94,7.56,1,1,16,-7.94,9.85,1,1,16,18.65,9.78,1,1,16,43.5,10.37,1,1,16,52.56,7.41,1,1,16,57.72,2.84,1,1,16,55.29,-2.97,1,1,16,53.18,-5.37,1,1,16,49.82,-6.81,1,1,16,29.4,-12.76,1,1,16,19.72,-15.83,1,1,16,6.77,-19.53,1,1,16,-3.26,-16.95,1,1,16,-5.03,-15.36,1,1,16,-11.51,-6.73,1,1,16,-11.09,3.21,1],"edges":[0,30,0,2,2,4,4,6,6,8,8,10,10,12,12,14,14,16,16,18,18,20,20,22,22,24,24,26,26,28,28,30]}},"nv_st":{"nv_st":{"type":"mesh","hull":22,"width":71,"height":88,"uvs":[0.52286,0,0.78921,0.03399,0.87948,0.06982,0.97201,0.14616,0.9722,0.43604,0.99314,0.428,0.69067,0.59877,0.693,0.6866,0.56636,0.90814,0.53803,0.92109,0.40369,0.92065,0.14129,1,0.05515,1,0,0.955,0,0.73885,0.0752,0.7061,0.19547,0.68163,0.32014,0.63728,0.50856,0.43874,0.36569,0.15876,0.36409,0.06173,0.39881,0],"triangles":[17,18,6,6,4,5,4,18,3,3,18,2,18,4,6,18,1,2,1,18,19,1,19,0,21,0,20,0,19,20,9,10,8,10,17,8,8,17,7,17,6,7,11,13,15,11,16,10,11,15,16,11,12,13,13,14,15,16,17,10],"vertices":[1,21,46.45,26.8,1,1,21,52.65,8.69,1,1,21,52.86,1.55,1,1,21,49.99,-7.4,1,1,21,27.45,-19.34,1,1,21,28.77,-20.32,1,2,19,29.24,-5.75,0.13523,21,5.44,-8.36,0.86477,2,19,26.6,-10.17,0.65801,21,1.35,-11.49,0.34199,2,18,38.65,-9.98,0.18364,19,15.49,-15.47,0.81636,2,18,31.95,-12.76,0.21101,19,8.26,-16.07,0.78899,2,18,19.09,-14.88,0.58498,19,-4.63,-14.14,0.41502,1,18,-0.79,-14.2,1,1,18,-6.44,-11.86,1,1,18,-8.54,-6.71,1,1,18,-1.27,10.87,1,2,18,4.77,11.49,0.99909,19,-10.18,15.35,0.00091,2,18,13.48,10.21,0.84233,19,-2.28,11.46,0.15767,3,18,23.15,10.43,0.14829,19,7,8.7,0.84579,21,-9.85,13.31,0.00592,2,19,28.5,13.36,0.03191,21,11.85,9.65,0.96809,1,21,28.89,30.14,1,1,21,36.38,34.23,1,1,21,42.33,34.59,1],"edges":[0,42,0,2,2,4,4,6,6,8,8,10,10,12,12,14,14,16,16,18,18,20,20,22,22,24,24,26,26,28,28,30,30,32,32,34,34,36,36,38,38,40,40,42]}}}}],"events":{"plug_into":{},"shoot_sperm":{}},"animations":{"animation":{"bones":{"nan_sb":{"rotate":[{"angle":-15.28}]},"nan_shou":{"rotate":[{"angle":27.73}]},"nan_datui":{"rotate":[{"angle":-0.5}]},"nan_xiaotui":{"rotate":[{"angle":0.83}]},"nan_zs":{"rotate":[{"angle":-11.86},{"time":0.3333,"angle":-3.89},{"time":0.6667,"angle":-11.86}],"translate":[{"y":-2.02},{"time":0.3333},{"time":0.6667,"y":-2.02}]},"nan_jiao2":{"rotate":[{"angle":0.18}]},"nan_jiao3":{"rotate":[{"angle":-0.19}]},"nv_st":{"translate":[{"curve":0.588,"c3":0.497,"c4":0.99},{"time":0.3333,"x":9.67,"y":8.68,"curve":0.588,"c3":0.497,"c4":0.99},{"time":0.6667}]},"nv_datui2":{"rotate":[{"angle":0.15}]},"nv_xiaotui":{"rotate":[{}]},"nv_st3":{"rotate":[{},{"time":0.3333,"angle":-11.95},{"time":0.6667}]},"nv_sb":{"rotate":[{"angle":-14.97}]},"nv_st4":{"rotate":[{},{"time":0.3333,"angle":6.28},{"time":0.6667}]},"nv_shou":{"rotate":[{"angle":27.6}]},"target2":{"translate":[{"x":-1.33,"y":6.14}]},"target0":{"translate":[{"x":-7.52,"y":-7.71},{"time":0.3333},{"time":0.6667,"x":-7.52,"y":-7.71}]}},"deform":{"default":{"nv_datui":{"nv_datui":[{"vertices":[0.77056,-0.21665,0.77056,-0.21665,0,0,0,0,0,0,0,0,0,0,0,0,0,0,0,0,0,0,0,0,-1.13358,-1.14833,-1.13358,-1.14833,-1.13358,-1.14833]},{"time":0.3333,"offset":24,"vertices":[-3.02295,-1.55353,-3.02295,-1.55353,-3.02295,-1.55353,-3.02295,-1.55353]},{"time":0.5,"vertices":[-0.54314,1.79723,-0.54314,1.79723,0,0,0,0,0,0,0,0,0,0,0,0,0,0,0,0,0,0,0,0,-2.80342,1.11244,-2.80342,1.11244,-2.80342,1.11244,-2.80342,1.11244]},{"time":0.6667,"vertices":[0.77056,-0.21665,0.77056,-0.21665,0,0,0,0,0,0,0,0,0,0,0,0,0,0,0,0,0,0,0,0,-1.13358,-1.14833,-1.13358,-1.14833,-1.13358,-1.14833]}]}}},"events":[{"time":0.6667,"name":"plug_into"}]},"duang":{"slots":{"sj":{"attachment":[{"time":0.8,"name":"s1"},{"time":0.8333,"name":"s2"},{"time":0.8667,"name":"s3"},{"time":0.9,"name":"s4"},{"time":0.9333,"name":null},{"time":1.4667,"name":"s1"},{"time":1.5,"name":"s2"},{"time":1.5333,"name":"s3"},{"time":1.5667,"name":"s4"},{"time":1.6,"name":null},{"time":2.2667,"name":"s1"},{"time":2.3,"name":"s2"},{"time":2.3333,"name":"s3"},{"time":2.3667,"name":"s4"},{"time":2.4,"name":null}]}},"bones":{"nan_sb":{"rotate":[{"angle":-15.28}]},"nan_shou":{"rotate":[{"angle":27.73}]},"nan_datui":{"rotate":[{"angle":-0.5}]},"nan_xiaotui":{"rotate":[{"angle":0.83}]},"nan_zs":{"rotate":[{"angle":-11.86},{"time":0.1667,"angle":-3.89},{"time":0.3333,"angle":-11.86}],"translate":[{"y":-2.02},{"time":0.1667},{"time":0.3333,"y":-2.02}]},"nan_jiao2":{"rotate":[{"angle":0.18}]},"nan_jiao3":{"rotate":[{"angle":-0.19}]},"nv_st":{"translate":[{"curve":0.588,"c3":0.497,"c4":0.99},{"time":0.1667,"x":9.67,"y":8.68,"curve":0.588,"c3":0.497,"c4":0.99},{"time":0.3333,"curve":"stepped"},{"time":0.5},{"time":0.5333,"y":-0.7},{"time":0.5667,"x":-0.3,"y":-0.4},{"time":0.6,"x":0.1,"y":-0.7},{"time":0.6333,"x":-0.2,"y":-0.7},{"time":0.6667},{"time":0.7,"y":-0.7},{"time":0.7333,"x":-0.3,"y":-0.4},{"time":0.7667,"x":0.1,"y":-0.7},{"time":0.8,"x":-0.2,"y":-0.7},{"time":0.8333},{"time":0.8667,"y":-0.7},{"time":0.9,"x":-0.3,"y":-0.4},{"time":0.9333,"x":0.1,"y":-0.7},{"time":0.9667,"x":-0.2,"y":-0.7},{"time":1.1333},{"time":1.1667,"y":-0.7},{"time":1.2,"x":-0.3,"y":-0.4},{"time":1.2333,"x":0.1,"y":-0.7},{"time":1.2667,"x":-0.2,"y":-0.7},{"time":1.3},{"time":1.3333,"y":-0.7},{"time":1.3667,"x":-0.3,"y":-0.4},{"time":1.4,"x":0.1,"y":-0.7},{"time":1.4333,"x":-0.2,"y":-0.7},{"time":1.4667},{"time":1.5,"y":-0.7},{"time":1.5333,"x":-0.3,"y":-0.4},{"time":1.5667,"x":0.1,"y":-0.7},{"time":1.6,"x":-0.2,"y":-0.7},{"time":1.9333},{"time":1.9667,"y":-0.7},{"time":2,"x":-0.3,"y":-0.4},{"time":2.0333,"x":0.1,"y":-0.7},{"time":2.0667,"x":-0.2,"y":-0.7},{"time":2.1},{"time":2.1333,"y":-0.7},{"time":2.1667,"x":-0.3,"y":-0.4},{"time":2.2,"x":0.1,"y":-0.7},{"time":2.2333,"x":-0.2,"y":-0.7},{"time":2.2667},{"time":2.3,"y":-0.7},{"time":2.3333,"x":-0.3,"y":-0.4},{"time":2.3667,"x":0.1,"y":-0.7},{"time":2.4,"x":-0.2,"y":-0.7}]},"nv_datui":{"translate":[{"time":0.3333},{"time":0.3667,"y":-0.7},{"time":0.4,"x":-0.3,"y":-0.4},{"time":0.4333,"x":0.1,"y":-0.7},{"time":0.4667,"x":-0.2,"y":-0.7},{"time":0.5},{"time":0.5333,"y":-0.7},{"time":0.5667,"x":-0.3,"y":-0.4},{"time":0.6,"x":0.1,"y":-0.7},{"time":0.6333,"x":-0.2,"y":-0.7},{"time":0.6667},{"time":0.7,"y":-0.7},{"time":0.7333,"x":-0.3,"y":-0.4},{"time":0.7667,"x":0.1,"y":-0.7},{"time":0.8,"x":-0.2,"y":-0.7},{"time":0.9667},{"time":1,"y":-0.7},{"time":1.0333,"x":-0.3,"y":-0.4},{"time":1.0667,"x":0.1,"y":-0.7},{"time":1.1,"x":-0.2,"y":-0.7},{"time":1.1333},{"time":1.1667,"y":-0.7},{"time":1.2,"x":-0.3,"y":-0.4},{"time":1.2333,"x":0.1,"y":-0.7},{"time":1.2667,"x":-0.2,"y":-0.7},{"time":1.3},{"time":1.3333,"y":-0.7},{"time":1.3667,"x":-0.3,"y":-0.4},{"time":1.4,"x":0.1,"y":-0.7},{"time":1.4333,"x":-0.2,"y":-0.7},{"time":1.7667},{"time":1.8,"y":-0.7},{"time":1.8333,"x":-0.3,"y":-0.4},{"time":1.8667,"x":0.1,"y":-0.7},{"time":1.9,"x":-0.2,"y":-0.7},{"time":1.9333},{"time":1.9667,"y":-0.7},{"time":2,"x":-0.3,"y":-0.4},{"time":2.0333,"x":0.1,"y":-0.7},{"time":2.0667,"x":-0.2,"y":-0.7},{"time":2.1},{"time":2.1333,"y":-0.7},{"time":2.1667,"x":-0.3,"y":-0.4},{"time":2.2,"x":0.1,"y":-0.7},{"time":2.2333,"x":-0.2,"y":-0.7}]},"nv_datui2":{"rotate":[{"angle":0.15}]},"nv_xiaotui":{"rotate":[{}]},"nv_st2":{"rotate":[{},{"time":0.5,"angle":22.06}]},"nv_st3":{"rotate":[{},{"time":0.1667,"angle":-11.95},{"time":0.3333},{"time":0.5,"angle":-31.95,"curve":0,"c2":0.99,"c3":0.996,"c4":0},{"time":0.6333,"angle":-23.76,"curve":0,"c2":0.99,"c3":0.996,"c4":0},{"time":0.7667,"angle":-31.95,"curve":0,"c2":0.99,"c3":0.996,"c4":0},{"time":0.9,"angle":-23.76,"curve":0,"c2":0.99,"c3":0.996,"c4":0},{"time":1.0667,"angle":-31.95,"curve":"stepped"},{"time":1.1667,"angle":-31.95,"curve":0,"c2":0.99,"c3":0.996,"c4":0},{"time":1.3,"angle":-23.76,"curve":0,"c2":0.99,"c3":0.996,"c4":0},{"time":1.4333,"angle":-31.95,"curve":0,"c2":0.99,"c3":0.996,"c4":0},{"time":1.5667,"angle":-23.76,"curve":0,"c2":0.99,"c3":0.996,"c4":0},{"time":1.7333,"angle":-31.95,"curve":"stepped"},{"time":1.8333,"angle":-31.95,"curve":0,"c2":0.99,"c3":0.996,"c4":0},{"time":1.9667,"angle":-23.76,"curve":0,"c2":0.99,"c3":0.996,"c4":0},{"time":2.1,"angle":-31.95,"curve":0,"c2":0.99,"c3":0.996,"c4":0},{"time":2.2333,"angle":-23.76,"curve":0,"c2":0.99,"c3":0.996,"c4":0},{"time":2.4,"angle":-31.95}]},"nv_sb":{"rotate":[{"angle":-14.97}]},"nv_st4":{"rotate":[{},{"time":0.1667,"angle":6.28},{"time":0.3333}]},"nv_shou":{"rotate":[{"angle":27.6}]},"target2":{"translate":[{"x":-1.33,"y":6.14}]},"target0":{"translate":[{"x":-7.52,"y":-7.71},{"time":0.1667},{"time":0.3333,"x":-7.52,"y":-7.71}]},"target1":{"translate":[{"time":0.3333},{"time":0.3667,"x":-0.53},{"time":0.4},{"time":0.4333,"x":-0.71},{"time":0.4667,"x":-0.36},{"time":0.5,"x":-1.42,"y":0.18},{"time":0.5333},{"time":0.5667,"x":-0.53},{"time":0.6},{"time":0.6333,"x":-0.71},{"time":0.6667,"x":-0.36},{"time":0.7,"x":-1.42,"y":0.18},{"time":0.9667},{"time":1,"x":-0.53},{"time":1.0333},{"time":1.0667,"x":-0.71},{"time":1.1,"x":-0.36},{"time":1.1333,"x":-1.42,"y":0.18},{"time":1.1667},{"time":1.2,"x":-0.53},{"time":1.2333},{"time":1.2667,"x":-0.71},{"time":1.3,"x":-0.36},{"time":1.3333,"x":-1.42,"y":0.18},{"time":1.7667},{"time":1.8,"x":-0.53},{"time":1.8333},{"time":1.8667,"x":-0.71},{"time":1.9,"x":-0.36},{"time":1.9333,"x":-1.42,"y":0.18},{"time":1.9667},{"time":2,"x":-0.53},{"time":2.0333},{"time":2.0667,"x":-0.71},{"time":2.1,"x":-0.36},{"time":2.1333,"x":-1.42,"y":0.18}]},"nan_st5":{"rotate":[{"time":0.1667},{"time":0.5,"angle":31.74,"curve":"stepped"},{"time":2.1667,"angle":31.74},{"time":2.4}]}},"deform":{"default":{"nv_datui":{"nv_datui":[{"vertices":[0.77056,-0.21665,0.77056,-0.21665,0,0,0,0,0,0,0,0,0,0,0,0,0,0,0,0,0,0,0,0,-1.13358,-1.14833,-1.13358,-1.14833,-1.13358,-1.14833]},{"time":0.1667,"offset":24,"vertices":[-3.02295,-1.55353,-3.02295,-1.55353,-3.02295,-1.55353,-3.02295,-1.55353]},{"time":0.2667,"vertices":[-0.54314,1.79723,-0.54314,1.79723,0,0,0,0,0,0,0,0,0,0,0,0,0,0,0,0,0,0,0,0,-2.80342,1.11244,-2.80342,1.11244,-2.80342,1.11244,-2.80342,1.11244]},{"time":0.3333,"vertices":[0.77056,-0.21665,0.77056,-0.21665,0,0,0,0,0,0,0,0,0,0,0,0,0,0,0,0,0,0,0,0,-1.13358,-1.14833,-1.13358,-1.14833,-1.13358,-1.14833]}]},"nan_xiaotui":{"nan_xiaotui":[{"time":0.5,"vertices":[-0.34546,-0.08601,-0.34546,-0.08601,-0.34546,-0.08601,-0.34546,-0.08601,-0.34546,-0.08601,-0.34546,-0.08601,-0.34546,-0.08601,-0.34546,-0.08601,-0.34546,-0.08601,-0.34546,-0.08601,-0.34546,-0.08601,-0.34546,-0.08601,-0.34546,-0.08601,-0.34546,-0.08601]}]}}},"events":[{"time":0.3667,"name":"plug_into"},{"time":0.7667,"name":"shoot_sperm"},{"time":1.4333,"name":"shoot_sperm"},{"time":2.2333,"name":"shoot_sperm"}]},"shejing":{"slots":{"sj":{"attachment":[{"time":3.3,"name":"s1"},{"time":3.3333,"name":"s2"},{"time":3.3667,"name":"s3"},{"time":3.4,"name":"s4"},{"time":3.4333,"name":null},{"time":3.9667,"name":"s1"},{"time":4,"name":"s2"},{"time":4.0333,"name":"s3"},{"time":4.0667,"name":"s4"},{"time":4.1,"name":null},{"time":4.7667,"name":"s1"},{"time":4.8,"name":"s2"},{"time":4.8333,"name":"s3"},{"time":4.8667,"name":"s4"},{"time":4.9,"name":null}]}},"bones":{"nan_sb":{"rotate":[{"angle":-15.28}]},"nan_shou":{"rotate":[{"angle":27.73}]},"nan_datui":{"rotate":[{"angle":-0.5}]},"nan_xiaotui":{"rotate":[{"angle":0.83}]},"nan_zs":{"rotate":[{"angle":-11.86},{"time":0.3333,"angle":-3.89},{"time":0.6667,"angle":-11.86},{"time":0.9,"angle":-3.89},{"time":1.1667,"angle":-11.86},{"time":1.3333,"angle":-3.89},{"time":1.5,"angle":-11.86},{"time":1.6667,"angle":-3.89},{"time":1.8333,"angle":-11.86},{"time":2,"angle":-3.89},{"time":2.1667,"angle":-11.86},{"time":2.3333,"angle":-3.89},{"time":2.5,"angle":-11.86},{"time":2.6667,"angle":-3.89},{"time":2.8333,"angle":-11.86}],"translate":[{"y":-2.02},{"time":0.3333},{"time":0.6667,"y":-2.02},{"time":0.9},{"time":1.1667,"y":-2.02},{"time":1.3333},{"time":1.5,"y":-2.02},{"time":1.6667},{"time":1.8333,"y":-2.02},{"time":2},{"time":2.1667,"y":-2.02},{"time":2.3333},{"time":2.5,"y":-2.02},{"time":2.6667},{"time":2.8333,"y":-2.02}]},"nan_jiao2":{"rotate":[{"angle":0.18}]},"nan_jiao3":{"rotate":[{"angle":-0.19}]},"nv_st":{"translate":[{"curve":0.588,"c3":0.497,"c4":0.99},{"time":0.3333,"x":9.67,"y":8.68,"curve":0.588,"c3":0.497,"c4":0.99},{"time":0.6667,"curve":0.588,"c3":0.497,"c4":0.99},{"time":0.9,"x":9.67,"y":8.68,"curve":0.588,"c3":0.497,"c4":0.99},{"time":1.1667,"curve":0.588,"c3":0.497,"c4":0.99},{"time":1.3333,"x":9.67,"y":8.68,"curve":0.588,"c3":0.497,"c4":0.99},{"time":1.5,"curve":0.588,"c3":0.497,"c4":0.99},{"time":1.6667,"x":9.67,"y":8.68,"curve":0.588,"c3":0.497,"c4":0.99},{"time":1.8333,"curve":0.588,"c3":0.497,"c4":0.99},{"time":2,"x":9.67,"y":8.68,"curve":0.588,"c3":0.497,"c4":0.99},{"time":2.1667,"curve":0.588,"c3":0.497,"c4":0.99},{"time":2.3333,"x":9.67,"y":8.68,"curve":0.588,"c3":0.497,"c4":0.99},{"time":2.5,"curve":0.588,"c3":0.497,"c4":0.99},{"time":2.6667,"x":9.67,"y":8.68,"curve":0.588,"c3":0.497,"c4":0.99},{"time":2.8333,"curve":"stepped"},{"time":3},{"time":3.0333,"y":-0.7},{"time":3.0667,"x":-0.3,"y":-0.4},{"time":3.1,"x":0.1,"y":-0.7},{"time":3.1333,"x":-0.2,"y":-0.7},{"time":3.1667},{"time":3.2,"y":-0.7},{"time":3.2333,"x":-0.3,"y":-0.4},{"time":3.2667,"x":0.1,"y":-0.7},{"time":3.3,"x":-0.2,"y":-0.7},{"time":3.3333},{"time":3.3667,"y":-0.7},{"time":3.4,"x":-0.3,"y":-0.4},{"time":3.4333,"x":0.1,"y":-0.7},{"time":3.4667,"x":-0.2,"y":-0.7},{"time":3.6333},{"time":3.6667,"y":-0.7},{"time":3.7,"x":-0.3,"y":-0.4},{"time":3.7333,"x":0.1,"y":-0.7},{"time":3.7667,"x":-0.2,"y":-0.7},{"time":3.8},{"time":3.8333,"y":-0.7},{"time":3.8667,"x":-0.3,"y":-0.4},{"time":3.9,"x":0.1,"y":-0.7},{"time":3.9333,"x":-0.2,"y":-0.7},{"time":3.9667},{"time":4,"y":-0.7},{"time":4.0333,"x":-0.3,"y":-0.4},{"time":4.0667,"x":0.1,"y":-0.7},{"time":4.1,"x":-0.2,"y":-0.7},{"time":4.4333},{"time":4.4667,"y":-0.7},{"time":4.5,"x":-0.3,"y":-0.4},{"time":4.5333,"x":0.1,"y":-0.7},{"time":4.5667,"x":-0.2,"y":-0.7},{"time":4.6},{"time":4.6333,"y":-0.7},{"time":4.6667,"x":-0.3,"y":-0.4},{"time":4.7,"x":0.1,"y":-0.7},{"time":4.7333,"x":-0.2,"y":-0.7},{"time":4.7667},{"time":4.8,"y":-0.7},{"time":4.8333,"x":-0.3,"y":-0.4},{"time":4.8667,"x":0.1,"y":-0.7},{"time":4.9,"x":-0.2,"y":-0.7}]},"nv_datui":{"translate":[{"time":2.8333},{"time":2.8667,"y":-0.7},{"time":2.9,"x":-0.3,"y":-0.4},{"time":2.9333,"x":0.1,"y":-0.7},{"time":2.9667,"x":-0.2,"y":-0.7},{"time":3},{"time":3.0333,"y":-0.7},{"time":3.0667,"x":-0.3,"y":-0.4},{"time":3.1,"x":0.1,"y":-0.7},{"time":3.1333,"x":-0.2,"y":-0.7},{"time":3.1667},{"time":3.2,"y":-0.7},{"time":3.2333,"x":-0.3,"y":-0.4},{"time":3.2667,"x":0.1,"y":-0.7},{"time":3.3,"x":-0.2,"y":-0.7},{"time":3.4667},{"time":3.5,"y":-0.7},{"time":3.5333,"x":-0.3,"y":-0.4},{"time":3.5667,"x":0.1,"y":-0.7},{"time":3.6,"x":-0.2,"y":-0.7},{"time":3.6333},{"time":3.6667,"y":-0.7},{"time":3.7,"x":-0.3,"y":-0.4},{"time":3.7333,"x":0.1,"y":-0.7},{"time":3.7667,"x":-0.2,"y":-0.7},{"time":3.8},{"time":3.8333,"y":-0.7},{"time":3.8667,"x":-0.3,"y":-0.4},{"time":3.9,"x":0.1,"y":-0.7},{"time":3.9333,"x":-0.2,"y":-0.7},{"time":4.2667},{"time":4.3,"y":-0.7},{"time":4.3333,"x":-0.3,"y":-0.4},{"time":4.3667,"x":0.1,"y":-0.7},{"time":4.4,"x":-0.2,"y":-0.7},{"time":4.4333},{"time":4.4667,"y":-0.7},{"time":4.5,"x":-0.3,"y":-0.4},{"time":4.5333,"x":0.1,"y":-0.7},{"time":4.5667,"x":-0.2,"y":-0.7},{"time":4.6},{"time":4.6333,"y":-0.7},{"time":4.6667,"x":-0.3,"y":-0.4},{"time":4.7,"x":0.1,"y":-0.7},{"time":4.7333,"x":-0.2,"y":-0.7}]},"nv_datui2":{"rotate":[{"angle":0.15}]},"nv_xiaotui":{"rotate":[{}]},"nv_st2":{"rotate":[{"time":2.5},{"time":3,"angle":22.06}]},"nv_st3":{"rotate":[{},{"time":0.3333,"angle":-11.95},{"time":0.6667},{"time":0.9,"angle":-11.95},{"time":1.1667},{"time":1.3333,"angle":-11.95},{"time":1.5},{"time":1.6667,"angle":-11.95},{"time":1.8333},{"time":2,"angle":-11.95},{"time":2.1667},{"time":2.3333,"angle":-11.95},{"time":2.5},{"time":2.6667,"angle":-11.95},{"time":2.8333},{"time":3,"angle":-31.95,"curve":0,"c2":0.99,"c3":0.996,"c4":0},{"time":3.1333,"angle":-23.76,"curve":0,"c2":0.99,"c3":0.996,"c4":0},{"time":3.2667,"angle":-31.95,"curve":0,"c2":0.99,"c3":0.996,"c4":0},{"time":3.4,"angle":-23.76,"curve":0,"c2":0.99,"c3":0.996,"c4":0},{"time":3.5667,"angle":-31.95,"curve":"stepped"},{"time":3.6667,"angle":-31.95,"curve":0,"c2":0.99,"c3":0.996,"c4":0},{"time":3.8,"angle":-23.76,"curve":0,"c2":0.99,"c3":0.996,"c4":0},{"time":3.9333,"angle":-31.95,"curve":0,"c2":0.99,"c3":0.996,"c4":0},{"time":4.0667,"angle":-23.76,"curve":0,"c2":0.99,"c3":0.996,"c4":0},{"time":4.2333,"angle":-31.95,"curve":"stepped"},{"time":4.3333,"angle":-31.95,"curve":0,"c2":0.99,"c3":0.996,"c4":0},{"time":4.4667,"angle":-23.76,"curve":0,"c2":0.99,"c3":0.996,"c4":0},{"time":4.6,"angle":-31.95,"curve":0,"c2":0.99,"c3":0.996,"c4":0},{"time":4.7333,"angle":-23.76,"curve":0,"c2":0.99,"c3":0.996,"c4":0},{"time":4.9,"angle":-31.95}]},"nv_sb":{"rotate":[{"angle":-14.97}]},"nv_st4":{"rotate":[{},{"time":0.3333,"angle":6.28},{"time":0.6667},{"time":0.9,"angle":6.28},{"time":1.1667},{"time":1.3333,"angle":6.28},{"time":1.5},{"time":1.6667,"angle":6.28},{"time":1.8333},{"time":2,"angle":6.28},{"time":2.1667},{"time":2.3333,"angle":6.28},{"time":2.5},{"time":2.6667,"angle":6.28},{"time":2.8333}]},"nv_shou":{"rotate":[{"angle":27.6}]},"target2":{"translate":[{"x":-1.33,"y":6.14}]},"target0":{"translate":[{"x":-7.52,"y":-7.71},{"time":0.3333},{"time":0.6667,"x":-7.52,"y":-7.71},{"time":0.9},{"time":1.1667,"x":-7.52,"y":-7.71},{"time":1.3333},{"time":1.5,"x":-7.52,"y":-7.71},{"time":1.6667},{"time":1.8333,"x":-7.52,"y":-7.71},{"time":2},{"time":2.1667,"x":-7.52,"y":-7.71},{"time":2.3333},{"time":2.5,"x":-7.52,"y":-7.71},{"time":2.6667},{"time":2.8333,"x":-7.52,"y":-7.71}]},"target1":{"translate":[{"time":2.8333},{"time":2.8667,"x":-0.53},{"time":2.9},{"time":2.9333,"x":-0.71},{"time":2.9667,"x":-0.36},{"time":3,"x":-1.42,"y":0.18},{"time":3.0333},{"time":3.0667,"x":-0.53},{"time":3.1},{"time":3.1333,"x":-0.71},{"time":3.1667,"x":-0.36},{"time":3.2,"x":-1.42,"y":0.18},{"time":3.4667},{"time":3.5,"x":-0.53},{"time":3.5333},{"time":3.5667,"x":-0.71},{"time":3.6,"x":-0.36},{"time":3.6333,"x":-1.42,"y":0.18},{"time":3.6667},{"time":3.7,"x":-0.53},{"time":3.7333},{"time":3.7667,"x":-0.71},{"time":3.8,"x":-0.36},{"time":3.8333,"x":-1.42,"y":0.18},{"time":4.2667},{"time":4.3,"x":-0.53},{"time":4.3333},{"time":4.3667,"x":-0.71},{"time":4.4,"x":-0.36},{"time":4.4333,"x":-1.42,"y":0.18},{"time":4.4667},{"time":4.5,"x":-0.53},{"time":4.5333},{"time":4.5667,"x":-0.71},{"time":4.6,"x":-0.36},{"time":4.6333,"x":-1.42,"y":0.18}]},"nan_st5":{"rotate":[{"time":2.6667},{"time":3,"angle":31.74,"curve":"stepped"},{"time":4.6667,"angle":31.74},{"time":4.9}]}},"deform":{"default":{"nv_datui":{"nv_datui":[{"vertices":[0.77056,-0.21665,0.77056,-0.21665,0,0,0,0,0,0,0,0,0,0,0,0,0,0,0,0,0,0,0,0,-1.13358,-1.14833,-1.13358,-1.14833,-1.13358,-1.14833]},{"time":0.3333,"offset":24,"vertices":[-3.02295,-1.55353,-3.02295,-1.55353,-3.02295,-1.55353,-3.02295,-1.55353]},{"time":0.5,"vertices":[-0.54314,1.79723,-0.54314,1.79723,0,0,0,0,0,0,0,0,0,0,0,0,0,0,0,0,0,0,0,0,-2.80342,1.11244,-2.80342,1.11244,-2.80342,1.11244,-2.80342,1.11244]},{"time":0.6667,"vertices":[0.77056,-0.21665,0.77056,-0.21665,0,0,0,0,0,0,0,0,0,0,0,0,0,0,0,0,0,0,0,0,-1.13358,-1.14833,-1.13358,-1.14833,-1.13358,-1.14833]},{"time":0.9,"offset":24,"vertices":[-3.02295,-1.55353,-3.02295,-1.55353,-3.02295,-1.55353,-3.02295,-1.55353]},{"time":1.0333,"vertices":[-0.54314,1.79723,-0.54314,1.79723,0,0,0,0,0,0,0,0,0,0,0,0,0,0,0,0,0,0,0,0,-2.80342,1.11244,-2.80342,1.11244,-2.80342,1.11244,-2.80342,1.11244]},{"time":1.1667,"vertices":[0.77056,-0.21665,0.77056,-0.21665,0,0,0,0,0,0,0,0,0,0,0,0,0,0,0,0,0,0,0,0,-1.13358,-1.14833,-1.13358,-1.14833,-1.13358,-1.14833]},{"time":1.3333,"offset":24,"vertices":[-3.02295,-1.55353,-3.02295,-1.55353,-3.02295,-1.55353,-3.02295,-1.55353]},{"time":1.4333,"vertices":[-0.54314,1.79723,-0.54314,1.79723,0,0,0,0,0,0,0,0,0,0,0,0,0,0,0,0,0,0,0,0,-2.80342,1.11244,-2.80342,1.11244,-2.80342,1.11244,-2.80342,1.11244]},{"time":1.5,"vertices":[0.77056,-0.21665,0.77056,-0.21665,0,0,0,0,0,0,0,0,0,0,0,0,0,0,0,0,0,0,0,0,-1.13358,-1.14833,-1.13358,-1.14833,-1.13358,-1.14833]},{"time":1.6667,"offset":24,"vertices":[-3.02295,-1.55353,-3.02295,-1.55353,-3.02295,-1.55353,-3.02295,-1.55353]},{"time":1.7667,"vertices":[-0.54314,1.79723,-0.54314,1.79723,0,0,0,0,0,0,0,0,0,0,0,0,0,0,0,0,0,0,0,0,-2.80342,1.11244,-2.80342,1.11244,-2.80342,1.11244,-2.80342,1.11244]},{"time":1.8333,"vertices":[0.77056,-0.21665,0.77056,-0.21665,0,0,0,0,0,0,0,0,0,0,0,0,0,0,0,0,0,0,0,0,-1.13358,-1.14833,-1.13358,-1.14833,-1.13358,-1.14833]},{"time":2,"offset":24,"vertices":[-3.02295,-1.55353,-3.02295,-1.55353,-3.02295,-1.55353,-3.02295,-1.55353]},{"time":2.1,"vertices":[-0.54314,1.79723,-0.54314,1.79723,0,0,0,0,0,0,0,0,0,0,0,0,0,0,0,0,0,0,0,0,-2.80342,1.11244,-2.80342,1.11244,-2.80342,1.11244,-2.80342,1.11244]},{"time":2.1667,"vertices":[0.77056,-0.21665,0.77056,-0.21665,0,0,0,0,0,0,0,0,0,0,0,0,0,0,0,0,0,0,0,0,-1.13358,-1.14833,-1.13358,-1.14833,-1.13358,-1.14833]},{"time":2.3333,"offset":24,"vertices":[-3.02295,-1.55353,-3.02295,-1.55353,-3.02295,-1.55353,-3.02295,-1.55353]},{"time":2.4333,"vertices":[-0.54314,1.79723,-0.54314,1.79723,0,0,0,0,0,0,0,0,0,0,0,0,0,0,0,0,0,0,0,0,-2.80342,1.11244,-2.80342,1.11244,-2.80342,1.11244,-2.80342,1.11244]},{"time":2.5,"vertices":[0.77056,-0.21665,0.77056,-0.21665,0,0,0,0,0,0,0,0,0,0,0,0,0,0,0,0,0,0,0,0,-1.13358,-1.14833,-1.13358,-1.14833,-1.13358,-1.14833]},{"time":2.6667,"offset":24,"vertices":[-3.02295,-1.55353,-3.02295,-1.55353,-3.02295,-1.55353,-3.02295,-1.55353]},{"time":2.7667,"vertices":[-0.54314,1.79723,-0.54314,1.79723,0,0,0,0,0,0,0,0,0,0,0,0,0,0,0,0,0,0,0,0,-2.80342,1.11244,-2.80342,1.11244,-2.80342,1.11244,-2.80342,1.11244]},{"time":2.8333,"vertices":[0.77056,-0.21665,0.77056,-0.21665,0,0,0,0,0,0,0,0,0,0,0,0,0,0,0,0,0,0,0,0,-1.13358,-1.14833,-1.13358,-1.14833,-1.13358,-1.14833]}]},"nan_xiaotui":{"nan_xiaotui":[{"time":3,"vertices":[-0.34546,-0.08601,-0.34546,-0.08601,-0.34546,-0.08601,-0.34546,-0.08601,-0.34546,-0.08601,-0.34546,-0.08601,-0.34546,-0.08601,-0.34546,-0.08601,-0.34546,-0.08601,-0.34546,-0.08601,-0.34546,-0.08601,-0.34546,-0.08601,-0.34546,-0.08601,-0.34546,-0.08601]}]}}},"events":[{"time":0.6667,"name":"plug_into"},{"time":1.1667,"name":"plug_into"},{"time":1.5,"name":"plug_into"},{"time":1.8333,"name":"plug_into"},{"time":2.1667,"name":"plug_into"},{"time":2.5,"name":"plug_into"},{"time":2.9,"name":"plug_into"},{"time":3.2667,"name":"shoot_sperm"},{"time":3.9333,"name":"shoot_sperm"},{"time":4.7333,"name":"shoot_sperm"}]}}},[0]]],0,0,[0],[-1],[0]]