[1,["2a8V7Hg/1Hc7uEORRBnD8C","b9/aG0dM9KmY+FPqxbkNPp"],0,[["sp.SkeletonData",["_name","_atlasText","textureNames","_skeletonJson","textures"],-1,3]],[[0,0,1,2,3,4,5]],[[0,"skeleton","\nskeleton.png\nsize: 2021,1645\nformat: RGBA8888\nfilter: Linear,Linear\nrepeat: none\n1\n  rotate: true\n  xy: 1490, 1497\n  size: 146, 332\n  orig: 256, 512\n  offset: 47, 10\n  index: -1\n2\n  rotate: true\n  xy: 2, 1148\n  size: 204, 432\n  orig: 256, 512\n  offset: 24, 12\n  index: -1\n3\n  rotate: true\n  xy: 2, 903\n  size: 206, 438\n  orig: 256, 512\n  offset: 23, 30\n  index: -1\n4\n  rotate: true\n  xy: 436, 1111\n  size: 204, 428\n  orig: 256, 512\n  offset: 24, 62\n  index: -1\n5\n  rotate: true\n  xy: 866, 1091\n  size: 205, 413\n  orig: 256, 512\n  offset: 23, 83\n  index: -1\n6\n  rotate: true\n  xy: 1041, 1298\n  size: 203, 410\n  orig: 256, 512\n  offset: 24, 90\n  index: -1\n7\n  rotate: true\n  xy: 653, 1317\n  size: 189, 386\n  orig: 256, 512\n  offset: 27, 115\n  index: -1\n8\n  rotate: true\n  xy: 297, 1354\n  size: 152, 354\n  orig: 256, 512\n  offset: 60, 148\n  index: -1\nbozi\n  rotate: true\n  xy: 1574, 364\n  size: 372, 445\n  orig: 412, 603\n  offset: 40, 158\n  index: -1\nc\n  rotate: false\n  xy: 2, 517\n  size: 419, 384\n  orig: 419, 384\n  offset: 0, 0\n  index: -1\nhan\n  rotate: false\n  xy: 1689, 1172\n  size: 261, 243\n  orig: 279, 256\n  offset: 5, 4\n  index: -1\njin\n  rotate: false\n  xy: 2, 131\n  size: 419, 384\n  orig: 419, 384\n  offset: 0, 0\n  index: -1\nlhy\n  rotate: false\n  xy: 423, 494\n  size: 463, 327\n  orig: 573, 381\n  offset: 40, 37\n  index: -1\nlian_jy\n  rotate: true\n  xy: 423, 84\n  size: 408, 427\n  orig: 415, 442\n  offset: 3, 2\n  index: -1\nm_tm\n  rotate: false\n  xy: 1051, 1503\n  size: 437, 140\n  orig: 439, 143\n  offset: 1, 0\n  index: -1\nm_zm\n  rotate: false\n  xy: 613, 1508\n  size: 436, 135\n  orig: 437, 138\n  offset: 1, 0\n  index: -1\nmm\n  rotate: false\n  xy: 1281, 1028\n  size: 382, 232\n  orig: 426, 233\n  offset: 1, 0\n  index: -1\ns1\n  rotate: true\n  xy: 1453, 1262\n  size: 233, 234\n  orig: 248, 245\n  offset: 15, 10\n  index: -1\ns2\n  rotate: false\n  xy: 403, 1514\n  size: 208, 129\n  orig: 208, 130\n  offset: 0, 0\n  index: -1\ntoufa2\n  rotate: true\n  xy: 888, 397\n  size: 339, 684\n  orig: 339, 684\n  offset: 0, 0\n  index: -1\ntoufa3\n  rotate: true\n  xy: 1376, 738\n  size: 288, 638\n  orig: 289, 639\n  offset: 0, 0\n  index: -1\nyan1\n  rotate: false\n  xy: 909, 745\n  size: 465, 281\n  orig: 466, 301\n  offset: 0, 9\n  index: -1\nyan2\n  rotate: false\n  xy: 442, 823\n  size: 465, 266\n  orig: 466, 278\n  offset: 0, 9\n  index: -1\nyifu\n  rotate: false\n  xy: 852, 2\n  size: 892, 360\n  orig: 894, 382\n  offset: 1, 0\n  index: -1\nzui_a\n  rotate: true\n  xy: 213, 1519\n  size: 124, 188\n  orig: 126, 189\n  offset: 1, 0\n  index: -1\nzui_jy\n  rotate: true\n  xy: 2, 1544\n  size: 99, 209\n  orig: 103, 212\n  offset: 2, 1\n  index: -1\nzui_tian\n  rotate: true\n  xy: 2, 1366\n  size: 151, 293\n  orig: 151, 293\n  offset: 0, 0\n  index: -1\nzui_weixiao\n  rotate: true\n  xy: 1824, 1417\n  size: 226, 166\n  orig: 229, 168\n  offset: 0, 1\n  index: -1\n\nskeleton2.png\nsize: 1927,1641\nformat: RGBA8888\nfilter: Linear,Linear\nrepeat: none\ndd\n  rotate: true\n  xy: 2, 2\n  size: 566, 490\n  orig: 567, 490\n  offset: 1, 0\n  index: -1\nkz\n  rotate: true\n  xy: 494, 7\n  size: 561, 745\n  orig: 562, 746\n  offset: 0, 0\n  index: -1\nlian_kou_huo\n  rotate: true\n  xy: 1241, 19\n  size: 652, 670\n  orig: 653, 670\n  offset: 1, 0\n  index: -1\nlian_weixiao\n  rotate: false\n  xy: 1273, 997\n  size: 652, 642\n  orig: 653, 643\n  offset: 1, 1\n  index: -1\nst\n  rotate: true\n  xy: 798, 673\n  size: 966, 473\n  orig: 968, 500\n  offset: 2, 0\n  index: -1\ntoufa1\n  rotate: false\n  xy: 2, 570\n  size: 794, 1069\n  orig: 794, 1070\n  offset: 0, 0\n  index: -1\n",["skeleton.png","skeleton2.png"],{"skeleton":{"hash":"DbQUMEwg28rMqsP+O5PYKBT0aZc","spine":"3.8.75","x":-854.59,"y":-500,"width":1483.74,"height":1252.6,"images":"../","audio":""},"bones":[{"name":"root"},{"name":"tou","parent":"root"},{"name":"toufa2","parent":"tou","x":-140.68,"y":138.45},{"name":"toufa3","parent":"tou","x":328.25,"y":44.66},{"name":"shengti","parent":"root"},{"name":"st","parent":"shengti","x":145.15,"y":-230},{"name":"yifu","parent":"shengti","x":178.64,"y":-290.29},{"name":"bozi","parent":"shengti","x":102.72,"y":-189.81},{"name":"lian_kou_huo","parent":"tou","x":98.25,"y":145.15},{"name":"zui_a","parent":"tou","x":-75.92,"y":-42.43},{"name":"zui_tian","parent":"tou","x":-78.16,"y":-80.39},{"name":"lian_weixiao","parent":"tou","x":98.25,"y":156.31},{"name":"zui_weixiao","parent":"tou"},{"name":"toufa1","parent":"tou","x":120.58,"y":218.83},{"name":"yan1","parent":"tou","x":-21.97,"y":158.18},{"name":"yan2","parent":"tou","x":-15.38,"y":155.99},{"name":"m_zm","parent":"tou","x":-20.55,"y":258.35},{"name":"m_tm","parent":"tou","x":-19.17,"y":256.37},{"name":"lhy","parent":"tou","x":-30.27,"y":131.07},{"name":"s2","parent":"root","x":-355.49,"y":-435},{"name":"dd","parent":"root","x":-356.4,"y":-251.1},{"name":"mm","parent":"root","x":-462.8,"y":-358.23},{"name":"han","parent":"tou","x":-58.44,"y":-47.31},{"name":"jin","parent":"tou","x":-8.35,"y":3.91},{"name":"c","parent":"tou","x":-5.55,"y":20.36},{"name":"s1","parent":"root","x":-526.61,"y":-308.02},{"name":"kz","parent":"root","x":-573.59,"y":-111.92},{"name":"toufa4","parent":"toufa1","length":264.18,"rotation":-153.16,"x":-28.71,"y":493.94},{"name":"toufa5","parent":"toufa4","length":142.24,"rotation":31.21,"x":264.18},{"name":"toufa6","parent":"toufa5","length":124.22,"rotation":21.41,"x":142.24},{"name":"toufa7","parent":"toufa6","length":102.28,"rotation":8.95,"x":124.22},{"name":"toufa8","parent":"toufa1","length":208.82,"rotation":-144.69,"x":20.99,"y":476.9},{"name":"toufa9","parent":"toufa8","length":151.95,"rotation":17.28,"x":208.82},{"name":"toufa10","parent":"toufa9","length":108.27,"rotation":20.63,"x":151.95},{"name":"toufa11","parent":"toufa10","length":106.74,"rotation":20.59,"x":108.27},{"name":"toufa12","parent":"toufa1","length":147.74,"rotation":-125.22,"x":50.81,"y":457.02},{"name":"toufa13","parent":"toufa12","length":133.84,"rotation":17.94,"x":147.74},{"name":"toufa14","parent":"toufa13","length":125.35,"rotation":21.83,"x":133.84},{"name":"toufa15","parent":"toufa14","length":95.47,"rotation":18.2,"x":125.35},{"name":"toufa16","parent":"toufa1","length":198.01,"rotation":-79.25,"x":106.18,"y":468.38},{"name":"toufa17","parent":"toufa16","length":178.07,"rotation":-6.17,"x":198.01},{"name":"toufa18","parent":"toufa17","length":192.34,"rotation":-9.23,"x":178.07},{"name":"toufa19","parent":"toufa18","length":198.58,"rotation":-11.96,"x":192.34},{"name":"toufa20","parent":"toufa1","length":198.01,"rotation":-69.19,"x":171.02,"y":458.98},{"name":"toufa21","parent":"toufa20","length":261.63,"rotation":-20,"x":198.01},{"name":"toufa22","parent":"toufa21","length":236.21,"rotation":-11.65,"x":261.63},{"name":"toufa23","parent":"toufa22","length":221.93,"rotation":-1.03,"x":236.21},{"name":"toufa24","parent":"toufa1","length":236.84,"rotation":-65.04,"x":232.72,"y":441.71},{"name":"toufa25","parent":"toufa24","length":232.21,"rotation":-18.56,"x":236.84},{"name":"toufa26","parent":"toufa25","length":202.47,"rotation":-8.15,"x":232.21},{"name":"toufa27","parent":"toufa26","length":199.65,"rotation":-6.78,"x":202.47},{"name":"zui_tian2","parent":"zui_tian","length":84.23,"rotation":-113.96,"x":14.42,"y":61.06},{"name":"zui_tian3","parent":"zui_tian2","length":92.55,"rotation":17.33,"x":84.23},{"name":"dd2","parent":"dd","length":195.25,"rotation":38.58,"x":-192.99,"y":-187.05},{"name":"dd3","parent":"dd2","length":198.12,"rotation":2.56,"x":195.25},{"name":"dd4","parent":"dd3","length":123.72,"rotation":2.74,"x":198.12},{"name":"dd5","parent":"dd4","length":83.82,"rotation":15.36,"x":123.72},{"name":"toufa28","parent":"toufa2","length":177.68,"rotation":-91.81,"x":-122.63,"y":233.34},{"name":"toufa29","parent":"toufa28","length":140.86,"rotation":5.93,"x":177.68},{"name":"toufa30","parent":"toufa29","length":153.76,"rotation":9.41,"x":140.86},{"name":"bozi2","parent":"bozi","length":119.88,"rotation":113.57,"x":92.04,"y":-74.8},{"name":"bozi3","parent":"bozi2","length":125.5,"rotation":4.19,"x":119.88},{"name":"jin2","parent":"jin","length":102.64,"rotation":-133.21,"x":112.68,"y":-45.24},{"name":"jin3","parent":"jin2","length":78.81,"rotation":-15.27,"x":99.93,"y":0.66},{"name":"jin4","parent":"jin3","length":66.66,"rotation":-14.26,"x":78.81},{"name":"lian_jy","parent":"lian_kou_huo","x":-105.61,"y":24.13},{"name":"zui_jy","parent":"zui_a","x":-2.24,"y":-28.89},{"name":"sj","parent":"root","rotation":-43.97,"x":48.85,"y":137.6}],"slots":[{"name":"toufa2","bone":"toufa2","attachment":"toufa2"},{"name":"toufa3","bone":"toufa3","attachment":"toufa3"},{"name":"st","bone":"st","attachment":"st"},{"name":"yifu","bone":"yifu","attachment":"yifu"},{"name":"bozi","bone":"bozi","attachment":"bozi"},{"name":"lian_kou_huo","bone":"lian_kou_huo","attachment":"lian_kou_huo"},{"name":"lian_weixiao","bone":"lian_weixiao"},{"name":"zui_tian","bone":"zui_tian","attachment":"zui_tian"},{"name":"zui_a","bone":"zui_a"},{"name":"zui_weixiao","bone":"zui_weixiao"},{"name":"toufa1","bone":"toufa1","attachment":"toufa1"},{"name":"yan1","bone":"yan1"},{"name":"yan2","bone":"yan2","attachment":"yan2"},{"name":"m_zm","bone":"m_zm"},{"name":"m_tm","bone":"m_tm","attachment":"m_tm"},{"name":"lhy","bone":"lhy","attachment":"lhy"},{"name":"s2","bone":"s2","attachment":"s2"},{"name":"zui_jy","bone":"zui_jy"},{"name":"sj","bone":"sj"},{"name":"dd","bone":"dd","attachment":"dd"},{"name":"mm","bone":"mm","attachment":"mm"},{"name":"han","bone":"han"},{"name":"jin","bone":"jin"},{"name":"c","bone":"c"},{"name":"s1","bone":"s1","attachment":"s1"},{"name":"kz","bone":"kz","attachment":"kz"},{"name":"lian_jy","bone":"lian_jy"}],"skins":[{"name":"default","attachments":{"dd":{"dd":{"type":"mesh","hull":47,"width":567,"height":490,"uvs":[0.91315,0.00176,0.95919,0.03256,0.98203,0.06354,0.99899,0.16048,0.9946,0.197,0.97749,0.25092,0.94458,0.30579,0.93829,0.31436,0.94063,0.33274,0.93619,0.33281,0.93819,0.31446,0.87686,0.42942,0.86197,0.45306,0.80857,0.53567,0.82023,0.5563,0.7937,0.56353,0.78625,0.58164,0.73747,0.65453,0.71161,0.68656,0.61813,0.75615,0.47496,0.88985,0.33524,1,0.09747,1,0.0987,0.97791,0.09262,0.96913,0.05469,0.95339,0.04387,0.92801,0.0452,0.91777,0.00326,0.8619,0.00335,0.83115,0.01143,0.78928,0.02784,0.7524,0.17427,0.65646,0.19187,0.64274,0.25293,0.58521,0.37783,0.48125,0.57918,0.29333,0.59747,0.27739,0.61409,0.25183,0.62364,0.24357,0.63897,0.21095,0.64705,0.19065,0.65488,0.12742,0.68933,0.07811,0.72458,0.05128,0.79919,0.01544,0.85691,0.00201],"triangles":[10,44,45,46,10,45,46,6,10,46,5,6,4,5,0,0,5,46,3,4,1,1,4,0,3,1,2,12,13,37,37,38,39,12,37,39,12,39,11,39,40,11,11,40,10,10,40,41,10,41,42,44,10,42,44,42,43,9,10,8,10,7,8,7,10,6,20,35,19,19,35,18,17,18,36,18,35,36,17,36,16,16,36,15,13,15,36,15,13,14,13,36,37,22,23,21,21,24,32,32,33,21,21,33,20,20,33,34,21,23,24,32,24,27,26,27,25,24,25,27,28,29,27,29,30,27,30,31,27,27,31,32,34,35,20],"vertices":[2,55,214.88,41.82,0.00103,56,98.98,16.18,0.99897,1,56,99.37,-13.97,1,1,56,92.95,-32.87,1,2,55,196.06,-47.98,0.03907,56,57.05,-65.43,0.96093,2,55,181.87,-59.15,0.10658,56,40.4,-72.44,0.89342,2,55,156.56,-71.47,0.30778,56,12.74,-77.62,0.69222,3,54,326.17,-71.88,0.0008,55,124.47,-77.92,0.63987,56,-19.92,-75.33,0.35934,3,54,320.72,-72.7,0.00194,55,118.99,-78.47,0.69593,56,-25.34,-74.42,0.30213,3,54,315.79,-80.36,0.00078,55,113.71,-85.89,0.70108,56,-32.41,-80.17,0.29814,3,54,313.88,-78.72,0.00077,55,111.87,-84.16,0.7008,56,-33.72,-78.01,0.29843,3,54,320.64,-72.7,0.00195,55,118.92,-78.47,0.69642,56,-25.42,-74.4,0.30164,3,54,257.4,-92.25,0.14526,55,54.81,-94.97,0.84849,56,-91.61,-73.32,0.00625,3,54,243.42,-95.42,0.22389,55,40.69,-97.47,0.7754,56,-105.88,-72,0.00071,2,54,193.98,-105.98,0.63594,55,-9.19,-105.66,0.36406,2,54,192.31,-117.95,0.67422,55,-11.43,-117.53,0.32578,2,54,178.65,-110.71,0.72735,55,-24.73,-109.66,0.27265,2,54,169.64,-114.62,0.78811,55,-33.92,-113.13,0.21189,3,53,325.94,-117.6,0.00537,54,125.31,-123.32,0.94071,55,-78.62,-119.7,0.05391,3,53,304.69,-120.73,0.01851,54,103.94,-125.5,0.95792,55,-100.06,-120.86,0.02357,2,53,241.99,-114.33,0.19887,54,41.59,-116.31,0.80113,2,53,137.68,-114.92,0.88738,54,-62.65,-112.24,0.11262,1,53,42.09,-107.71,1,1,53,-63.3,-23.64,1,1,53,-56,-15.61,1,1,53,-56.02,-10.1,1,1,53,-68.02,9.35,1,1,53,-65.06,22.89,1,1,53,-61.34,26.35,1,1,53,-62.86,62.57,1,1,53,-53.42,74.32,1,1,53,-37.05,87.5,1,1,53,-18.5,95.83,1,1,53,75.72,80.8,1,1,53,87.72,79.83,1,2,53,132.36,80.28,0.97331,54,-59.25,83.01,0.02669,2,53,219.49,75.94,0.28305,54,27.6,74.78,0.71695,3,54,174.15,69.02,0.77418,55,-20.64,70.08,0.2258,56,-120.64,105.82,0.00002,3,54,187.1,68.07,0.61834,55,-7.75,68.52,0.38075,56,-108.62,100.9,0.00092,3,54,202.44,71.31,0.409,55,7.72,71.02,0.58496,56,-93.04,99.21,0.00604,3,54,209.18,70.8,0.32194,55,14.43,70.19,0.66651,56,-86.79,96.63,0.01155,3,54,226.24,77.11,0.13874,55,31.77,75.68,0.82081,56,-68.61,97.34,0.04045,3,54,236.24,81.59,0.07211,55,41.97,79.68,0.85652,56,-57.72,98.49,0.07137,3,54,259.96,102.01,0.00762,55,66.65,98.94,0.81413,56,-28.83,110.52,0.17825,2,55,97.47,102.82,0.6846,56,1.93,106.09,0.3154,2,55,120.99,98.44,0.53828,56,23.45,95.64,0.46172,2,55,163.66,81.78,0.19334,56,60.17,68.27,0.80666,2,55,191.81,63.83,0.04094,56,82.57,43.51,0.95906],"edges":[0,92,0,2,2,4,4,6,6,8,8,10,10,12,12,14,14,16,16,18,18,20,20,22,22,24,24,26,26,28,28,30,30,32,32,34,34,36,36,38,38,40,40,42,42,44,44,46,46,48,48,50,50,52,52,54,54,56,56,58,58,60,60,62,62,64,64,66,66,68,68,70,70,72,72,74,74,76,76,78,78,80,80,82,82,84,84,86,86,88,88,90,90,92]}},"lian_jy":{"lian_jy":{"x":0.5,"width":415,"height":442}},"m_zm":{"m_zm":{"x":0.5,"width":437,"height":138}},"mm":{"mm":{"y":0.5,"width":426,"height":233}},"zui_weixiao":{"zui_weixiao":{"x":-68.72,"y":-6.7,"width":229,"height":168}},"yan1":{"yan1":{"y":0.5,"width":466,"height":301}},"yan2":{"yan2":{"width":466,"height":278}},"jin":{"jin":{"type":"mesh","hull":48,"width":419,"height":384,"uvs":[0.11952,0.03635,0.13304,0.0364,0.19873,0.026,0.2915,0.02598,0.29637,0.03072,0.3553,0.01555,0.42006,0.01517,0.59535,0.13331,0.61148,0.14598,0.69998,0.18733,0.71586,0.19067,0.76615,0.20437,0.78595,0.20569,0.83286,0.19757,0.87653,0.1983,0.93418,0.22286,0.99568,0.3235,1,0.33674,1,0.43731,0.97829,0.53494,0.94496,0.61317,0.83235,0.76036,0.76367,0.82197,0.6776,0.8797,0.39689,0.99804,0.3345,1,0.27843,1,0.26239,0.99781,0.26246,0.92769,0.26826,0.91022,0.3279,0.8452,0.3377,0.82068,0.34833,0.76846,0.33165,0.69294,0.31528,0.65739,0.24743,0.5885,0.15514,0.56297,0.05173,0.48011,0.04307,0.46691,0.01885,0.34844,0.018,0.29901,0,0.15381,0,0.12711,0.00429,0.06442,0.02528,0.0125,0.04016,0,0.05024,0,0.0681,0.00974],"triangles":[30,24,25,25,28,29,26,27,28,25,26,28,25,29,30,30,31,24,24,31,23,31,32,23,22,23,33,33,23,32,21,22,33,20,21,11,10,11,21,9,10,21,34,9,21,19,20,12,15,13,14,12,13,19,11,12,20,9,34,8,34,21,33,8,35,7,5,7,4,5,6,7,35,8,34,4,7,35,13,18,19,35,36,4,4,36,38,16,13,15,13,16,18,36,37,38,4,38,2,1,2,40,2,3,4,2,38,39,16,17,18,0,1,41,40,2,39,47,0,41,41,44,47,41,1,40,43,44,42,47,44,46,44,45,46,44,41,42],"vertices":[1,62,23.23,-350.83,1,1,62,19.36,-346.69,1,1,62,-2.39,-329.36,1,1,62,-29.01,-301.03,1,1,62,-29.09,-298.3,1,1,62,-50.23,-284.29,1,1,62,-68.92,-264.62,1,1,62,-86.14,-180.03,1,1,62,-87.22,-171.77,1,1,62,-101.04,-133.87,1,1,62,-104.66,-128.14,1,1,62,-115.26,-109.18,1,1,62,-120.57,-102.79,1,1,62,-136.3,-90.6,1,1,62,-148.62,-77.07,1,1,62,-158.29,-53.01,1,2,62,-147.76,-7.77,0.99765,63,-236.73,-73.39,0.00235,2,62,-145.3,-2.97,0.99699,63,-235.61,-68.11,0.00301,2,62,-117.15,23.47,0.98287,63,-215.43,-35.18,0.01713,2,62,-83.6,42.52,0.94613,63,-188.07,-7.97,0.05387,2,62,-52.14,52.9,0.88625,63,-160.47,10.33,0.11375,2,62,21.36,57.21,0.54377,63,-90.7,33.85,0.45623,2,62,58.31,52.44,0.26573,63,-53.8,38.98,0.73427,2,62,99.15,41.33,0.0231,63,-11.47,39.03,0.9769,2,63,112.56,16.28,0.03378,64,28.7,24.1,0.96622,1,64,53.88,17.06,1,1,64,76.32,10.09,1,1,64,82.49,7.29,1,1,64,74.47,-18.41,1,2,62,225.13,-75.65,0.00012,64,70.16,-24.1,0.99988,3,62,189.82,-74.53,0.04404,63,106.52,-48.86,0.15519,64,38.89,-40.53,0.80077,3,62,180.15,-77.99,0.10526,63,98.1,-54.74,0.31374,64,32.18,-48.3,0.581,3,62,162.48,-88.47,0.3277,63,83.82,-69.51,0.46772,64,21.98,-66.13,0.20459,3,62,146.13,-113.42,0.70698,63,74.62,-97.88,0.26317,64,20.05,-95.9,0.02985,3,62,140.88,-127.77,0.83711,63,73.33,-113.11,0.15491,64,22.55,-110.97,0.00798,2,62,141.06,-166.6,0.96708,63,83.74,-150.52,0.03292,2,62,160.4,-201.49,0.99491,63,111.58,-179.09,0.00509,2,62,166.87,-254.86,0.99998,63,131.89,-228.86,0.00002,1,62,165.66,-260.98,1,1,62,139.45,-299.52,1,1,62,125.87,-312.77,1,1,62,90.39,-356.45,1,1,62,82.92,-363.47,1,1,62,64.14,-378.64,1,1,62,43.59,-385.88,1,1,62,35.82,-384.62,1,1,62,32.93,-381.55,1,1,62,30.53,-373.53,1],"edges":[0,94,0,2,2,4,4,6,6,8,8,10,10,12,12,14,14,16,16,18,18,20,20,22,22,24,24,26,26,28,28,30,30,32,32,34,34,36,36,38,38,40,40,42,42,44,44,46,46,48,48,50,50,52,52,54,54,56,56,58,58,60,60,62,62,64,64,66,66,68,68,70,70,72,72,74,74,76,76,78,78,80,80,82,82,84,84,86,86,88,88,90,90,92,92,94]}},"han":{"han":{"x":0.5,"width":279,"height":256}},"sj":{"1":{"width":256,"height":512},"2":{"width":256,"height":512},"3":{"width":256,"height":512},"4":{"width":256,"height":512},"5":{"width":256,"height":512},"6":{"width":256,"height":512},"7":{"width":256,"height":512},"8":{"width":256,"height":512}},"m_tm":{"m_tm":{"x":0.5,"y":0.5,"width":439,"height":143}},"s1":{"s1":{"y":0.5,"width":248,"height":245}},"s2":{"s2":{"width":208,"height":130}},"zui_jy":{"zui_jy":{"x":0.5,"width":103,"height":212}},"st":{"st":{"width":968,"height":500}},"c":{"c":{"x":0.5,"width":419,"height":384}},"lian_weixiao":{"lian_weixiao":{"x":0.5,"y":0.5,"width":653,"height":643}},"lhy":{"lhy":{"x":0.5,"y":0.5,"width":573,"height":381}},"kz":{"kz":{"width":562,"height":746}},"toufa1":{"toufa1":{"type":"mesh","hull":133,"width":794,"height":1070,"uvs":[0.53879,0.00116,0.60242,0.00146,0.75808,0.03805,0.7577,0.03404,0.84045,0.07097,0.84062,0.06875,0.88324,0.09433,0.90022,0.11153,0.93435,0.15344,0.97458,0.22796,0.99625,0.35832,1,0.49085,0.99937,0.50056,0.99686,0.56328,0.99443,0.69437,0.98785,0.75953,0.97888,0.80463,0.95862,0.85327,0.95258,0.86266,0.94046,0.86549,0.93982,0.86636,0.89239,0.91809,0.87412,0.93092,0.86972,0.93102,0.88233,0.8683,0.88267,0.82054,0.88002,0.79272,0.87566,0.77095,0.84707,0.81282,0.84472,0.81397,0.83839,0.79314,0.82068,0.81042,0.8085,0.82112,0.80893,0.83372,0.79576,0.83903,0.79543,0.82621,0.78053,0.82258,0.75947,0.86427,0.71764,0.91981,0.7127,0.92417,0.68148,0.96356,0.67471,0.97632,0.66886,0.99909,0.66279,0.99944,0.65066,0.98045,0.65708,0.84965,0.64986,0.79187,0.65171,0.77316,0.64504,0.75343,0.61986,0.7733,0.58489,0.80699,0.5647,0.82948,0.53836,0.86274,0.53392,0.88647,0.53202,0.8744,0.54169,0.84264,0.57432,0.76875,0.61442,0.68758,0.62617,0.65866,0.62355,0.6541,0.61858,0.65078,0.62651,0.62699,0.60099,0.63298,0.59945,0.63131,0.59943,0.58277,0.59314,0.5291,0.57903,0.52728,0.56533,0.56232,0.55366,0.56032,0.54458,0.54308,0.53493,0.51635,0.51926,0.48188,0.50165,0.47571,0.50135,0.51275,0.49655,0.52784,0.48563,0.52343,0.47018,0.52836,0.46792,0.52821,0.46088,0.51775,0.45438,0.50886,0.44045,0.51666,0.41148,0.46525,0.38066,0.39892,0.36912,0.41145,0.3677,0.43108,0.36803,0.47149,0.382,0.52916,0.37462,0.51959,0.36731,0.5116,0.3506,0.51375,0.33815,0.50419,0.31594,0.47039,0.29781,0.42272,0.2997,0.42095,0.28931,0.38974,0.28205,0.38019,0.26229,0.39793,0.27927,0.3605,0.26102,0.36348,0.23694,0.39678,0.23246,0.40369,0.21949,0.43148,0.20849,0.46823,0.20464,0.50022,0.20239,0.5037,0.18045,0.50394,0.17798,0.49848,0.16017,0.49527,0.1462,0.48147,0.11669,0.42934,0.10823,0.39235,0.09167,0.38139,0.08198,0.40885,0.08142,0.43421,0.08837,0.4516,0.06871,0.44447,0.06271,0.45115,0.05689,0.50322,0.05737,0.51818,0.06272,0.53063,0.05725,0.53852,0.03294,0.48941,0.01064,0.42515,0,0.3846,0.00423,0.29851,0.024,0.24611,0.04808,0.20607,0.10641,0.14011,0.16674,0.10189,0.2421,0.06434,0.30936,0.04007,0.37722,0.02007,0.46702,0.00601],"triangles":[21,22,23,21,23,24,21,24,20,20,24,19,19,24,25,18,19,17,17,19,25,17,25,16,25,26,16,16,26,15,26,27,15,15,27,14,27,61,14,14,61,13,13,65,12,12,65,11,10,11,65,10,71,9,9,71,8,8,4,7,7,4,6,2,4,8,8,72,2,4,5,6,3,4,2,43,44,42,42,44,41,40,44,45,41,44,40,40,45,39,39,45,38,38,45,37,37,45,36,45,46,36,34,35,33,35,32,33,35,36,32,31,32,36,36,30,31,28,29,30,47,30,36,46,47,36,28,30,27,27,30,48,30,47,48,53,54,52,52,54,55,52,55,51,51,55,56,51,56,50,50,56,49,49,56,48,56,57,48,57,58,48,27,48,58,27,58,61,58,59,61,59,60,61,62,63,61,63,64,61,61,64,13,64,65,13,66,67,69,67,68,69,69,70,66,10,65,71,71,66,70,65,66,71,75,76,78,76,77,78,74,75,73,75,78,73,78,79,73,80,81,79,73,79,72,79,81,72,71,72,8,2,72,1,0,72,81,0,81,82,87,85,86,85,87,88,89,90,88,88,90,85,90,91,85,91,92,84,85,91,84,84,92,93,84,93,83,93,94,83,83,94,82,131,82,97,97,95,96,97,82,94,94,95,97,105,106,104,104,106,103,103,106,102,102,106,108,106,107,108,108,109,102,102,109,101,100,101,110,101,109,110,100,110,99,99,110,98,110,111,98,98,127,97,72,0,1,120,121,118,120,118,119,118,121,117,117,121,116,121,122,116,115,113,114,116,122,115,113,115,112,112,115,122,122,123,112,112,123,111,123,124,111,98,111,125,125,111,124,98,125,126,98,126,127,132,0,82,97,130,131,82,131,132,127,128,97,128,129,97,97,129,130],"vertices":[4,27,-71.08,-8.66,0.22527,31,-40.88,-40.73,0.61246,35,-51.16,-60.6,0.0299,39,-78.29,-61.87,0.13236,5,27,-116.01,14.44,0.02656,31,-81.91,-11.26,0.34434,35,-80.02,-19.14,0.10192,39,-68.55,-12.3,0.49596,43,-101.46,-57.41,0.03122,3,39,-7.04,101.83,0.00667,43,-20.96,44.23,0.62641,47,-59.4,-3.02,0.36692,3,39,-11.32,102.33,0.0069,43,-25.08,45.47,0.64383,47,-63.42,-1.48,0.34927,2,43,35.2,92.85,0.00032,47,0.13,41.41,0.99968,1,47,-1.96,42.53,1,1,47,37.13,61.66,1,2,43,92.62,121.8,0.00027,47,59.5,66.12,0.99973,2,43,144.17,131.2,0.00004,47,111.6,71.76,0.99996,3,43,230.05,132.74,0,47,197.36,67.07,0.97569,48,-58.77,51.02,0.02431,1,48,81.77,52.55,1,2,48,223.03,39.68,0.73862,49,-14.72,37.98,0.26138,2,48,233.29,38.03,0.55938,49,-4.32,37.8,0.44062,1,49,62.82,37.85,1,2,49,203.08,40.2,0.51211,50,-4.15,39.99,0.48789,1,50,65.58,45.17,1,1,50,114.36,45.28,1,1,50,168.21,37.09,1,1,50,178.87,33.84,1,1,50,183.29,24.77,1,1,50,184.28,24.41,1,2,43,897.15,-190.58,0,50,244.61,-4.63,1,2,43,904.83,-209.01,0,50,260.33,-16.94,1,2,43,903.69,-212.31,0,50,260.95,-20.37,1,2,43,844.52,-179.12,0,50,193.11,-20.43,1,3,43,796.84,-160.71,0,46,99.39,126.36,0.00403,50,142.53,-27.74,0.99597,4,43,768.27,-152.11,0,45,309.02,116.88,0.00635,46,70.7,118.17,0.06446,50,113.4,-34.24,0.92919,4,43,745.26,-147.07,0,45,286.79,109.1,0.03374,46,48.61,109.99,0.26483,50,90.88,-41.12,0.70143,5,43,779.08,-184.21,0,45,335.07,95.23,0.01293,46,97.13,96.99,0.60375,49,333.33,-72.89,0,50,138.55,-56.92,0.38332,5,43,779.57,-186.38,0,45,336.62,93.63,0.01271,46,98.71,95.42,0.60086,49,334.62,-74.72,0,50,140.05,-58.58,0.38642,4,43,756.94,-183.16,0,45,315.67,84.5,0.01675,46,77.93,85.92,0.64192,50,118.75,-66.86,0.34133,4,43,769.24,-202.87,0,45,336.48,74.17,0.00344,46,98.92,75.96,0.81532,50,139.12,-78.02,0.18123,4,43,776.5,-215.98,0,45,349.54,66.82,0.00032,46,112.12,68.85,0.87718,50,151.88,-85.89,0.12249,3,43,789.23,-220.46,0,46,125.24,71.96,0.89295,50,165.16,-83.55,0.10705,3,43,790.82,-232.24,0,46,132.94,62.9,0.89224,50,172.32,-93.05,0.10776,3,43,777.9,-227.61,0,46,119.57,59.82,0.89505,50,158.8,-95.34,0.10495,3,43,770.07,-237.29,0,46,118.21,47.44,0.9333,50,156.71,-107.62,0.0667,3,43,805.83,-268.78,0,46,165.31,40.25,0.99639,50,203.31,-117.54,0.00361,2,43,849.59,-320.93,0,46,230.3,19.98,1,2,43,852.55,-326.25,0,46,235.67,17.1,1,2,43,883.15,-364.4,0,46,282.02,1.51,1,2,43,894,-374.27,0,46,296.48,-0.94,1,2,43,915.13,-387.27,0,46,321.28,-0.47,1,2,43,913.77,-391.91,0,46,322.64,-5.11,1,2,43,891.34,-393.69,0,46,304.73,-18.72,1,2,42,271.97,63.49,0.00578,46,166.72,-42.52,0.99422,2,42,214.37,40.3,0.16006,46,107.4,-60.86,0.83994,2,42,194.77,35.98,0.32294,46,87.51,-63.54,0.67706,2,42,176.05,24.87,0.72673,46,67.93,-73.06,0.27327,2,42,202.15,11.8,0.99863,46,92.86,-88.25,0.00137,3,42,244.62,-4.5,1,43,699.29,-376.58,0,46,133.84,-108.01,0,3,42,272.27,-12.97,1,43,716.1,-400.11,0,46,160.69,-118.74,0,3,42,312.36,-22.83,0.99999,43,741.94,-432.3,0,46,199.82,-131.89,0.00001,3,42,337.69,-18.95,0.99999,43,764.42,-444.62,0,46,225.39,-130.12,0.00001,3,42,325.75,-24.09,0.99999,43,751.81,-441.44,0,46,213.07,-134.25,0.00001,3,42,290.99,-26.45,0.99999,43,722.77,-422.19,0,46,178.23,-133.73,0.00001,2,42,207.82,-24.24,1,43,658.07,-369.89,0,3,38,322.13,33.07,0,42,115.49,-18.57,1,43,588.2,-309.28,0,3,38,297.2,53.64,0,42,83.17,-18.49,1,43,562.58,-289.56,0,4,38,291.89,53.6,0,41,265.18,-37.8,0.0022,42,79.1,-21.88,0.9978,43,557.28,-289.78,0,4,38,287.09,51.33,0,41,261.95,-42.02,0.00358,42,76.82,-26.68,0.99642,43,552.56,-292.21,0,4,38,266.05,66.99,0.00008,41,236.07,-37.81,0.06549,42,50.62,-27.92,0.93443,43,531,-277.27,0,4,38,264.12,45.82,0.00006,41,244.1,-57.49,0.10158,42,62.56,-45.51,0.89836,43,529.79,-298.49,0,4,38,262,45.39,0.00006,41,242.42,-58.85,0.10063,42,61.2,-47.19,0.89931,43,527.68,-299,0,4,38,214.1,65.46,0.01117,41,190.66,-63.08,0.48437,42,11.44,-62.06,0.50446,43,479.13,-280.57,0,6,37,250.65,128.64,0.00269,38,159.21,83.06,0.12484,40,298.5,-93.25,0.00238,41,133.83,-72.72,0.83265,42,-42.16,-83.27,0.03744,43,423.68,-264.83,0,6,37,247.82,117.63,0.00402,38,153.08,73.49,0.18672,40,295.66,-104.26,0.00439,41,132.79,-84.04,0.79272,42,-40.83,-94.56,0.01216,43,417.87,-274.61,0,3,38,183.45,48.95,0.22043,41,171.05,-91.84,0.77957,43,449.06,-298.1,0,3,38,177.89,41.23,0.22034,41,169.66,-101.26,0.77966,43,443.76,-306,0,6,37,262.5,89.02,0.00132,38,158.09,41.72,0.22325,40,310.33,-132.88,0.00142,41,151.87,-109.94,0.77359,42,-16.8,-115.94,0.00041,43,423.96,-306.19,0,5,37,233.39,83.65,0.01012,38,128.76,45.71,0.27042,40,281.21,-138.24,0.01207,41,123.99,-119.9,0.70739,43,394.51,-303.2,0,5,37,195.64,74.17,0.03999,38,89.93,48.5,0.49654,40,243.46,-147.69,0.04133,41,88.24,-135.29,0.42214,43,355.61,-301.72,0,5,37,187.94,60.75,0.03989,38,78.43,38.16,0.72334,40,235.76,-161.11,0.03273,41,82.79,-149.77,0.20404,43,344.47,-312.45,0,5,37,227.43,57.38,0.00105,38,114.89,22.62,0.98758,40,275.24,-164.5,0.00132,41,122.31,-146.78,0.01005,43,381.43,-326.75,0,2,38,128.31,12.86,1,43,395.17,-336.05,0,5,37,237.83,44.02,0.00001,38,120.6,6.68,0.99888,40,285.64,-177.86,0.0001,41,134.71,-158.3,0.00101,43,387.68,-342.48,0,1,38,120.72,-6.67,1,1,38,119.87,-8.26,1,1,38,107.4,-9.08,1,1,38,96.63,-10.17,1,1,38,100.05,-23.6,1,1,38,40.42,-23.54,1,3,32,163.83,194.09,0.0052,33,79.52,177.45,0.05063,37,98.41,-28.49,0.94418,3,32,180.05,194.97,0.0066,33,95.01,172.55,0.09412,37,111.06,-38.69,0.89928,3,32,197.42,206.82,0.00258,33,115.44,177.53,0.1044,37,131.9,-41.48,0.89302,2,33,156.77,190.26,0.09348,37,175.03,-44.65,0.90652,2,33,212.65,218.68,0.08439,37,237.42,-38.49,0.91561,2,33,204.53,210.12,0.08497,37,226.75,-43.51,0.91503,2,33,198.02,202.1,0.08574,37,217.77,-48.62,0.91426,2,33,204.05,190.06,0.08631,37,219,-62.03,0.91369,2,33,197.11,177.64,0.08751,37,208.03,-71.07,0.91249,3,32,255.8,199.73,0.00005,33,167.57,150.32,0.09826,37,170.58,-85.78,0.90169,4,32,224.02,157.31,0.01032,33,122.89,121.82,0.13952,34,56.52,108.9,0.00046,37,118.59,-96.09,0.84969,4,32,221.61,157.36,0.01112,33,120.65,122.71,0.14176,34,54.74,110.52,0.00056,37,116.82,-94.44,0.84656,5,32,200.09,130.51,0.04178,33,91.05,105.17,0.23489,34,20.86,104.51,0.00737,36,247.96,-62.03,0.00033,37,82.87,-100.02,0.71563,5,32,195.48,119.72,0.0571,33,82.93,96.7,0.29246,34,10.28,99.44,0.01402,36,239.92,-70.57,0.00179,37,72.23,-104.96,0.63463,4,32,220.08,118.79,0.05439,33,105.63,87.16,0.30154,34,28.17,82.53,0.01241,37,89.9,-122.1,0.63166,5,32,180.08,105.18,0.08779,33,63.39,88.51,0.40285,34,-10.89,98.64,0.03589,36,220.46,-78.93,0.01082,37,51.05,-105.48,0.46265,5,32,191.42,95.61,0.07113,33,70.63,75.56,0.55545,34,-8.66,83.97,0.10701,36,227.81,-91.82,0.00734,37,53.09,-120.18,0.25907,5,32,231.33,102.05,0.01041,33,110.26,67.53,0.43289,34,25.61,62.52,0.49661,36,267.51,-99.5,0.0001,37,87.08,-142.07,0.05998,4,32,239.37,103.72,0.00593,33,118.36,66.26,0.35488,34,32.75,58.48,0.59594,37,94.17,-146.2,0.04325,3,33,149.81,64.98,0.10744,34,61.74,46.23,0.88344,37,123,-158.82,0.00912,3,33,189.98,67.96,0.00642,34,100.39,34.89,0.99342,37,161.51,-170.65,0.00017,1,34,134.35,29.57,1,1,34,137.93,27.54,1,1,34,137.03,10.14,1,1,34,131.07,8.57,1,2,34,126.71,-5.31,1,43,267.72,-573.34,0,2,34,111.23,-15.4,1,43,249.97,-578.46,0,4,29,168.88,67.38,0.01161,30,54.6,59.61,0.00628,34,54.02,-35.06,0.98211,43,189.51,-580.54,0,5,29,131.2,53.53,0.16723,30,15.22,51.79,0.09309,33,135.21,-31.68,0.1075,34,14.08,-39.14,0.63218,43,150.13,-572.77,0,5,29,122.08,38.46,0.37442,30,3.87,38.32,0.26002,33,127.78,-47.66,0.12976,34,1.51,-51.48,0.2358,43,134.5,-580.9,0,5,29,152.37,36.27,0.04926,30,33.45,31.45,0.90426,33,158.13,-46.54,0.01287,34,30.31,-61.1,0.0336,43,159.23,-598.52,0,4,30,60.59,31.76,0.9971,33,184.24,-39.14,0.00029,34,57.36,-63.35,0.00261,43,184.44,-608.58,0,3,29,196.41,49.62,0.00014,30,79.03,37.79,0.99986,43,203.79,-610.03,0,3,30,71.84,21.97,0.99944,34,67.64,-74.15,0.00056,43,191.11,-621.91,0,3,29,199.66,29.5,0,30,79.12,17.41,1,43,196.11,-628.9,0,2,30,134.94,14.34,1,34,129.74,-87.7,0,2,30,150.93,15.17,1,34,145.73,-88.38,0,2,30,164.13,19.78,1,34,159.31,-85.03,0,2,30,172.69,15.67,1,34,167.45,-89.93,0,2,30,120.7,-5.08,1,34,113.73,-105.69,0,1,30,52.45,-24.69,1,2,29,138.76,-32.47,0.31004,30,9.32,-34.34,0.68996,1,29,47.59,-46.02,1,2,28,147.46,-41.82,0.54675,29,-10.4,-40.84,0.45325,2,28,100.99,-48.27,0.97949,29,-56.02,-29.88,0.02051,2,27,302.37,-31,0.08333,28,16.59,-46.31,0.91667,2,27,241.16,-45.87,0.95205,28,-43.46,-27.3,0.04795,1,27,169.63,-54.7,1,1,27,110.26,-53.75,1,1,27,52.52,-48.52,1,3,27,-17.89,-29.75,0.88131,31,8.63,-69.43,0.11474,39,-83.81,-118.83,0.00395],"edges":[0,264,0,2,2,4,4,6,6,8,8,10,10,12,12,14,14,16,16,18,18,20,20,22,22,24,24,26,26,28,28,30,30,32,32,34,34,36,36,38,38,40,40,42,42,44,44,46,46,48,48,50,50,52,52,54,54,56,56,58,58,60,60,62,62,64,64,66,66,68,68,70,70,72,72,74,74,76,76,78,78,80,80,82,82,84,84,86,86,88,88,90,90,92,92,94,94,96,96,98,98,100,100,102,102,104,104,106,106,108,108,110,110,112,112,114,114,116,116,118,118,120,120,122,122,124,124,126,126,128,128,130,130,132,132,134,134,136,136,138,138,140,140,142,142,144,144,146,146,148,148,150,150,152,152,154,154,156,156,158,158,160,160,162,162,164,164,166,166,168,168,170,170,172,172,174,174,176,176,178,178,180,180,182,182,184,184,186,186,188,188,190,190,192,192,194,194,196,196,198,198,200,200,202,202,204,204,206,206,208,208,210,210,212,212,214,214,216,216,218,218,220,220,222,222,224,224,226,226,228,228,230,230,232,232,234,234,236,236,238,238,240,240,242,242,244,244,246,246,248,248,250,250,252,252,254,254,256,256,258,258,260,260,262,262,264]}},"zui_a":{"zui_a":{"y":0.5,"width":126,"height":189}},"yifu":{"yifu":{"width":894,"height":382}},"zui_tian":{"zui_tian":{"type":"mesh","hull":14,"width":151,"height":293,"uvs":[0.27011,0,0.27601,0.05899,0.34767,0.12996,0.84302,0.19222,1,0.39382,1,0.434,0.81641,0.7006,0.3427,1,0.27957,1,0.1518,0.93854,0.0011,0.34283,0.02145,0.31194,0.00026,0.10301,0.24744,0],"triangles":[6,7,9,9,7,8,6,9,2,1,2,11,13,1,12,13,0,1,9,10,2,10,11,2,4,5,2,5,6,2,2,3,4,1,11,12],"vertices":[1,51,-58.78,-79.34,1,1,51,-43.35,-71.51,1,1,51,-28.74,-53.18,1,1,51,-42.45,22.58,1,2,51,1.9,68.24,0.98322,52,-58.26,89.66,0.01678,2,51,12.66,73.02,0.9679,52,-46.57,91.02,0.0321,2,51,95.3,79.41,0.36483,52,34.22,72.51,0.63517,1,52,129.62,11.59,1,1,52,130.72,2.12,1,1,52,115.06,-19.13,1,2,51,49.51,-75.67,0.98198,52,-55.68,-61.89,0.01802,2,51,39.99,-76.53,0.99329,52,-65.03,-59.88,0.00671,1,51,-14.65,-104.32,1,1,51,-57.39,-82.47,1],"edges":[0,26,0,2,2,4,4,6,6,8,8,10,10,12,12,14,14,16,16,18,18,20,20,22,22,24,24,26]}},"bozi":{"bozi":{"type":"mesh","hull":29,"width":412,"height":603,"uvs":[0.55676,0,0.65134,0.00573,0.74751,0.04134,0.90432,0.30685,0.95219,0.38731,0.98984,0.43414,1,0.51246,1,0.52229,0.89394,0.63259,0.75977,0.71694,0.56735,0.73666,0.52544,0.72881,0.4152,0.68561,0.37851,0.56076,0.3772,0.55491,0.31592,0.46944,0.25021,0.46102,0.19926,0.50263,0.20112,0.49035,0.24837,0.45556,0.22741,0.38887,0.17287,0.42073,0.18288,0.4044,0.22726,0.38801,0.09761,0.27481,0.16872,0.177,0.24835,0.10728,0.38239,0.03614,0.55198,0],"triangles":[3,15,2,27,2,20,15,3,14,17,18,16,18,19,16,2,0,1,0,2,27,27,28,0,15,20,2,15,16,19,15,19,20,26,27,23,21,22,20,22,23,20,27,20,23,24,25,23,23,25,26,9,10,13,13,10,11,8,9,13,13,11,12,7,8,6,6,8,4,4,8,14,8,13,14,14,3,4,6,4,5],"vertices":[1,61,245.85,-105.97,1,2,60,354.08,-122.05,0.00003,61,224.64,-138.85,0.99997,2,60,318.55,-149.78,0.00366,61,187.19,-163.91,0.99634,2,60,145.98,-144.99,0.44475,61,15.42,-146.51,0.55525,2,60,93.62,-143.67,0.7529,61,-36.7,-141.37,0.2471,2,60,61.54,-146.6,0.87574,61,-68.91,-141.94,0.12426,2,60,16.57,-131.55,0.96739,61,-112.65,-123.65,0.03261,2,60,11.14,-129.18,0.97167,61,-117.9,-120.89,0.02833,1,60,-32.35,-62.54,1,1,60,-56.87,8.46,1,1,60,-36.08,85.88,1,2,60,-24.84,99.82,0.99933,61,-137.03,110.13,0.00067,2,60,17.2,131.03,0.97659,61,-92.83,138.19,0.02341,2,60,92.25,114.79,0.71091,61,-19.17,116.5,0.28909,2,60,95.7,113.88,0.68202,61,-15.8,115.34,0.31798,2,60,153.03,116.41,0.20087,61,41.57,113.68,0.79913,2,60,168.51,139.2,0.09476,61,58.67,135.27,0.90524,2,60,153.9,168.47,0.07516,61,46.25,165.53,0.92484,2,60,160.39,164.81,0.07568,61,52.44,161.4,0.92432,2,60,171.83,138.58,0.09563,61,61.94,134.41,0.90437,2,60,212.14,130.41,0.02828,61,101.55,123.32,0.97172,2,60,203.52,158.69,0.01012,61,95.01,152.15,0.98988,2,60,210.89,150.97,0.0109,61,101.8,143.91,0.9891,2,60,212.64,130.26,0.02771,61,102.04,123.13,0.97229,1,61,187.32,138.61,1,1,61,225.86,85.21,1,1,61,247.79,36.6,1,1,61,260.03,-32.25,1,1,61,246.77,-104.23,1],"edges":[0,56,0,2,2,4,4,6,6,8,8,10,10,12,12,14,14,16,16,18,18,20,20,22,22,24,24,26,26,28,28,30,30,32,32,34,34,36,36,38,38,40,40,42,42,44,44,46,46,48,48,50,50,52,52,54,54,56]}},"toufa2":{"toufa2":{"type":"mesh","hull":24,"width":339,"height":684,"uvs":[0.42544,0,0.36431,0.21129,0.37361,0.23412,0.45453,0.34502,0.56243,0.34428,0.61745,0.31412,0.60637,0.57976,0.73296,0.56843,0.92657,0.62431,1,0.78007,0.99415,0.87667,0.60758,0.96424,0.39368,0.85362,0.33714,0.88417,0.37414,1,0.3458,1,0.21829,0.92496,0.11222,0.73104,0.04634,0.7443,0.00011,0.67937,0,0.63599,0,0.52166,0.05703,0.14803,0.13414,0],"triangles":[20,17,19,6,17,20,18,19,17,12,17,6,8,9,6,13,17,12,6,7,8,16,17,13,6,9,12,10,11,9,11,12,9,14,15,13,16,13,15,6,4,5,6,20,21,3,4,6,3,6,21,1,23,0,22,23,1,2,21,22,2,22,1,21,2,3],"vertices":[1,57,-111.7,94.37,1,2,57,33.41,78.23,0.99096,58,-135.42,92.72,0.00904,2,57,48.92,81.88,0.97465,58,-119.61,94.74,0.02535,3,57,123.87,111.69,0.62642,58,-41.98,116.66,0.36539,59,-161.31,144.98,0.00819,3,57,122.2,148.24,0.4746,58,-39.86,153.18,0.50947,59,-153.25,180.66,0.01593,3,57,100.99,166.23,0.47009,58,-59.1,173.26,0.51754,59,-168.95,203.62,0.01236,3,57,282.72,168.22,0.03298,58,121.86,156.47,0.36523,59,6.84,157.47,0.60179,3,57,273.62,210.87,0.005,58,117.21,199.83,0.20581,59,9.34,201,0.78919,2,58,160.05,262.54,0.11083,59,61.86,255.87,0.88917,2,58,268.1,279.72,0.02792,59,171.26,255.16,0.97208,2,58,333.86,273,0.00787,59,235.04,237.77,0.99213,1,59,262.62,96.35,1,2,58,303.52,71.1,0.00021,59,172.09,43.55,0.99979,1,59,187.92,20.02,1,1,59,267.89,13.69,1,1,59,265.64,4.34,1,1,59,205.62,-25.67,1,1,59,68.25,-29.6,1,1,59,71.85,-53.44,1,2,58,175.06,-53.42,0.10499,59,25,-58.29,0.89501,2,58,145.46,-51.32,0.45866,59,-3.86,-51.39,0.54134,1,58,67.46,-45.71,1,1,57,-6.54,-27.25,1,1,57,-108.57,-4.33,1],"edges":[0,46,0,2,2,4,4,6,6,8,8,10,10,12,12,14,14,16,16,18,18,20,20,22,22,24,24,26,26,28,28,30,30,32,32,34,34,36,36,38,38,40,40,42,42,44,44,46]}},"toufa3":{"toufa3":{"x":0.5,"y":0.5,"width":289,"height":639}},"lian_kou_huo":{"lian_kou_huo":{"x":0.5,"width":653,"height":670}}}}],"events":{"shoot_sperm":{}},"animations":{"han":{"slots":{"jin":{"attachment":[{"name":"jin"}]},"lian_weixiao":{"attachment":[{"name":"lian_weixiao"}]},"han":{"attachment":[{"name":"han"}]},"lian_kou_huo":{"attachment":[{"name":null}]},"zui_tian":{"attachment":[{"name":null}]}},"bones":{"tou":{"rotate":[{},{"time":1,"angle":3},{"time":2}],"translate":[{},{"time":1,"x":-37.42,"y":-23.11},{"time":2}]},"bozi":{"scale":[{},{"time":0.6667,"x":0.961,"y":1.395},{"time":1.3333,"x":0.961,"y":1.092},{"time":2}]},"yan2":{"translate":[{},{"time":1,"y":6.22},{"time":2}]},"m_tm":{"rotate":[{},{"time":1,"angle":-2.43},{"time":2}],"translate":[{},{"time":1,"x":-9.25,"y":-13.87},{"time":2}]},"lhy":{"translate":[{},{"time":1,"x":-22.17,"y":4.88},{"time":2}]},"s2":{"translate":[{},{"time":0.6667,"x":2.11,"y":9.53},{"time":1.3333,"x":14.23,"y":2.59},{"time":2}]},"dd":{"scale":[{},{"time":0.6667,"x":1.05},{"time":1.3333,"x":1.05,"y":1.05},{"time":2}]},"han":{"translate":[{"x":9.21,"y":18.19}]},"jin":{"translate":[{"x":4.18,"y":-0.37}],"scale":[{},{"time":1,"y":0.979},{"time":2}]},"s1":{"translate":[{},{"time":0.6667,"x":28.85,"y":10.18},{"time":1.3333,"x":40.73,"y":32.24},{"time":2}]},"toufa5":{"rotate":[{},{"time":1,"angle":-1.24},{"time":2}]},"toufa6":{"rotate":[{},{"time":1,"angle":-5.32},{"time":2}]},"toufa9":{"rotate":[{},{"time":0.6667,"angle":-5.72},{"time":2}]},"toufa10":{"rotate":[{},{"time":1,"angle":-1.18},{"time":2}]},"toufa11":{"rotate":[{},{"time":1.3333,"angle":-2.93},{"time":2}]},"toufa13":{"rotate":[{},{"time":1.3333,"angle":-6.11},{"time":2}]},"toufa18":{"rotate":[{},{"time":1,"angle":-2.67},{"time":2}]},"toufa19":{"rotate":[{"time":0.5},{"time":1.2667,"angle":-3.54},{"time":2}]},"toufa22":{"rotate":[{},{"time":1,"angle":-2.67},{"time":2}]},"toufa23":{"rotate":[{"time":0.5},{"time":1.2667,"angle":-3.54},{"time":2}]},"zui_tian3":{"rotate":[{},{"time":0.6667,"angle":14.25},{"time":1.3333,"angle":-18.16},{"time":2}]},"dd2":{"rotate":[{"angle":-0.67}]},"dd4":{"rotate":[{},{"time":0.6667,"angle":7.14},{"time":1.3333,"angle":-5.34},{"time":2}]},"toufa29":{"rotate":[{},{"time":1,"angle":18.44},{"time":2}]},"bozi3":{"rotate":[{},{"time":1,"angle":5.16},{"time":2}]},"bozi2":{"rotate":[{},{"time":1,"angle":8.07},{"time":2}]},"jin4":{"rotate":[{},{"time":0.6667,"angle":4.66},{"time":1.3333,"angle":7.77},{"time":2}]}}},"han2":{"slots":{"jin":{"attachment":[{"name":"jin"}]},"yan1":{"attachment":[{"name":"yan1"}]},"yan2":{"attachment":[{"name":null}]},"lian_weixiao":{"attachment":[{"name":"lian_weixiao"}]},"lian_kou_huo":{"attachment":[{"name":null}]},"zui_tian":{"attachment":[{"name":null}]}},"bones":{"tou":{"rotate":[{},{"time":1,"angle":6.38},{"time":2}],"translate":[{},{"time":1,"x":-68.39,"y":-76.2},{"time":2}]},"bozi":{"scale":[{},{"time":0.6667,"x":0.961,"y":1.395},{"time":1.3333,"x":0.961,"y":1.092},{"time":2}]},"yan1":{"translate":[{},{"time":1,"y":6.22},{"time":2}]},"yan2":{"translate":[{},{"time":1,"y":6.22},{"time":2}]},"m_tm":{"rotate":[{},{"time":1,"angle":-2.43},{"time":2}],"translate":[{},{"time":1,"x":-9.25,"y":-13.87},{"time":2}]},"lhy":{"translate":[{},{"time":1,"x":-22.17,"y":4.88},{"time":2}]},"s2":{"translate":[{},{"time":0.6667,"x":2.11,"y":9.53},{"time":1.3333,"x":14.23,"y":2.59},{"time":2}]},"dd":{"translate":[{},{"time":0.6667,"x":11.61,"y":16.59},{"time":1.3333,"x":38.16,"y":29.86},{"time":2}],"scale":[{},{"time":0.6667,"x":1.05},{"time":1.3333,"x":1.05,"y":1.05},{"time":2}]},"han":{"translate":[{"x":9.21,"y":18.19}]},"jin":{"translate":[{"x":4.18,"y":-0.37}],"scale":[{"y":0.857},{"time":1},{"time":2,"y":0.857}]},"s1":{"translate":[{},{"time":0.6667,"x":28.85,"y":10.18},{"time":1.3333,"x":40.73,"y":32.24},{"time":2}]},"toufa5":{"rotate":[{},{"time":1,"angle":-1.24},{"time":2}]},"toufa6":{"rotate":[{},{"time":1,"angle":-5.32},{"time":2}]},"toufa9":{"rotate":[{},{"time":0.6667,"angle":-5.72},{"time":2}]},"toufa10":{"rotate":[{},{"time":1,"angle":-1.18},{"time":2}]},"toufa11":{"rotate":[{},{"time":1.3333,"angle":-2.93},{"time":2}]},"toufa13":{"rotate":[{},{"time":1.3333,"angle":-6.11},{"time":2}]},"toufa18":{"rotate":[{},{"time":1,"angle":-2.67},{"time":2}]},"toufa19":{"rotate":[{"time":0.5},{"time":1.2667,"angle":-3.54},{"time":2}]},"toufa22":{"rotate":[{},{"time":1,"angle":-2.67},{"time":2}]},"toufa23":{"rotate":[{"time":0.5},{"time":1.2667,"angle":-3.54},{"time":2}]},"zui_tian3":{"rotate":[{},{"time":0.6667,"angle":14.25},{"time":1.3333,"angle":-18.16},{"time":2}]},"dd2":{"rotate":[{"angle":-0.67}],"scale":[{},{"time":1,"x":1.14},{"time":2}]},"dd4":{"rotate":[{},{"time":0.6667,"angle":-20.14},{"time":1.3333,"angle":-5.34},{"time":2}]},"toufa29":{"rotate":[{},{"time":1,"angle":18.44},{"time":2}]},"bozi3":{"rotate":[{},{"time":1,"angle":5.16},{"time":2}]},"bozi2":{"rotate":[{},{"time":1,"angle":8.07},{"time":2}]},"jin4":{"rotate":[{"angle":8.07},{"time":0.5,"angle":1.93},{"time":2,"angle":8.07}]},"jin3":{"rotate":[{},{"time":0.5,"angle":2.66},{"time":1,"angle":-1.41},{"time":1.3333,"angle":8.5},{"time":2}]}}},"jieshu":{"slots":{"yan1":{"attachment":[{"name":"yan1"}]},"m_zm":{"attachment":[{"name":"m_zm"}]},"lian_jy":{"attachment":[{"name":"lian_jy"}]},"yan2":{"attachment":[{"name":null}]},"lian_weixiao":{"attachment":[{"name":"lian_weixiao"}]},"zui_a":{"attachment":[{"name":"zui_a"}]},"zui_jy":{"attachment":[{"name":"zui_jy"}]},"lian_kou_huo":{"attachment":[{"name":null}]},"m_tm":{"attachment":[{"name":null}]},"zui_tian":{"attachment":[{"name":null}]}},"bones":{"tou":{"translate":[{},{"time":1,"y":-17.37},{"time":2}]},"yan1":{"translate":[{},{"time":1,"y":-0.64},{"time":2}],"scale":[{},{"time":1,"y":1.046},{"time":2}]},"yan2":{"translate":[{},{"time":1,"y":6.22},{"time":2}]},"m_zm":{"rotate":[{},{"time":1,"angle":-2.43},{"time":2}],"translate":[{},{"time":1,"x":-9.25,"y":-13.87},{"time":2}]},"m_tm":{"rotate":[{},{"time":1,"angle":-2.43},{"time":2}],"translate":[{},{"time":1,"x":-9.25,"y":-13.87},{"time":2}]},"lhy":{"translate":[{},{"time":1,"x":-22.17,"y":4.88},{"time":2}]},"s2":{"translate":[{},{"time":1,"x":2.11,"y":9.53},{"time":2}]},"s1":{"translate":[{},{"time":1,"x":28.85,"y":10.18},{"time":2}]},"toufa5":{"rotate":[{},{"time":1,"angle":-1.24},{"time":2}]},"toufa6":{"rotate":[{},{"time":1,"angle":-5.32},{"time":2}]},"toufa9":{"rotate":[{},{"time":0.6667,"angle":-5.72},{"time":2}]},"toufa10":{"rotate":[{},{"time":1,"angle":-1.18},{"time":2}]},"toufa11":{"rotate":[{},{"time":1.3333,"angle":-2.93},{"time":2}]},"toufa13":{"rotate":[{},{"time":1.3333,"angle":-6.11},{"time":2}]},"toufa18":{"rotate":[{},{"time":1,"angle":-2.67},{"time":2}]},"toufa19":{"rotate":[{"time":0.5},{"time":1.2667,"angle":-3.54},{"time":2}]},"toufa22":{"rotate":[{},{"time":1,"angle":-2.67},{"time":2}]},"toufa23":{"rotate":[{"time":0.5},{"time":1.2667,"angle":-3.54},{"time":2}]},"zui_tian3":{"rotate":[{},{"time":0.6667,"angle":14.25},{"time":1.3333,"angle":-18.16},{"time":2}]},"toufa29":{"rotate":[{},{"time":1,"angle":18.44},{"time":2}]},"shengti":{"translate":[{},{"time":1,"y":-16.07},{"time":2}],"scale":[{},{"time":1,"y":0.97},{"time":2}]}}},"jingtai":{"slots":{"yan1":{"attachment":[{"name":"yan1"}]},"m_zm":{"attachment":[{"name":"m_zm"}]},"yan2":{"attachment":[{"name":null}]},"zui_weixiao":{"attachment":[{"name":"zui_weixiao"}]},"lian_weixiao":{"attachment":[{"name":"lian_weixiao"}]},"lian_kou_huo":{"attachment":[{"name":null}]},"m_tm":{"attachment":[{"name":null}]},"zui_tian":{"attachment":[{"name":null}]}},"bones":{"tou":{"translate":[{},{"time":1,"y":-17.37},{"time":2}]},"yan1":{"translate":[{},{"time":1,"y":-0.64},{"time":2}],"scale":[{},{"time":1,"y":1.046},{"time":2}]},"yan2":{"translate":[{},{"time":1,"y":6.22},{"time":2}]},"m_zm":{"rotate":[{},{"time":1,"angle":-2.43},{"time":2}],"translate":[{},{"time":1,"x":-9.25,"y":-13.87},{"time":2}]},"m_tm":{"rotate":[{},{"time":1,"angle":-2.43},{"time":2}],"translate":[{},{"time":1,"x":-9.25,"y":-13.87},{"time":2}]},"lhy":{"translate":[{},{"time":1,"x":-22.17,"y":4.88},{"time":2}]},"s2":{"translate":[{},{"time":1,"x":2.11,"y":9.53},{"time":2}]},"s1":{"translate":[{},{"time":1,"x":28.85,"y":10.18},{"time":2}]},"toufa5":{"rotate":[{},{"time":1,"angle":-1.24},{"time":2}]},"toufa6":{"rotate":[{},{"time":1,"angle":-5.32},{"time":2}]},"toufa9":{"rotate":[{},{"time":0.6667,"angle":-5.72},{"time":2}]},"toufa10":{"rotate":[{},{"time":1,"angle":-1.18},{"time":2}]},"toufa11":{"rotate":[{},{"time":1.3333,"angle":-2.93},{"time":2}]},"toufa13":{"rotate":[{},{"time":1.3333,"angle":-6.11},{"time":2}]},"toufa18":{"rotate":[{},{"time":1,"angle":-2.67},{"time":2}]},"toufa19":{"rotate":[{"time":0.5},{"time":1.2667,"angle":-3.54},{"time":2}]},"toufa22":{"rotate":[{},{"time":1,"angle":-2.67},{"time":2}]},"toufa23":{"rotate":[{"time":0.5},{"time":1.2667,"angle":-3.54},{"time":2}]},"zui_tian3":{"rotate":[{},{"time":0.6667,"angle":14.25},{"time":1.3333,"angle":-18.16},{"time":2}]},"toufa29":{"rotate":[{},{"time":1,"angle":18.44},{"time":2}]},"shengti":{"translate":[{},{"time":1,"y":-16.07},{"time":2}],"scale":[{},{"time":1,"y":0.97},{"time":2}]}}},"tian":{"bones":{"tou":{"rotate":[{},{"time":0.6667,"angle":3},{"time":1.3333,"angle":-0.57},{"time":2}],"translate":[{},{"time":0.6667,"x":-14.99,"y":12.85},{"time":1.3333,"x":4.53,"y":-13.72},{"time":2}]},"bozi":{"scale":[{},{"time":0.6667,"x":0.961,"y":1.395},{"time":1.3333,"x":0.961,"y":1.092},{"time":2}]},"yan2":{"translate":[{},{"time":1,"y":6.22},{"time":2}]},"m_tm":{"rotate":[{},{"time":1,"angle":-2.43},{"time":2}],"translate":[{},{"time":1,"x":-9.25,"y":-13.87},{"time":2}]},"lhy":{"translate":[{},{"time":1,"x":-22.17,"y":4.88},{"time":2}]},"s2":{"translate":[{},{"time":0.6667,"x":2.11,"y":9.53},{"time":1.3333,"x":14.23,"y":2.59},{"time":2}]},"dd":{"scale":[{},{"time":0.6667,"x":1.05},{"time":1.3333,"x":1.05,"y":1.05},{"time":2}]},"s1":{"translate":[{},{"time":0.6667,"x":28.85,"y":10.18},{"time":1.3333,"x":40.73,"y":32.24},{"time":2}]},"toufa5":{"rotate":[{},{"time":1,"angle":-1.24},{"time":2}]},"toufa6":{"rotate":[{},{"time":1,"angle":-5.32},{"time":2}]},"toufa9":{"rotate":[{},{"time":0.6667,"angle":-5.72},{"time":2}]},"toufa10":{"rotate":[{},{"time":1,"angle":-1.18},{"time":2}]},"toufa11":{"rotate":[{},{"time":1.3333,"angle":-2.93},{"time":2}]},"toufa13":{"rotate":[{},{"time":1.3333,"angle":-6.11},{"time":2}]},"toufa18":{"rotate":[{},{"time":1,"angle":-2.67},{"time":2}]},"toufa19":{"rotate":[{"time":0.5},{"time":1.2667,"angle":-3.54},{"time":2}]},"toufa22":{"rotate":[{},{"time":1,"angle":-2.67},{"time":2}]},"toufa23":{"rotate":[{"time":0.5},{"time":1.2667,"angle":-3.54},{"time":2}]},"zui_tian3":{"rotate":[{},{"time":0.6667,"angle":14.25},{"time":1.3333,"angle":-18.16},{"time":2}]},"dd3":{"rotate":[{},{"time":1,"angle":5.18},{"time":2}]},"dd4":{"rotate":[{},{"time":1,"angle":6.09},{"time":2}]},"dd5":{"rotate":[{},{"time":0.6667,"angle":-8.61},{"time":1.3333,"angle":6.59},{"time":2}]},"toufa29":{"rotate":[{},{"time":1,"angle":18.44},{"time":2}]},"shengti":{"translate":[{},{"time":0.6667,"x":-21.18,"y":-17.8},{"time":1.3333,"x":-9.89,"y":-17.8},{"time":2}],"scale":[{},{"time":0.6667,"y":0.96},{"time":2}]}}},"tian2":{"slots":{"yan1":{"attachment":[{"name":"yan1"}]},"yan2":{"attachment":[{"name":null}]}},"bones":{"tou":{"rotate":[{},{"time":0.6667,"angle":3},{"time":1.3333,"angle":-0.57},{"time":2}],"translate":[{},{"time":0.6667,"x":-14.99,"y":12.85},{"time":1.3333,"x":4.53,"y":-13.72},{"time":2}]},"bozi":{"scale":[{},{"time":0.6667,"x":0.961,"y":1.395},{"time":1.3333,"x":0.961,"y":1.092},{"time":2}]},"yan1":{"translate":[{},{"time":1,"y":6.22},{"time":2}]},"yan2":{"translate":[{},{"time":1,"y":6.22},{"time":2}]},"m_tm":{"rotate":[{},{"time":1,"angle":-2.43},{"time":2}],"translate":[{},{"time":1,"x":-9.25,"y":-13.87},{"time":2}]},"lhy":{"translate":[{},{"time":1,"x":-22.17,"y":4.88},{"time":2}]},"s2":{"translate":[{},{"time":0.6667,"x":2.11,"y":9.53},{"time":1.3333,"x":14.23,"y":2.59},{"time":2}]},"dd":{"scale":[{},{"time":0.6667,"x":1.05},{"time":1.3333,"x":1.05,"y":1.05},{"time":2}]},"s1":{"translate":[{},{"time":0.6667,"x":28.85,"y":10.18},{"time":1.3333,"x":40.73,"y":32.24},{"time":2}]},"toufa5":{"rotate":[{},{"time":1,"angle":-1.24},{"time":2}]},"toufa6":{"rotate":[{},{"time":1,"angle":-5.32},{"time":2}]},"toufa9":{"rotate":[{},{"time":0.6667,"angle":-5.72},{"time":2}]},"toufa10":{"rotate":[{},{"time":1,"angle":-1.18},{"time":2}]},"toufa11":{"rotate":[{},{"time":1.3333,"angle":-2.93},{"time":2}]},"toufa13":{"rotate":[{},{"time":1.3333,"angle":-6.11},{"time":2}]},"toufa18":{"rotate":[{},{"time":1,"angle":-2.67},{"time":2}]},"toufa19":{"rotate":[{"time":0.5},{"time":1.2667,"angle":-3.54},{"time":2}]},"toufa22":{"rotate":[{},{"time":1,"angle":-2.67},{"time":2}]},"toufa23":{"rotate":[{"time":0.5},{"time":1.2667,"angle":-3.54},{"time":2}]},"zui_tian3":{"rotate":[{},{"time":0.6667,"angle":14.25},{"time":1.3333,"angle":-18.16},{"time":2}]},"dd3":{"rotate":[{},{"time":1,"angle":5.18},{"time":2}]},"dd4":{"rotate":[{},{"time":1,"angle":6.09},{"time":2}]},"dd5":{"rotate":[{},{"time":0.6667,"angle":-8.61},{"time":1.3333,"angle":6.59},{"time":2}]},"toufa29":{"rotate":[{},{"time":1,"angle":18.44},{"time":2}]},"shengti":{"translate":[{},{"time":0.6667,"x":-21.18,"y":-17.8},{"time":1.3333,"x":-9.89,"y":-17.8},{"time":2}],"scale":[{},{"time":0.6667,"y":0.96},{"time":2}]}}},"zhangkai":{"slots":{"jin":{"attachment":[{"time":0.9,"name":"jin"}]},"yan1":{"attachment":[{"name":"yan1"}]},"yan2":{"attachment":[{"name":null}]},"han":{"attachment":[{"time":0.9,"name":"han"}]},"lian_weixiao":{"attachment":[{"name":"lian_weixiao"},{"time":2,"name":null}]},"zui_a":{"attachment":[{"name":"zui_a"},{"time":0.9,"name":null}]},"lhy":{"attachment":[{"time":1.3333,"name":null}]},"lian_kou_huo":{"attachment":[{"name":null},{"time":1.3333,"name":"lian_kou_huo"}]},"zui_tian":{"attachment":[{"name":null}]}},"bones":{"tou":{"rotate":[{},{"time":1,"angle":3},{"time":2}],"translate":[{"x":34.67,"y":17.33},{"time":1,"x":-37.42,"y":-23.11},{"time":2}]},"bozi":{"scale":[{},{"time":0.6667,"x":0.961,"y":1.395},{"time":1.3333,"x":0.961,"y":1.092},{"time":2}]},"zui_weixiao":{"scale":[{},{"time":0.5,"y":1.176}]},"yan2":{"translate":[{},{"time":1,"y":6.22},{"time":2}]},"m_tm":{"rotate":[{},{"time":1,"angle":-2.43},{"time":2}],"translate":[{},{"time":1,"x":-9.25,"y":-13.87},{"time":2}]},"lhy":{"translate":[{},{"time":1,"x":-22.17,"y":4.88},{"time":2}]},"s2":{"translate":[{},{"time":0.6667,"x":2.11,"y":9.53},{"time":1.3333,"x":14.23,"y":2.59},{"time":2}]},"dd":{"scale":[{},{"time":0.6667,"x":1.05},{"time":1.3333,"x":1.05,"y":1.05},{"time":2}]},"han":{"translate":[{"x":9.21,"y":18.19}]},"jin":{"translate":[{"x":4.18,"y":-0.37}],"scale":[{},{"time":1,"y":0.979},{"time":2}]},"s1":{"translate":[{},{"time":0.6667,"x":28.85,"y":10.18},{"time":1.3333,"x":40.73,"y":32.24},{"time":2}]},"toufa5":{"rotate":[{},{"time":1,"angle":-1.24},{"time":2}]},"toufa6":{"rotate":[{},{"time":1,"angle":-5.32},{"time":2}]},"toufa9":{"rotate":[{},{"time":0.6667,"angle":-5.72},{"time":2}]},"toufa10":{"rotate":[{},{"time":1,"angle":-1.18},{"time":2}]},"toufa11":{"rotate":[{},{"time":1.3333,"angle":-2.93},{"time":2}]},"toufa13":{"rotate":[{},{"time":1.3333,"angle":-6.11},{"time":2}]},"toufa18":{"rotate":[{},{"time":1,"angle":-2.67},{"time":2}]},"toufa19":{"rotate":[{"time":0.5},{"time":1.2667,"angle":-3.54},{"time":2}]},"toufa22":{"rotate":[{},{"time":1,"angle":-2.67},{"time":2}]},"toufa23":{"rotate":[{"time":0.5},{"time":1.2667,"angle":-3.54},{"time":2}]},"zui_tian3":{"rotate":[{},{"time":0.6667,"angle":14.25},{"time":1.3333,"angle":-18.16},{"time":2}]},"dd2":{"rotate":[{"angle":-0.67}]},"dd4":{"rotate":[{},{"time":0.6667,"angle":7.14},{"time":1.3333,"angle":-5.34},{"time":2}]},"toufa29":{"rotate":[{},{"time":1,"angle":18.44},{"time":2}]},"bozi3":{"rotate":[{},{"time":1,"angle":5.16},{"time":2}]},"bozi2":{"rotate":[{},{"time":1,"angle":8.07},{"time":2}]}}},"zhangzui":{"slots":{"yan1":{"attachment":[{"name":"yan1"}]},"m_zm":{"attachment":[{"name":"m_zm"}]},"yan2":{"attachment":[{"name":null}]},"lian_weixiao":{"attachment":[{"name":"lian_weixiao"}]},"zui_a":{"attachment":[{"name":"zui_a"}]},"lian_kou_huo":{"attachment":[{"name":null}]},"m_tm":{"attachment":[{"name":null}]},"zui_tian":{"attachment":[{"name":null}]}},"bones":{"tou":{"rotate":[{},{"time":0.6667,"angle":3},{"time":1.3333,"angle":-0.57},{"time":2}],"translate":[{},{"time":0.6667,"x":-14.99,"y":12.85},{"time":1.3333,"x":4.53,"y":-13.72},{"time":2}]},"bozi":{"scale":[{},{"time":0.6667,"x":0.961,"y":1.395},{"time":1.3333,"x":0.961,"y":1.092},{"time":2}]},"lian_kou_huo":{"rotate":[{"angle":9.74}]},"zui_a":{"scale":[{},{"time":1,"y":1.13},{"time":2}]},"yan1":{"translate":[{},{"time":1,"y":6.22},{"time":2}]},"yan2":{"translate":[{},{"time":1,"y":6.22},{"time":2}]},"m_zm":{"rotate":[{},{"time":1,"angle":-2.43},{"time":2}],"translate":[{},{"time":1,"x":-9.25,"y":-13.87},{"time":2}]},"m_tm":{"rotate":[{},{"time":1,"angle":-2.43},{"time":2}],"translate":[{},{"time":1,"x":-9.25,"y":-13.87},{"time":2}]},"lhy":{"translate":[{},{"time":1,"x":-22.17,"y":4.88},{"time":2}]},"s2":{"translate":[{},{"time":0.1667,"x":2.11,"y":9.53},{"time":0.3333,"x":14.23,"y":2.59},{"time":0.5},{"time":0.6667,"x":2.11,"y":9.53},{"time":0.8333,"x":14.23,"y":2.59},{"time":1},{"time":1.1667,"x":2.11,"y":9.53},{"time":1.3333,"x":14.23,"y":2.59},{"time":1.5},{"time":1.6667,"x":2.11,"y":9.53},{"time":1.8333,"x":14.23,"y":2.59},{"time":2}]},"dd":{"scale":[{},{"time":0.2333,"x":1.05},{"time":0.4333,"x":1.05,"y":1.05},{"time":0.6667},{"time":0.9,"x":1.05},{"time":1.1,"x":1.05,"y":1.05},{"time":1.3333},{"time":1.5667,"x":1.05},{"time":1.7667,"x":1.05,"y":1.05},{"time":2}]},"s1":{"translate":[{},{"time":0.1667,"x":28.85,"y":10.18},{"time":0.3333,"x":40.73,"y":32.24},{"time":0.5},{"time":0.6667,"x":28.85,"y":10.18},{"time":0.8333,"x":40.73,"y":32.24},{"time":1},{"time":1.1667,"x":28.85,"y":10.18},{"time":1.3333,"x":40.73,"y":32.24},{"time":1.5},{"time":1.6667,"x":28.85,"y":10.18},{"time":1.8333,"x":40.73,"y":32.24},{"time":2}]},"toufa5":{"rotate":[{},{"time":1,"angle":-1.24},{"time":2}]},"toufa6":{"rotate":[{},{"time":1,"angle":-5.32},{"time":2}]},"toufa9":{"rotate":[{},{"time":0.6667,"angle":-5.72},{"time":2}]},"toufa10":{"rotate":[{},{"time":1,"angle":-1.18},{"time":2}]},"toufa11":{"rotate":[{},{"time":1.3333,"angle":-2.93},{"time":2}]},"toufa13":{"rotate":[{},{"time":1.3333,"angle":-6.11},{"time":2}]},"toufa18":{"rotate":[{},{"time":1,"angle":-2.67},{"time":2}]},"toufa19":{"rotate":[{"time":0.5},{"time":1.2667,"angle":-3.54},{"time":2}]},"toufa22":{"rotate":[{},{"time":1,"angle":-2.67},{"time":2}]},"toufa23":{"rotate":[{"time":0.5},{"time":1.2667,"angle":-3.54},{"time":2}]},"zui_tian3":{"rotate":[{},{"time":0.6667,"angle":14.25},{"time":1.3333,"angle":-18.16},{"time":2}]},"toufa29":{"rotate":[{},{"time":1,"angle":18.44},{"time":2}]},"shengti":{"translate":[{},{"time":0.6667,"x":-21.18,"y":-17.8},{"time":1.3333,"x":-9.89,"y":-17.8},{"time":2}],"scale":[{},{"time":0.6667,"y":0.96},{"time":2}]}}},"zhangzui2":{"slots":{"yan1":{"attachment":[{"name":"yan1"},{"time":2,"name":null}]},"m_zm":{"attachment":[{"name":"m_zm"},{"time":2,"name":null}]},"sj":{"attachment":[{"time":3.3333,"name":"1"},{"time":3.3667,"name":"2"},{"time":3.4,"name":"3"},{"time":3.4333,"name":"4"},{"time":3.4667,"name":"5"},{"time":3.5,"name":"6"},{"time":3.5333,"name":"7"},{"time":3.5667,"name":"8"},{"time":3.6,"name":null}]},"lian_jy":{"color":[{"time":3.3333,"color":"ffffff00"},{"time":3.8667,"color":"ffffffff"}]},"yan2":{"attachment":[{"name":null},{"time":2,"name":"yan2"}]},"lian_weixiao":{"attachment":[{"name":"lian_weixiao"}]},"zui_a":{"attachment":[{"name":"zui_a"}]},"zui_jy":{"color":[{"time":3.3333,"color":"ffffff00"},{"time":3.8,"color":"ffffffff"}]},"lian_kou_huo":{"attachment":[{"name":null}]},"m_tm":{"attachment":[{"name":null},{"time":2,"name":"m_tm"}]},"zui_tian":{"attachment":[{"name":null}]}},"bones":{"tou":{"rotate":[{"angle":3},{"time":0.6667,"angle":-0.57},{"time":1.3333},{"time":2,"angle":3},{"time":2.6667,"angle":-0.57},{"time":3.3333}],"translate":[{"x":-14.99,"y":12.85},{"time":0.6667,"x":4.53,"y":-13.72},{"time":1.3333},{"time":2,"x":-14.99,"y":12.85},{"time":2.6667,"x":4.53,"y":-13.72},{"time":3.3333}]},"bozi":{"scale":[{"x":0.961,"y":1.395},{"time":0.6667,"x":0.961,"y":1.092},{"time":1.3333},{"time":2,"x":0.961,"y":1.395},{"time":2.6667,"x":0.961,"y":1.092},{"time":3.3333}]},"lian_kou_huo":{"rotate":[{"angle":9.74}]},"zui_a":{"scale":[{},{"time":0.3333,"y":1.13},{"time":1.3333},{"time":2.3333,"y":1.13},{"time":3.3333}]},"yan1":{"translate":[{},{"time":0.3333,"y":6.22},{"time":1.3333},{"time":2.3333,"y":6.22},{"time":3.3333}]},"yan2":{"translate":[{},{"time":0.3333,"y":6.22},{"time":1.3333},{"time":2.3333,"y":6.22},{"time":3.3333}]},"m_zm":{"rotate":[{},{"time":0.3333,"angle":-2.43},{"time":1.3333},{"time":2.3333,"angle":-2.43},{"time":3.3333}],"translate":[{},{"time":0.3333,"x":-9.25,"y":-13.87},{"time":1.3333},{"time":2.3333,"x":-9.25,"y":-13.87},{"time":3.3333}]},"m_tm":{"rotate":[{},{"time":0.3333,"angle":-2.43},{"time":1.3333},{"time":2.3333,"angle":-2.43},{"time":3.3333}],"translate":[{},{"time":0.3333,"x":-9.25,"y":-13.87},{"time":1.3333},{"time":2.3333,"x":-9.25,"y":-13.87},{"time":3.3333}]},"lhy":{"translate":[{},{"time":0.3333,"x":-22.17,"y":4.88},{"time":1.3333},{"time":2.3333,"x":-22.17,"y":4.88},{"time":3.3333}]},"s2":{"translate":[{"x":14.23,"y":2.59},{"time":0.3333},{"time":0.5,"x":2.11,"y":9.53},{"time":0.6667,"x":14.23,"y":2.59},{"time":0.8333},{"time":0.9333,"x":2.11,"y":9.53},{"time":1.0333,"x":14.23,"y":2.59},{"time":1.1333},{"time":1.2333,"x":2.11,"y":9.53},{"time":1.3333,"x":14.23,"y":2.59},{"time":1.4333},{"time":1.5333,"x":2.11,"y":9.53},{"time":1.6333,"x":14.23,"y":2.59},{"time":1.7333},{"time":1.9,"x":42.5,"y":17.31},{"time":2.5,"x":33.05,"y":17.31},{"time":3.3333}]},"dd":{"scale":[{"time":0.1},{"time":0.2333,"x":1.05},{"time":0.3667,"x":1.05,"y":1.05},{"time":0.5},{"time":0.6333,"x":1.05},{"time":0.7667,"x":1.05,"y":1.05},{"time":0.9},{"time":1.0333,"x":1.05},{"time":1.1333,"x":1.05,"y":1.05},{"time":1.2667},{"time":1.4,"x":1.05},{"time":1.5333,"x":1.05,"y":1.05},{"time":1.6667},{"time":1.7,"x":1.05,"y":1.05},{"time":1.7333},{"time":1.7667,"x":1.05,"y":1.05},{"time":1.8,"x":1.05},{"time":1.8333,"x":1.05,"y":1.162},{"time":1.8667,"x":1.05,"y":1.05},{"time":1.9,"x":1.05},{"time":1.9333},{"time":1.9667,"x":1.05},{"time":2,"curve":"stepped"},{"time":2.1667},{"time":2.2,"x":1.05,"y":1.05},{"time":2.2333},{"time":2.2667,"x":1.05,"y":1.05},{"time":2.3,"x":1.05},{"time":2.3333,"x":1.05,"y":1.162},{"time":2.3667,"x":1.05,"y":1.05},{"time":2.4,"x":1.05},{"time":2.4333},{"time":2.4667,"x":1.05},{"time":2.5,"curve":"stepped"},{"time":2.6667},{"time":2.7,"x":1.05,"y":1.05},{"time":2.7333},{"time":2.7667,"x":1.05,"y":1.05},{"time":2.8,"x":1.05},{"time":2.8333,"x":1.05,"y":1.162},{"time":2.8667,"x":1.05,"y":1.05},{"time":2.9,"x":1.05},{"time":2.9333},{"time":2.9667,"x":1.05},{"time":3},{"time":3.1667,"x":1.145},{"time":3.3,"x":1.145,"y":1.113},{"time":3.4667,"x":1.072,"y":1.059},{"time":3.7,"curve":"stepped"},{"time":3.9667}]},"s1":{"translate":[{"x":40.73,"y":32.24},{"time":0.3333},{"time":0.5,"x":28.85,"y":10.18},{"time":0.6667,"x":40.73,"y":32.24},{"time":0.8333},{"time":0.9333,"x":28.85,"y":10.18},{"time":1.0333,"x":40.73,"y":32.24},{"time":1.1333},{"time":1.2333,"x":28.85,"y":10.18},{"time":1.3333,"x":40.73,"y":32.24},{"time":1.4333},{"time":1.5333,"x":28.85,"y":10.18},{"time":1.6333,"x":40.73,"y":32.24},{"time":1.7333},{"time":1.9,"x":60.07,"y":42.28},{"time":2.5,"x":100.13,"y":60.07},{"time":3.3333}]},"toufa5":{"rotate":[{},{"time":0.3333,"angle":-1.24},{"time":1.3333},{"time":2.3333,"angle":-1.24},{"time":3.3333}]},"toufa6":{"rotate":[{},{"time":0.3333,"angle":-5.32},{"time":1.3333},{"time":2.3333,"angle":-5.32},{"time":3.3333}]},"toufa9":{"rotate":[{"angle":-5.72},{"time":1.3333},{"time":2,"angle":-5.72},{"time":3.3333}]},"toufa10":{"rotate":[{},{"time":0.3333,"angle":-1.18},{"time":1.3333},{"time":2.3333,"angle":-1.18},{"time":3.3333}]},"toufa11":{"rotate":[{},{"time":0.6667,"angle":-2.93},{"time":1.3333},{"time":2.6667,"angle":-2.93},{"time":3.3333}]},"toufa13":{"rotate":[{},{"time":0.6667,"angle":-6.11},{"time":1.3333},{"time":2.6667,"angle":-6.11},{"time":3.3333}]},"zui_tian3":{"rotate":[{"angle":14.25},{"time":0.6667,"angle":-18.16},{"time":1.3333},{"time":2,"angle":14.25},{"time":2.6667,"angle":-18.16},{"time":3.3333}]},"toufa29":{"rotate":[{},{"time":0.3333,"angle":18.44},{"time":1.3333},{"time":2.3333,"angle":18.44},{"time":3.3333}]},"shengti":{"translate":[{"x":-21.18,"y":-17.8},{"time":0.6667,"x":-9.89,"y":-17.8},{"time":1.3333},{"time":2,"x":-21.18,"y":-17.8},{"time":2.6667,"x":-9.89,"y":-17.8},{"time":3.3333}],"scale":[{"y":0.96},{"time":1.3333},{"time":2,"y":0.96},{"time":3.3333}]}},"events":[{"time":3.3,"name":"shoot_sperm"}]}}},[0,1]]],0,0,[0,0],[-1,-2],[0,1]]