[1,["0cnX+AveVNUbocv+gKBWOy"],0,[["sp.SkeletonData",["_name","_atlasText","textureNames","_skeletonJson","textures"],-1,3]],[[0,0,1,2,3,4,5]],[[0,"skeleton","\nskeleton.png\nsize: 1617,427\nformat: RGBA8888\nfilter: Linear,Linear\nrepeat: none\n1\n  rotate: false\n  xy: 1460, 93\n  size: 146, 332\n  orig: 256, 512\n  offset: 47, 10\n  index: -1\n2\n  rotate: true\n  xy: 2, 13\n  size: 204, 432\n  orig: 256, 512\n  offset: 24, 12\n  index: -1\n3\n  rotate: true\n  xy: 2, 219\n  size: 206, 438\n  orig: 256, 512\n  offset: 23, 30\n  index: -1\n4\n  rotate: true\n  xy: 436, 13\n  size: 204, 428\n  orig: 256, 512\n  offset: 24, 62\n  index: -1\n5\n  rotate: true\n  xy: 442, 220\n  size: 205, 413\n  orig: 256, 512\n  offset: 23, 83\n  index: -1\n6\n  rotate: true\n  xy: 857, 222\n  size: 203, 410\n  orig: 256, 512\n  offset: 24, 90\n  index: -1\n7\n  rotate: false\n  xy: 1269, 39\n  size: 189, 386\n  orig: 256, 512\n  offset: 27, 115\n  index: -1\n8\n  rotate: true\n  xy: 866, 68\n  size: 152, 354\n  orig: 256, 512\n  offset: 60, 148\n  index: -1\nn_naizi_wai\n  rotate: true\n  xy: 944, 41\n  size: 25, 32\n  orig: 25, 32\n  offset: 0, 0\n  index: -1\nnan_jb\n  rotate: true\n  xy: 1010, 41\n  size: 10, 16\n  orig: 10, 16\n  offset: 0, 0\n  index: -1\nnan_ns\n  rotate: true\n  xy: 959, 5\n  size: 34, 54\n  orig: 35, 54\n  offset: 0, 0\n  index: -1\nnan_shou\n  rotate: true\n  xy: 866, 8\n  size: 29, 91\n  orig: 29, 91\n  offset: 0, 0\n  index: -1\nnan_st\n  rotate: true\n  xy: 1460, 9\n  size: 82, 155\n  orig: 82, 155\n  offset: 0, 0\n  index: -1\nnan_tou\n  rotate: false\n  xy: 1222, 26\n  size: 45, 49\n  orig: 45, 50\n  offset: 0, 1\n  index: -1\nnv_jiao\n  rotate: true\n  xy: 1028, 2\n  size: 49, 67\n  orig: 50, 67\n  offset: 0, 0\n  index: -1\nnv_maozi\n  rotate: true\n  xy: 866, 39\n  size: 27, 40\n  orig: 27, 40\n  offset: 0, 0\n  index: -1\nnv_naizi_nei\n  rotate: true\n  xy: 908, 41\n  size: 25, 34\n  orig: 25, 34\n  offset: 0, 0\n  index: -1\nnv_nj\n  rotate: false\n  xy: 1097, 18\n  size: 43, 48\n  orig: 44, 48\n  offset: 1, 0\n  index: -1\nnv_shou\n  rotate: false\n  xy: 978, 45\n  size: 30, 21\n  orig: 32, 21\n  offset: 1, 0\n  index: -1\nnv_shoubi\n  rotate: true\n  xy: 1010, 53\n  size: 13, 33\n  orig: 13, 33\n  offset: 0, 0\n  index: -1\nnv_st\n  rotate: false\n  xy: 1222, 77\n  size: 34, 71\n  orig: 34, 71\n  offset: 0, 0\n  index: -1\nnv_tou\n  rotate: false\n  xy: 1222, 150\n  size: 45, 70\n  orig: 45, 70\n  offset: 0, 0\n  index: -1\n",["skeleton.png"],{"skeleton":{"hash":"CepTvr8ryxhrBtbLXRPmd293g+4","spine":"3.8.75","x":-81.37,"y":-2.7,"width":115.51,"height":184.22,"images":"../拆解素材/","audio":""},"bones":[{"name":"root"},{"name":"nv_st","parent":"root","x":-44.24,"y":62.07},{"name":"nv_st2","parent":"nv_st","length":15.73,"rotation":49.16,"x":-0.03,"y":0.06},{"name":"nv_st3","parent":"nv_st2","length":19.76,"rotation":32.43,"x":15.73},{"name":"nv_st4","parent":"nv_st3","length":11.94,"rotation":0.22,"x":19.06,"y":0.07},{"name":"nv_tou","parent":"nv_st4","rotation":-81.81,"x":11.44,"y":0.06},{"name":"nv_shoubi","parent":"nv_st3","length":24,"rotation":-178.69,"x":19.44,"y":1.92},{"name":"nv_shou","parent":"nv_shoubi","length":22,"rotation":123.87,"x":24.33,"y":2.63},{"name":"nv_jiao","parent":"nv_st","x":-6.76,"y":-6.74},{"name":"nv_nj","parent":"root","x":-42.75,"y":57.07},{"name":"nv_naizi_wai","parent":"nv_st3","rotation":-81.59,"x":3.51,"y":-6.59},{"name":"nv_naizi_nei","parent":"nv_st3","rotation":-81.59,"x":9.83,"y":-8.63},{"name":"nv_maozi","parent":"nv_tou","x":-16.74,"y":22.97},{"name":"nan_st","parent":"root","x":5.25,"y":66.75},{"name":"nan_st5","parent":"nan_st","length":25.43,"rotation":78.86,"x":0.49,"y":0.5},{"name":"nan_st6","parent":"nan_st5","length":29.38,"rotation":6.72,"x":25.43},{"name":"nan_st7","parent":"nan_st6","length":20.18,"rotation":11.42,"x":29.38},{"name":"nan_tou","parent":"nan_st7","rotation":-96.99,"x":19.64,"y":-0.19},{"name":"nan_shou","parent":"nan_st6","rotation":-85.57,"x":29.01,"y":-3.16},{"name":"nan_ns","parent":"root","x":9.19,"y":121.73},{"name":"nan_st2","parent":"nan_st","length":42.3,"rotation":-159.05,"x":-0.83,"y":-1.2},{"name":"nan_st3","parent":"nan_st2","length":39.5,"rotation":69.33,"x":42.3},{"name":"nan_st4","parent":"nan_st3","length":15.83,"rotation":-56.96,"x":39.5},{"name":"nan_shou2","parent":"nan_shou","length":31.6,"rotation":-71.4,"x":0.07,"y":0.15},{"name":"nan_shou3","parent":"nan_shou2","length":36.78,"rotation":-22.26,"x":31.39,"y":-0.03},{"name":"nv_jiao2","parent":"nv_jiao","length":42.89,"rotation":-79.24,"x":-0.18,"y":-0.27},{"name":"nv_jiao3","parent":"nv_jiao2","length":32.85,"rotation":-106.8,"x":42.89},{"name":"nv_jiao4","parent":"nv_jiao3","length":11.47,"rotation":96.04,"x":32.85},{"name":"nv_naizi_wai2","parent":"nv_naizi_wai","length":8.14,"rotation":4.4,"x":0.08,"y":-0.07},{"name":"nv_naizi_wai3","parent":"nv_naizi_wai2","length":9.78,"rotation":0.39,"x":8.14},{"name":"nv_naizi_nei2","parent":"nv_naizi_nei","length":9.89,"rotation":9.56,"x":0.18,"y":0.02},{"name":"nv_naizi_nei3","parent":"nv_naizi_nei2","length":7.69,"rotation":2.37,"x":9.89},{"name":"nv_tou2","parent":"nv_tou","length":10.89,"rotation":-112,"x":-5.58,"y":36.56},{"name":"nv_tou3","parent":"nv_tou2","length":11.76,"rotation":10.5,"x":10.89},{"name":"nv_tou4","parent":"nv_tou3","length":11.02,"rotation":13.63,"x":11.76},{"name":"nv_tou5","parent":"nv_tou4","length":10.65,"rotation":7.25,"x":11.02},{"name":"nv_tou6","parent":"nv_tou5","length":9.03,"rotation":-15.86,"x":10.65},{"name":"nv_tou7","parent":"nv_tou6","length":9.32,"rotation":-13.34,"x":9.03},{"name":"nv_tou8","parent":"nv_tou","length":16.33,"rotation":88.57,"x":0.13,"y":0.14},{"name":"nv_tou9","parent":"nv_tou8","length":17.15,"rotation":-7.81,"x":16.33},{"name":"nv_maozi2","parent":"nv_maozi","length":11.56,"rotation":-113.4,"x":-1.39,"y":11.24},{"name":"nv_maozi3","parent":"nv_maozi2","length":14.42,"rotation":33.99,"x":11.56},{"name":"nan_jb","parent":"root","x":-12.41,"y":84.22},{"name":"target2","parent":"root","x":-35.09,"y":10.94,"color":"ff3f00ff"},{"name":"target1","parent":"root","x":-76.21,"y":16.18,"color":"ff3f00ff"},{"name":"target3","parent":"root","x":-13.43,"y":79.23,"color":"ff3f00ff"},{"name":"nv_naizi_wai4","parent":"nv_naizi_wai","length":10.05,"rotation":91.42,"x":0.77,"y":1.35},{"name":"nv_naizi_wai5","parent":"nv_naizi_wai","length":9.29,"rotation":-84.75,"x":0.67,"y":-1.45},{"name":"nv_naizi_nei4","parent":"nv_naizi_nei","length":11.38,"rotation":57.34,"x":0.25,"y":2.49},{"name":"nv_naizi_nei5","parent":"nv_naizi_nei","length":9.08,"rotation":-88.74,"x":-0.06,"y":-2.21},{"name":"target4","parent":"root","x":24.3,"y":54.6,"color":"ff3f00ff"},{"name":"shejing","parent":"root","x":-13.2,"y":108.25,"scaleX":0.0682,"scaleY":0.0682}],"slots":[{"name":"nan_ns","bone":"nan_ns","attachment":"nan_ns"},{"name":"nv_nj","bone":"nv_nj","attachment":"nv_nj"},{"name":"nv_st","bone":"nv_st","attachment":"nv_st"},{"name":"nv_tou","bone":"nv_tou","attachment":"nv_tou"},{"name":"nv_naizi_nei","bone":"nv_naizi_nei","attachment":"nv_naizi_nei"},{"name":"nan_jb","bone":"nan_jb","attachment":"nan_jb"},{"name":"n_naizi_wai","bone":"nv_naizi_wai","attachment":"n_naizi_wai"},{"name":"nv_shoubi","bone":"nv_shoubi","attachment":"nv_shoubi"},{"name":"nv_shou","bone":"nv_shou","attachment":"nv_shou"},{"name":"nv_jiao","bone":"nv_jiao","attachment":"nv_jiao"},{"name":"nv_maozi","bone":"nv_maozi","attachment":"nv_maozi"},{"name":"nan_st","bone":"nan_st","attachment":"nan_st"},{"name":"nan_tou","bone":"nan_tou","attachment":"nan_tou"},{"name":"nan_shou","bone":"nan_shou","attachment":"nan_shou"},{"name":"shejing","bone":"shejing"}],"ik":[{"name":"target","target":"target2","bones":["nan_st2","nan_st3"]},{"name":"target1","order":1,"target":"target1","bendPositive":false,"bones":["nv_jiao2","nv_jiao3"]},{"name":"target2","order":2,"target":"target3","bones":["nv_shoubi","nv_shou"]},{"name":"target3","order":3,"target":"target4","bendPositive":false,"bones":["nan_shou2","nan_shou3"]}],"skins":[{"name":"default","attachments":{"nv_jiao":{"nv_jiao":{"type":"mesh","hull":28,"width":50,"height":67,"uvs":[0.66038,0,0.71898,0.04336,0.81584,0.1514,0.90061,0.29905,0.90074,0.37576,0.96394,0.39439,0.92023,0.4106,0.92064,0.86328,0.87344,0.90388,0.70061,0.92602,0.70039,0.95627,0.6198,0.95527,0.61746,0.8904,0.20036,0.85113,0.20077,0.96085,0.08795,0.98826,0.02981,0.9668,0,0.88908,0,0.71063,0.0386,0.66298,0.09026,0.65497,0.32813,0.69277,0.55746,0.66429,0.39329,0.33401,0.41978,0.2757,0.41971,0.12662,0.49938,0.03735,0.5987,0],"triangles":[24,25,26,6,4,5,27,0,1,26,27,1,4,24,26,2,26,1,2,4,26,3,4,2,22,4,6,4,23,24,22,23,4,22,6,7,13,20,21,18,19,20,20,13,18,12,22,7,21,22,12,13,21,12,7,9,12,8,9,7,11,12,9,10,11,9,13,17,18,15,17,13,15,16,17,13,14,15],"vertices":[1,25,-10.68,5.29,1,1,25,-7.28,7.63,1,1,25,0.74,11.03,1,1,25,11.25,13.35,1,1,25,16.3,12.4,1,1,25,18.11,15.27,1,1,25,18.77,12.92,1,2,26,-8.61,3.34,0.30648,25,48.57,7.28,0.69352,2,26,-6.55,6.29,0.45984,25,50.8,4.45,0.54016,2,26,1.89,8.68,0.97273,25,50.65,-4.32,0.02727,2,26,1.69,10.69,0.99532,25,52.64,-4.71,0.00468,1,26,5.7,11.05,1,1,26,6.28,6.74,1,2,27,6.87,4.86,0.60257,26,27.29,6.32,0.39743,2,27,14.22,4.88,0.99882,26,26.5,13.63,0.00118,1,27,16.06,-0.76,1,1,27,14.62,-3.66,1,1,27,9.41,-5.15,1,2,27,-2.54,-5.15,0.62643,26,38.25,-1.99,0.37357,2,27,-5.74,-3.22,0.33016,26,36.66,-5.36,0.66984,2,27,-6.27,-0.64,0.17819,26,34.15,-6.17,0.82181,2,26,22.06,-4.9,0.99927,25,31.82,-19.7,0.00073,2,26,10.85,-8.01,0.4649,25,32.08,-8.08,0.5351,1,25,8.81,-12.01,1,1,25,5.22,-9.98,1,1,25,-4.59,-8.12,1,1,25,-9.72,-3.09,1,1,25,-11.26,2.26,1],"edges":[0,54,0,2,2,4,4,6,6,8,8,10,10,12,12,14,14,16,16,18,18,20,20,22,22,24,24,26,26,28,28,30,30,32,32,34,34,36,36,38,38,40,40,42,42,44,44,46,46,48,48,50,50,52,52,54]}},"nan_st":{"nan_st":{"type":"mesh","hull":36,"width":82,"height":155,"uvs":[0.87936,0.00626,0.90267,0.01895,0.90284,0.07046,1,0.20981,1,0.27158,0.96335,0.38861,0.93394,0.43267,0.83133,0.62965,0.77472,0.66313,0.65931,0.6848,0.33011,0.71744,0.32973,0.77345,0.31565,0.83969,0.29298,0.8704,0.33291,0.9456,0.2204,0.98486,0.13485,1,0.0837,1,0.01712,0.9929,0.01198,0.98435,0.01185,0.95314,0.1581,0.87926,0.15681,0.84486,0.1335,0.77576,0.13328,0.63558,0.23937,0.58489,0.54125,0.5051,0.59223,0.44531,0.61114,0.32589,0.61775,0.26644,0.65759,0.18199,0.71929,0.13086,0.71877,0.09022,0.76759,0.08121,0.76824,0.0256,0.80415,0.00639],"triangles":[3,30,31,2,3,31,31,33,2,33,34,2,34,1,2,31,32,33,34,35,1,35,0,1,6,28,5,5,28,4,4,28,29,4,29,30,3,4,30,7,27,6,27,28,6,24,25,10,9,10,26,10,25,26,9,26,8,8,26,7,26,27,7,14,21,13,21,22,13,13,22,12,22,23,12,12,23,11,11,23,10,10,23,24,15,16,21,21,16,20,17,18,19,20,16,17,14,15,21,20,17,19],"vertices":[1,16,28.93,-8.77,1,1,16,26.75,-10.43,1,1,16,18.82,-9.47,1,2,15,28.79,-15.17,0.64823,16,-3.59,-14.75,0.35177,2,15,19.24,-15.91,0.94957,16,-13.09,-13.59,0.05043,2,14,28.02,-14.11,0.3569,15,0.92,-14.31,0.6431,2,14,20.85,-13.06,0.77892,15,-6.07,-12.44,0.22108,2,20,-5.21,13.66,0.81467,14,-10.73,-10.71,0.18533,2,20,0.98,16.85,0.96465,14,-16.72,-7.15,0.03535,1,20,11.02,16.6,1,2,21,9.42,8.11,0.64872,20,38.04,11.68,0.35128,2,21,18.11,8.04,0.98884,20,41.17,19.78,0.01116,1,21,28.37,6.83,1,1,21,33.12,4.95,1,2,22,-3.97,8.89,0.668,21,44.79,8.17,0.332,1,22,7.09,8.91,1,1,22,14.24,7.02,1,1,22,17.74,4.71,1,1,22,21.7,0.79,1,1,22,21.33,-0.55,1,1,22,18.68,-4.59,1,2,22,2.37,-7.58,0.34398,21,34.44,-6.12,0.65602,2,22,-0.47,-12.09,0.02192,21,29.11,-6.2,0.97808,1,21,18.39,-8.06,1,2,21,-3.34,-7.97,0.70291,20,48.57,-5.94,0.29709,2,21,-11.16,0.77,0.01484,20,37.64,-10.17,0.98516,2,20,10.1,-12.87,0.65755,14,3.61,16.36,0.34245,3,20,2.88,-20.03,0.13361,14,13.51,14.05,0.82407,15,-10.19,15.35,0.04233,3,14,31.97,16.11,0.15051,15,8.39,15.23,0.849,16,-17.57,19.09,0.00049,3,14,41.12,17.36,0.00913,15,17.61,15.4,0.94044,16,-8.49,17.43,0.05043,2,15,30.92,13.16,0.42638,16,4.11,12.59,0.57362,2,15,39.21,8.72,0.02402,16,11.36,6.61,0.97598,1,16,17.62,5.88,1,1,16,18.52,1.74,1,1,16,27.06,0.63,1,1,16,29.66,-2.65,1],"edges":[0,70,0,2,2,4,4,6,6,8,8,10,10,12,12,14,14,16,16,18,18,20,20,22,22,24,24,26,26,28,28,30,30,32,32,34,34,36,36,38,38,40,40,42,42,44,44,46,46,48,48,50,50,52,52,54,54,56,56,58,58,60,60,62,62,64,64,66,66,68,68,70]}},"nv_maozi":{"nv_maozi":{"type":"mesh","hull":17,"width":27,"height":40,"uvs":[0.69856,0.02462,1,0.0246,1,0.1016,0.8592,0.41774,0.85159,0.53611,0.81521,0.77499,0.78041,0.87302,0.70428,0.97533,0.58967,0.97532,0.37144,0.75027,0.03621,0.75025,0.03502,0.6667,0.11028,0.63382,0.11066,0.39959,0.17239,0.23291,0.37071,0.09926,0.51799,0.04972],"triangles":[9,12,13,10,11,12,4,9,13,10,12,9,5,9,4,6,9,5,8,9,6,7,8,6,0,1,2,3,0,2,3,16,0,3,15,16,3,14,15,3,13,14,4,13,3],"vertices":[1,40,-5.89,-1.09,1,1,40,-9.12,6.38,1,1,40,-6.3,7.6,1,2,40,6.82,9.13,0.83195,41,1.18,10.22,0.16805,2,40,11.25,10.83,0.43842,41,5.79,9.15,0.56158,2,40,20.41,13.72,0.01423,41,15.01,6.43,0.98577,2,40,24.38,14.41,0.00015,41,18.69,4.78,0.99985,1,41,22.33,2.01,1,1,41,21.76,-1.03,1,1,41,11.83,-5.17,1,1,41,10.17,-14.07,1,1,41,6.88,-13.48,1,2,40,22.78,-5.99,0.00031,41,5.96,-11.24,0.99969,2,40,14.18,-9.7,0.31718,41,-3.25,-9.51,0.68282,2,40,7.4,-10.82,0.77808,41,-9.5,-6.65,0.22192,2,40,0.37,-8.03,0.98689,41,-13.77,-0.4,0.01311,1,40,-3.03,-5.17,1],"edges":[0,32,0,2,2,4,4,6,6,8,8,10,10,12,12,14,14,16,16,18,18,20,20,22,22,24,24,26,26,28,28,30,30,32]}},"nv_shou":{"nv_shou":{"x":12.29,"y":-0.39,"rotation":-26.77,"width":32,"height":21}},"nv_nj":{"nv_nj":{"x":-13.24,"y":-14.32,"width":44,"height":48}},"n_naizi_wai":{"n_naizi_wai":{"type":"mesh","hull":14,"width":25,"height":32,"uvs":[0,0.21795,0.13895,0,0.32375,0,0.40562,0.06427,0.80307,0.21925,0.92129,0.31263,1,0.46759,1,0.62465,0.84376,0.74854,0.72435,0.81301,0.38052,0.813,0.27861,0.97238,0.20038,0.97041,0,0.81238],"triangles":[1,2,3,3,0,1,3,10,0,13,0,10,12,13,10,11,12,10,8,5,6,8,4,5,7,8,6,3,4,10,10,4,8,9,10,8],"vertices":[1,46,8.26,3.32,1,2,29,-6.12,16.52,0.01912,46,15.15,-0.32,0.98088,3,28,6.51,16.12,0.00155,29,-1.51,16.13,0.09825,46,15.03,-4.94,0.9002,3,28,8.4,13.91,0.01086,29,0.36,13.91,0.22073,46,12.92,-6.94,0.76841,2,29,9.84,8.14,0.89806,46,7.72,-16.74,0.10194,2,29,12.54,4.92,0.97531,46,4.66,-19.63,0.02469,2,29,14.09,-0.19,0.99989,46,-0.35,-21.47,0.00011,3,28,21.84,-5.1,0.01035,29,13.67,-5.2,0.98708,47,4.01,21.29,0.00258,3,28,17.64,-8.76,0.08166,29,9.44,-8.82,0.87487,47,7.6,17.04,0.04347,3,28,14.5,-10.59,0.15931,29,6.3,-10.63,0.73534,47,9.38,13.88,0.10535,3,28,5.93,-9.93,0.20163,29,-2.27,-9.91,0.11471,47,8.59,5.32,0.68366,3,28,3,-14.82,0.00431,29,-5.23,-14.78,0.00084,47,13.44,2.32,0.99485,2,28,1.06,-14.6,0.00032,47,13.19,0.37,0.99968,1,47,7.7,-4.15,1],"edges":[0,26,0,2,2,4,4,6,6,8,8,10,10,12,12,14,14,16,16,18,18,20,20,22,22,24,24,26]}},"nv_shoubi":{"nv_shoubi":{"x":10.62,"y":0.93,"rotation":97.1,"width":13,"height":33}},"nan_jb":{"nan_jb":{"width":10,"height":16}},"nan_shou":{"nan_shou":{"type":"mesh","hull":26,"width":29,"height":91,"uvs":[0.41258,0,0.44951,0,0.51932,0.04431,0.75867,0.12033,0.83047,0.18917,0.96593,0.45018,0.97355,0.60676,0.85427,0.74654,0.82802,0.83272,0.88774,0.96867,0.69164,1,0.49725,1,0.34336,0.98926,0.34402,0.93426,0.24062,0.9342,0.24063,0.90076,0.30967,0.87908,0.41891,0.80097,0.48191,0.75184,0.48177,0.52033,0.47954,0.4788,0,0.27493,0,0.2577,0.03871,0.15059,0.17072,0.06638,0.19537,0.05555],"triangles":[20,21,4,23,4,22,4,23,24,20,4,5,2,3,24,2,24,25,4,24,3,25,0,2,0,1,2,4,21,22,8,9,10,13,10,11,11,12,13,10,13,8,14,15,13,15,16,13,8,16,17,8,13,16,17,18,8,8,18,7,7,18,6,6,18,19,19,5,6,19,20,5],"vertices":[1,23,-11.75,5.49,1,1,23,-11.4,6.51,1,1,23,-6.94,7.14,1,1,23,1.83,11.51,1,1,23,8.43,11.49,1,1,23,32.2,7.64,1,2,24,12.05,8.53,0.91193,23,45.77,3.3,0.08807,1,24,24.96,5.89,1,1,24,32.84,5.63,1,1,24,45.07,8.14,1,1,24,48.28,2.65,1,1,24,48.64,-2.98,1,1,24,47.95,-7.49,1,1,24,42.95,-7.79,1,1,24,43.14,-10.78,1,1,24,40.1,-10.98,1,1,24,38.01,-9.11,1,1,24,30.71,-6.4,1,1,24,26.13,-4.86,1,2,24,5.11,-6.21,0.99648,23,33.77,-7.71,0.00352,2,24,1.34,-6.51,0.78664,23,30.17,-6.56,0.21336,2,24,-16.29,-21.58,0.00001,23,8.15,-13.83,0.99999,1,23,6.66,-13.33,1,1,23,-2.22,-9.15,1,1,23,-8.26,-3.08,1,1,23,-8.96,-2.09,1],"edges":[0,50,0,2,2,4,4,6,6,8,8,10,10,12,12,14,14,16,16,18,18,20,20,22,22,24,24,26,26,28,28,30,30,32,32,34,34,36,36,38,38,40,40,42,42,44,44,46,46,48,48,50]}},"nv_naizi_nei":{"nv_naizi_nei":{"type":"mesh","hull":16,"width":25,"height":34,"uvs":[0.23921,0,0.40364,0,0.52,0.08781,0.84739,0.15671,0.9481,0.21638,1,0.40954,1,0.50077,0.92028,0.61808,0.84007,0.67734,0.68079,0.73565,0.3777,0.7358,0.23345,0.98347,0.12033,0.94293,0,0.85521,0,0.30137,0.07452,0.12079],"triangles":[13,14,10,12,13,10,11,12,10,0,2,15,2,0,1,10,2,9,2,14,15,10,14,2,5,3,4,2,3,5,6,7,5,2,5,9,7,8,5,8,9,5],"vertices":[1,48,13.32,6.11,1,2,31,-0.28,15.73,0.00016,48,15.54,2.65,0.99984,3,30,11.34,12.28,0.00164,31,1.95,12.21,0.10693,48,14.59,-1.41,0.89144,2,31,9.48,8.22,0.77267,48,17.04,-9.57,0.22733,2,31,11.52,5.72,0.88067,48,16.69,-12.78,0.11933,2,31,11.43,-0.97,0.9983,48,11.86,-17.42,0.0017,2,31,10.79,-4.01,0.99987,49,-1.72,21.42,0.00013,3,30,18.21,-7.16,0.01843,31,8.02,-7.5,0.97119,49,2.23,19.34,0.01038,3,30,15.9,-8.82,0.07191,31,5.64,-9.06,0.89698,49,4.2,17.29,0.03111,3,30,11.64,-10.11,0.2363,31,1.33,-10.17,0.65734,49,6.09,13.26,0.10635,3,30,4.17,-8.86,0.2833,31,-6.08,-8.61,0.07719,49,5.93,5.69,0.63951,1,49,14.27,1.9,1,1,49,12.83,-0.9,1,1,49,9.78,-3.84,1,1,48,1.46,5.61,1,1,48,7.64,7.36,1],"edges":[0,30,0,2,2,4,4,6,6,8,8,10,10,12,12,14,14,16,16,18,18,20,20,22,22,24,24,26,26,28,28,30]}},"nv_tou":{"nv_tou":{"type":"mesh","hull":22,"width":45,"height":70,"uvs":[0.5291,0,0.63858,0,0.80741,0.03281,0.9114,0.13906,0.91151,0.29914,0.97825,0.32021,0.97811,0.52922,0.75639,0.52882,0.75567,0.64724,0.4607,0.69352,0.42276,0.72833,0.42253,0.86054,0.30727,0.99135,0.26897,1,0.2328,1,0.19056,0.946,0.26532,0.80209,0.26634,0.7142,0.02252,0.42392,0.0196,0.24705,0.12802,0.10221,0.30971,0.02383],"triangles":[7,4,5,6,7,5,4,7,0,7,9,18,0,7,18,8,9,7,0,1,4,3,1,2,4,1,3,21,19,20,19,21,0,0,18,19,17,18,9,10,17,9,16,17,10,11,16,10,15,16,11,12,15,11,13,14,15,12,13,15],"vertices":[2,32,-6.38,1.29,0.6731,39,24.79,6.59,0.3269,2,32,-8.23,5.86,0.27684,39,25.58,1.73,0.72316,2,32,-8.95,13.77,0.00591,39,24.53,-6.14,0.99409,2,39,17.94,-11.95,0.97729,38,32.48,-14.27,0.02271,3,36,-30.3,21.8,0,39,6.88,-13.75,0.59627,38,21.28,-14.56,0.40373,3,36,-29.17,24.95,0,39,5.91,-16.95,0.44789,38,19.88,-17.6,0.55211,3,36,-14.63,26.6,0,39,-8.53,-19.3,0.06061,38,5.25,-17.96,0.93939,3,36,-13.53,16.68,0,39,-10.1,-9.44,0.00721,38,5.03,-7.98,0.99279,3,36,-5.29,17.59,0,34,18.98,19.52,0,38,-3.26,-8.16,1,3,36,-0.57,4.76,0.01659,35,11.4,4.74,0.75849,38,-6.83,5.03,0.22491,3,36,2.04,3.34,0.54923,35,13.52,2.66,0.41511,38,-9.3,6.68,0.03566,2,37,1.13,4.77,0.78825,36,11.24,4.38,0.21175,1,37,11.51,2.99,1,1,37,12.66,1.58,1,1,37,13.21,0.04,1,1,37,10.3,-3.03,1,2,37,-0.32,-3.28,0.31738,36,7.97,-3.12,0.68262,1,36,1.85,-3.76,1,5,36,-17.1,-16.96,0.00208,35,-10.43,-11.64,0.01957,34,2.14,-12.87,0.605,33,16.88,-12,0.37057,32,29.67,-8.73,0.00279,5,36,-29.39,-18.49,0.00002,35,-22.67,-9.76,0.00005,34,-10.24,-12.54,0.07174,33,4.77,-14.6,0.72306,32,18.24,-13.49,0.20514,4,36,-40.01,-14.79,0.00001,35,-31.88,-3.29,0.00003,33,-6.14,-11.84,0.24574,32,7.01,-12.76,0.75422,4,36,-46.39,-7.28,0,35,-35.96,5.67,0.00001,33,-13.15,-4.92,0.00287,32,-1.14,-7.23,0.99712],"edges":[0,42,0,2,2,4,4,6,6,8,8,10,10,12,12,14,14,16,16,18,18,20,20,22,22,24,24,26,26,28,28,30,30,32,32,34,34,36,36,38,38,40,40,42]}},"shejing":{"1":{"width":256,"height":512},"2":{"width":256,"height":512},"3":{"width":256,"height":512},"4":{"width":256,"height":512},"5":{"width":256,"height":512},"6":{"width":256,"height":512},"7":{"width":256,"height":512},"8":{"width":256,"height":512}},"nan_ns":{"nan_ns":{"x":-8.69,"y":-19.34,"width":35,"height":54}},"nan_tou":{"nan_tou":{"x":-6.95,"y":15.5,"width":45,"height":50}},"nv_st":{"nv_st":{"type":"mesh","hull":16,"width":34,"height":71,"uvs":[0.60505,0,0.61835,0,0.9709,0.16877,0.9715,0.40405,0.76412,0.66007,0.83738,0.76439,0.67438,0.88937,0.47076,0.98612,0.26511,0.98623,0.04214,0.94082,0,0.86016,0,0.67528,0.17699,0.5053,0.22065,0.42806,0.3512,0.11599,0.53345,0.01999],"triangles":[15,0,1,2,15,1,14,15,2,3,14,2,14,3,13,4,13,3,12,13,4,11,12,4,6,10,11,4,6,11,5,6,4,10,8,9,10,6,8,6,7,8],"vertices":[1,4,20.73,1.42,1,1,4,20.8,0.97,1,2,3,29.76,-12.49,0.37011,4,10.64,-12.6,0.62989,2,3,13.23,-14.95,0.98969,4,-5.89,-15,0.01031,2,2,16.55,-12.08,0.72621,3,-5.78,-10.63,0.27379,2,2,12.58,-18.8,0.96624,3,-12.74,-14.18,0.03376,1,2,2.24,-20.41,1,1,2,-7.48,-19.67,1,1,2,-12.06,-14.38,1,1,2,-14.58,-6.54,1,1,2,-11.18,-1.71,1,2,2,-1.25,6.87,0.99703,3,-10.65,14.91,0.00297,3,2,11.81,10.21,0.51393,3,2.17,10.72,0.44868,4,-16.85,10.72,0.0374,3,2,16.93,12.68,0.14137,3,7.81,10.05,0.67218,4,-11.21,10.03,0.18644,1,4,11.35,8.79,1,1,4,18.98,3.63,1],"edges":[0,30,0,2,2,4,4,6,6,8,8,10,10,12,12,14,14,16,16,18,18,20,20,22,22,24,24,26,26,28,28,30]}}}}],"events":{"plug_into":{},"shoot_sperm":{}},"animations":{"animation":{"bones":{"nv_st2":{"rotate":[{},{"time":0.3333,"angle":-3.73},{"time":0.6667},{"time":1,"angle":-3.73},{"time":1.3333}]},"nv_st3":{"rotate":[{},{"time":0.3333,"angle":5.88},{"time":0.6667},{"time":1,"angle":5.88},{"time":1.3333}]},"nv_shoubi":{"rotate":[{"angle":1.15}]},"nv_shou":{"rotate":[{"angle":-0.41}]},"nv_jiao":{"translate":[{},{"time":0.3333,"x":0.72,"y":0.54},{"time":0.6667},{"time":1,"x":0.72,"y":0.54},{"time":1.3333}]},"nan_st7":{"rotate":[{},{"time":0.6667,"angle":-2.64},{"time":1.3333}]},"nan_shou":{"translate":[{},{"time":0.6667,"x":-0.72,"y":-0.06},{"time":1.3333}]},"nan_st2":{"rotate":[{"angle":-0.01}]},"nan_st3":{"rotate":[{"angle":-0.26}]},"nv_jiao2":{"rotate":[{"angle":-0.49}]},"nv_jiao3":{"rotate":[{"angle":0.76}]},"nv_naizi_wai2":{"rotate":[{},{"time":0.1333,"angle":6.91},{"time":0.3333},{"time":0.4667,"angle":6.91},{"time":0.6667},{"time":0.8,"angle":6.91},{"time":1},{"time":1.1333,"angle":6.91},{"time":1.3333}],"scale":[{},{"time":0.1333,"x":1.203,"y":1.203},{"time":0.3333},{"time":0.4667,"x":1.203,"y":1.203},{"time":0.6667},{"time":0.8,"x":1.203,"y":1.203},{"time":1},{"time":1.1333,"x":1.203,"y":1.203},{"time":1.3333}]},"nv_naizi_wai3":{"rotate":[{},{"time":0.1333,"angle":20.66},{"time":0.2333,"angle":-10.31},{"time":0.3333},{"time":0.4667,"angle":20.66},{"time":0.5667,"angle":-10.31},{"time":0.6667},{"time":0.8,"angle":20.66},{"time":0.9,"angle":-10.31},{"time":1},{"time":1.1333,"angle":20.66},{"time":1.2333,"angle":-10.31},{"time":1.3333}],"scale":[{},{"time":0.1333,"x":1.242,"y":1.242},{"time":0.3333},{"time":0.4667,"x":1.242,"y":1.242},{"time":0.6667},{"time":0.8,"x":1.242,"y":1.242},{"time":1},{"time":1.1333,"x":1.242,"y":1.242},{"time":1.3333}]},"nv_naizi_nei3":{"rotate":[{},{"time":0.1333,"angle":25.74},{"time":0.2667,"angle":-5.9},{"time":0.3333},{"time":0.4667,"angle":25.74},{"time":0.6,"angle":-5.9},{"time":0.6667},{"time":0.8,"angle":25.74},{"time":0.9333,"angle":-5.9},{"time":1},{"time":1.1333,"angle":25.74},{"time":1.2667,"angle":-5.9},{"time":1.3333}],"translate":[{},{"time":0.1333,"x":2.47,"y":1.55},{"time":0.2667,"x":0.8,"y":1.83},{"time":0.3333},{"time":0.4667,"x":2.47,"y":1.55},{"time":0.6,"x":0.8,"y":1.83},{"time":0.6667},{"time":0.8,"x":2.47,"y":1.55},{"time":0.9333,"x":0.8,"y":1.83},{"time":1},{"time":1.1333,"x":2.47,"y":1.55},{"time":1.2667,"x":0.8,"y":1.83},{"time":1.3333}],"scale":[{},{"time":0.1333,"x":1.079,"y":1.079},{"time":0.3333},{"time":0.4667,"x":1.079,"y":1.079},{"time":0.6667},{"time":0.8,"x":1.079,"y":1.079},{"time":1},{"time":1.1333,"x":1.079,"y":1.079},{"time":1.3333}]},"nv_tou6":{"rotate":[{},{"time":0.2,"angle":-7.8},{"time":0.4333,"angle":2.2},{"time":0.6667},{"time":0.8667,"angle":-7.8},{"time":1.1,"angle":2.2},{"time":1.3333}]},"nv_tou7":{"rotate":[{},{"time":0.3333,"angle":-6.7},{"time":0.5667,"angle":7.75},{"time":0.6667},{"time":1,"angle":-6.7},{"time":1.2333,"angle":7.75},{"time":1.3333}]},"nv_maozi3":{"translate":[{},{"time":0.3,"x":0.52,"y":1.19},{"time":0.6667},{"time":0.9667,"x":0.52,"y":1.19},{"time":1.3333}]},"nan_jb":{"scale":[{},{"time":0.2,"y":1.104},{"time":0.3667,"x":0.999,"y":1.042},{"time":0.5333,"x":1.091,"y":1.142},{"time":0.6667},{"time":0.8667,"y":1.104},{"time":1.0333,"x":0.999,"y":1.042},{"time":1.2,"x":1.091,"y":1.142},{"time":1.3333}]},"target3":{"translate":[{},{"time":0.1333,"x":1.82,"y":5.22},{"time":0.2333,"x":3.3,"y":-0.66},{"time":0.3333},{"time":0.4667,"x":1.82,"y":5.22},{"time":0.5667,"x":3.3,"y":-0.66},{"time":0.6667},{"time":0.8,"x":1.82,"y":5.22},{"time":0.9,"x":3.3,"y":-0.66},{"time":1},{"time":1.1333,"x":1.82,"y":5.22},{"time":1.2333,"x":3.3,"y":-0.66},{"time":1.3333}]},"nv_naizi_wai4":{"translate":[{},{"time":0.1333,"x":0.09,"y":3.3},{"time":0.3333},{"time":0.4667,"x":0.09,"y":3.3},{"time":0.6667},{"time":0.8,"x":0.09,"y":3.3},{"time":1},{"time":1.1333,"x":0.09,"y":3.3},{"time":1.3333}]}},"deform":{"default":{"nan_st":{"nan_st":[{},{"time":0.6667,"offset":82,"vertices":[-0.36508,0.81738,-0.49874,-0.7434,-0.58224,-0.67998,0.04392,0.86887,0.14521,0.85777,0.27448,0.82555,0.79047,1.44602,0.95415,1.34365,1.14809,1.18226,-0.01627,0.21037,0.01608,0.21039]},{"time":1.3333}]}}},"events":[{"time":0.3333,"name":"plug_into"},{"time":1,"name":"plug_into"}]},"duang":{"slots":{"shejing":{"attachment":[{"time":0.8333,"name":"1"},{"time":0.8667,"name":"2"},{"time":0.9,"name":"3"},{"time":0.9333,"name":"4"},{"time":0.9667,"name":"5"},{"time":1,"name":"6"},{"time":1.0333,"name":"7"},{"time":1.0667,"name":"8"},{"time":1.4,"name":"1"},{"time":1.4333,"name":"2"},{"time":1.4667,"name":"3"},{"time":1.5,"name":"4"},{"time":1.5333,"name":"5"},{"time":1.5667,"name":"6"},{"time":1.6,"name":"7"},{"time":1.6333,"name":"8"},{"time":1.9667,"name":"1"},{"time":2,"name":"2"},{"time":2.0333,"name":"3"},{"time":2.0667,"name":"4"},{"time":2.1,"name":"5"},{"time":2.1333,"name":"6"},{"time":2.1667,"name":"7"},{"time":2.2,"name":"8"}]}},"bones":{"nv_st2":{"rotate":[{},{"time":0.1333,"angle":-3.73},{"time":0.2667},{"time":0.4,"angle":-3.73},{"time":0.5667}]},"nv_st3":{"rotate":[{},{"time":0.1333,"angle":5.88},{"time":0.2667},{"time":0.4,"angle":5.88},{"time":0.5667}]},"nv_shoubi":{"rotate":[{"angle":1.15}]},"nv_shou":{"rotate":[{"angle":-0.41}]},"nv_jiao":{"translate":[{},{"time":0.1333,"x":0.72,"y":0.54},{"time":0.2667},{"time":0.4,"x":0.72,"y":0.54},{"time":0.5667}]},"nan_st":{"translate":[{"time":0.2667},{"time":0.6,"y":0.39},{"time":0.6333,"x":-0.2,"y":0.39},{"time":0.6667,"x":-0.2,"y":-0.39},{"time":0.7,"x":0.39,"y":-0.39},{"time":0.7333,"x":-0.64,"y":-0.39},{"time":0.7667,"x":-0.64,"y":0.12},{"time":0.8,"x":0.39,"y":0.12},{"time":0.8333,"x":-0.12,"y":-0.74},{"time":1.1667,"y":0.39},{"time":1.2,"x":-0.2,"y":0.39},{"time":1.2333,"x":-0.2,"y":-0.39},{"time":1.2667,"x":0.39,"y":-0.39},{"time":1.3,"x":-0.64,"y":-0.39},{"time":1.3333,"x":-0.64,"y":0.12},{"time":1.3667,"x":0.39,"y":0.12},{"time":1.4,"x":-0.12,"y":-0.74},{"time":1.7333,"y":0.39},{"time":1.7667,"x":-0.2,"y":0.39},{"time":1.8,"x":-0.2,"y":-0.39},{"time":1.8333,"x":0.39,"y":-0.39},{"time":1.8667,"x":-0.64,"y":-0.39},{"time":1.9,"x":-0.64,"y":0.12},{"time":1.9333,"x":0.39,"y":0.12},{"time":1.9667,"x":-0.12,"y":-0.74}]},"nan_st7":{"rotate":[{},{"time":0.2667,"angle":-2.64},{"time":0.5667}]},"nan_shou":{"translate":[{},{"time":0.2667,"x":-0.72,"y":-0.06},{"time":0.5667}]},"nan_st2":{"rotate":[{"angle":-0.01}]},"nan_st3":{"rotate":[{"angle":-0.26}]},"nv_jiao2":{"rotate":[{"angle":-0.49}]},"nv_jiao3":{"rotate":[{"angle":0.76}]},"nv_naizi_wai2":{"rotate":[{},{"time":0.0667,"angle":6.91},{"time":0.1333},{"time":0.2,"angle":6.91},{"time":0.2667},{"time":0.3333,"angle":6.91},{"time":0.4},{"time":0.4333,"angle":6.91},{"time":0.5667}],"scale":[{},{"time":0.0667,"x":1.203,"y":1.203},{"time":0.1333},{"time":0.2,"x":1.203,"y":1.203},{"time":0.2667},{"time":0.3333,"x":1.203,"y":1.203},{"time":0.4},{"time":0.4333,"x":1.203,"y":1.203},{"time":0.5667}]},"nv_naizi_wai3":{"rotate":[{},{"time":0.0667,"angle":-10.31},{"time":0.1333},{"time":0.2,"angle":20.66},{"time":0.2333,"angle":-10.31},{"time":0.2667},{"time":0.3333,"angle":20.66},{"time":0.3667,"angle":-10.31},{"time":0.4},{"time":0.4333,"angle":20.66},{"time":0.5,"angle":-10.31},{"time":0.5667},{"time":0.6333,"angle":20.66},{"time":0.6667,"angle":-10.31},{"time":0.7},{"time":0.7333,"angle":20.66},{"time":0.8,"angle":-10.31},{"time":0.8667},{"time":0.9333,"angle":-10.31},{"time":0.9667,"angle":20.66},{"time":1,"angle":-10.31},{"time":1.0667,"curve":"stepped"},{"time":1.1333},{"time":1.2,"angle":20.66},{"time":1.2333,"angle":-10.31},{"time":1.2667},{"time":1.3,"angle":20.66},{"time":1.3667,"angle":-10.31},{"time":1.4333},{"time":1.5,"angle":-10.31},{"time":1.5333,"angle":20.66},{"time":1.5667,"angle":-10.31},{"time":1.6333,"curve":"stepped"},{"time":1.7},{"time":1.7667,"angle":20.66},{"time":1.8,"angle":-10.31},{"time":1.8333},{"time":1.8667,"angle":20.66},{"time":1.9333,"angle":-10.31},{"time":2},{"time":2.0667,"angle":-10.31},{"time":2.1,"angle":20.66},{"time":2.1333,"angle":-10.31},{"time":2.2}],"scale":[{},{"time":0.0667,"x":1.242,"y":1.242},{"time":0.1333},{"time":0.2,"x":1.242,"y":1.242},{"time":0.2667},{"time":0.3333,"x":1.242,"y":1.242},{"time":0.4},{"time":0.4333,"x":1.242,"y":1.242},{"time":0.5667},{"time":0.6333,"x":1.242,"y":1.242},{"time":0.7},{"time":0.7333,"x":1.242,"y":1.242},{"time":0.8667},{"time":0.9,"x":1.242,"y":1.242,"curve":"stepped"},{"time":0.9667,"x":1.242,"y":1.242},{"time":1.0667,"curve":"stepped"},{"time":1.1333},{"time":1.2,"x":1.242,"y":1.242},{"time":1.2667},{"time":1.3,"x":1.242,"y":1.242},{"time":1.4333},{"time":1.4667,"x":1.242,"y":1.242,"curve":"stepped"},{"time":1.5333,"x":1.242,"y":1.242},{"time":1.6333,"curve":"stepped"},{"time":1.7},{"time":1.7667,"x":1.242,"y":1.242},{"time":1.8333},{"time":1.8667,"x":1.242,"y":1.242},{"time":2},{"time":2.0333,"x":1.242,"y":1.242,"curve":"stepped"},{"time":2.1,"x":1.242,"y":1.242},{"time":2.2}]},"nv_naizi_nei3":{"rotate":[{},{"time":0.0667,"angle":25.74},{"time":0.1,"angle":-5.9},{"time":0.1333},{"time":0.2,"angle":25.74},{"time":0.2333,"angle":-5.9},{"time":0.2667},{"time":0.3333,"angle":25.74},{"time":0.4},{"time":0.4333,"angle":25.74},{"time":0.5,"angle":-5.9},{"time":0.5667},{"time":0.6333,"angle":25.74,"curve":"stepped"},{"time":0.7,"angle":25.74},{"time":0.7333,"angle":-5.9},{"time":0.8},{"time":0.8667,"angle":25.74,"curve":"stepped"},{"time":0.9667,"angle":25.74},{"time":1.0333,"angle":-5.9},{"time":1.0667,"curve":"stepped"},{"time":1.1333},{"time":1.2,"angle":25.74,"curve":"stepped"},{"time":1.2667,"angle":25.74},{"time":1.3,"angle":-5.9},{"time":1.3667},{"time":1.4333,"angle":25.74,"curve":"stepped"},{"time":1.5333,"angle":25.74},{"time":1.6,"angle":-5.9},{"time":1.6333,"curve":"stepped"},{"time":1.7},{"time":1.7667,"angle":25.74,"curve":"stepped"},{"time":1.8333,"angle":25.74},{"time":1.8667,"angle":-5.9},{"time":1.9333},{"time":2,"angle":25.74,"curve":"stepped"},{"time":2.1,"angle":25.74},{"time":2.1667,"angle":-5.9},{"time":2.2}],"translate":[{},{"time":0.0667,"x":2.47,"y":1.55},{"time":0.1,"x":0.8,"y":1.83},{"time":0.1333},{"time":0.2,"x":2.47,"y":1.55},{"time":0.2333,"x":0.8,"y":1.83},{"time":0.2667},{"time":0.3333,"x":2.47,"y":1.55},{"time":0.4},{"time":0.4333,"x":2.47,"y":1.55},{"time":0.5,"x":0.8,"y":1.83},{"time":0.5667},{"time":0.6333,"x":2.47,"y":1.55,"curve":"stepped"},{"time":0.7,"x":2.47,"y":1.55},{"time":0.7333,"x":0.8,"y":1.83},{"time":0.8},{"time":0.8667,"x":2.47,"y":1.55,"curve":"stepped"},{"time":0.9667,"x":2.47,"y":1.55},{"time":1.0333,"x":0.8,"y":1.83},{"time":1.0667,"curve":"stepped"},{"time":1.1333},{"time":1.2,"x":2.47,"y":1.55,"curve":"stepped"},{"time":1.2667,"x":2.47,"y":1.55},{"time":1.3,"x":0.8,"y":1.83},{"time":1.3667},{"time":1.4333,"x":2.47,"y":1.55,"curve":"stepped"},{"time":1.5333,"x":2.47,"y":1.55},{"time":1.6,"x":0.8,"y":1.83},{"time":1.6333,"curve":"stepped"},{"time":1.7},{"time":1.7667,"x":2.47,"y":1.55,"curve":"stepped"},{"time":1.8333,"x":2.47,"y":1.55},{"time":1.8667,"x":0.8,"y":1.83},{"time":1.9333},{"time":2,"x":2.47,"y":1.55,"curve":"stepped"},{"time":2.1,"x":2.47,"y":1.55},{"time":2.1667,"x":0.8,"y":1.83},{"time":2.2}],"scale":[{},{"time":0.0667,"x":1.079,"y":1.079},{"time":0.1333},{"time":0.2,"x":1.079,"y":1.079},{"time":0.2667},{"time":0.3333,"x":1.079,"y":1.079},{"time":0.4},{"time":0.4333,"x":1.079,"y":1.079},{"time":0.5667},{"time":0.6333,"x":1.079,"y":1.079,"curve":"stepped"},{"time":0.7,"x":1.079,"y":1.079},{"time":0.8},{"time":0.8667,"x":1.079,"y":1.079,"curve":"stepped"},{"time":0.9667,"x":1.079,"y":1.079},{"time":1.0667,"curve":"stepped"},{"time":1.1333},{"time":1.2,"x":1.079,"y":1.079,"curve":"stepped"},{"time":1.2667,"x":1.079,"y":1.079},{"time":1.3667},{"time":1.4333,"x":1.079,"y":1.079,"curve":"stepped"},{"time":1.5333,"x":1.079,"y":1.079},{"time":1.6333,"curve":"stepped"},{"time":1.7},{"time":1.7667,"x":1.079,"y":1.079,"curve":"stepped"},{"time":1.8333,"x":1.079,"y":1.079},{"time":1.9333},{"time":2,"x":1.079,"y":1.079,"curve":"stepped"},{"time":2.1,"x":1.079,"y":1.079},{"time":2.2}]},"nv_tou6":{"rotate":[{},{"time":0.0667,"angle":-7.8},{"time":0.2,"angle":2.2},{"time":0.2667},{"time":0.3333,"angle":-7.8},{"time":0.4333,"angle":2.2},{"time":0.5667}]},"nv_tou7":{"rotate":[{},{"time":0.1333,"angle":-6.7},{"time":0.2333,"angle":7.75},{"time":0.2667},{"time":0.4,"angle":-6.7},{"time":0.5,"angle":7.75},{"time":0.5667}]},"nv_maozi3":{"translate":[{},{"time":0.1333,"x":0.52,"y":1.19},{"time":0.2667},{"time":0.4,"x":0.52,"y":1.19},{"time":0.5667}]},"nan_jb":{"translate":[{"time":0.2667},{"time":0.6,"y":0.98},{"time":0.6333,"x":0.19,"y":0.39},{"time":0.6667,"x":-0.78,"y":0.59},{"time":0.7,"x":-0.39,"y":1.37},{"time":0.7333,"x":0.39,"y":1.95},{"time":0.7667,"y":0.98},{"time":0.8,"x":0.19,"y":0.39},{"time":0.8333,"x":-0.78,"y":0.59},{"time":0.8667,"x":-0.39,"y":1.37},{"time":0.9,"x":0.39,"y":1.95},{"time":0.9333,"y":0.98},{"time":0.9667,"x":0.19,"y":0.39},{"time":1,"x":-0.78,"y":0.59},{"time":1.0333,"x":-0.39,"y":1.37},{"time":1.0667,"x":0.39,"y":1.95},{"time":1.1667,"y":0.98},{"time":1.2,"x":0.19,"y":0.39},{"time":1.2333,"x":-0.78,"y":0.59},{"time":1.2667,"x":-0.39,"y":1.37},{"time":1.3,"x":0.39,"y":1.95},{"time":1.3333,"y":0.98},{"time":1.3667,"x":0.19,"y":0.39},{"time":1.4,"x":-0.78,"y":0.59},{"time":1.4333,"x":-0.39,"y":1.37},{"time":1.4667,"x":0.39,"y":1.95},{"time":1.5,"y":0.98},{"time":1.5333,"x":0.19,"y":0.39},{"time":1.5667,"x":-0.78,"y":0.59},{"time":1.6,"x":-0.39,"y":1.37},{"time":1.6333,"x":0.39,"y":1.95},{"time":1.7333,"y":0.98},{"time":1.7667,"x":0.19,"y":0.39},{"time":1.8,"x":-0.78,"y":0.59},{"time":1.8333,"x":-0.39,"y":1.37},{"time":1.8667,"x":0.39,"y":1.95},{"time":1.9,"y":0.98},{"time":1.9333,"x":0.19,"y":0.39},{"time":1.9667,"x":-0.78,"y":0.59},{"time":2,"x":-0.39,"y":1.37},{"time":2.0333,"x":0.39,"y":1.95},{"time":2.0667,"y":0.98},{"time":2.1,"x":0.19,"y":0.39},{"time":2.1333,"x":-0.78,"y":0.59},{"time":2.1667,"x":-0.39,"y":1.37},{"time":2.2,"x":0.39,"y":1.95}],"scale":[{},{"time":0.0667,"y":1.104},{"time":0.1667,"x":0.999,"y":1.042},{"time":0.2,"x":1.091,"y":1.142},{"time":0.2667},{"time":0.3333,"y":1.104},{"time":0.4333,"x":0.999,"y":1.042},{"time":0.5,"x":1.091,"y":1.142},{"time":0.5667}]},"target3":{"translate":[{},{"time":0.0667,"x":3.3,"y":-0.66},{"time":0.1333},{"time":0.2,"x":1.82,"y":5.22},{"time":0.2333,"x":3.3,"y":-0.66},{"time":0.2667},{"time":0.3333,"x":1.82,"y":5.22},{"time":0.3667,"x":3.3,"y":-0.66},{"time":0.4},{"time":0.4333,"x":1.82,"y":5.22},{"time":0.5,"x":3.3,"y":-0.66},{"time":0.5667}]},"nv_naizi_wai4":{"translate":[{},{"time":0.0667,"x":0.09,"y":3.3},{"time":0.1333},{"time":0.2,"x":0.09,"y":3.3},{"time":0.2667},{"time":0.3333,"x":0.09,"y":3.3},{"time":0.4},{"time":0.4333,"x":0.09,"y":3.3},{"time":0.5667}]}},"deform":{"default":{"nan_st":{"nan_st":[{},{"time":0.2667,"offset":82,"vertices":[-0.36508,0.81738,-0.49874,-0.7434,-0.58224,-0.67998,0.04392,0.86887,0.14521,0.85777,0.27448,0.82555,0.79047,1.44602,0.95415,1.34365,1.14809,1.18226,-0.01627,0.21037,0.01608,0.21039]},{"time":0.5667}]}}},"events":[{"time":0.1333,"name":"plug_into"},{"time":0.4,"name":"plug_into"},{"time":0.8,"name":"shoot_sperm"},{"time":1.3667,"name":"shoot_sperm"},{"time":1.9333,"name":"shoot_sperm"}]},"shejing":{"slots":{"shejing":{"attachment":[{"time":3.7,"name":"1"},{"time":3.7333,"name":"2"},{"time":3.7667,"name":"3"},{"time":3.8,"name":"4"},{"time":3.8333,"name":"5"},{"time":3.8667,"name":"6"},{"time":3.9,"name":"7"},{"time":3.9333,"name":"8"},{"time":4.2667,"name":"1"},{"time":4.3,"name":"2"},{"time":4.3333,"name":"3"},{"time":4.3667,"name":"4"},{"time":4.4,"name":"5"},{"time":4.4333,"name":"6"},{"time":4.4667,"name":"7"},{"time":4.5,"name":"8"},{"time":4.8333,"name":"1"},{"time":4.8667,"name":"2"},{"time":4.9,"name":"3"},{"time":4.9333,"name":"4"},{"time":4.9667,"name":"5"},{"time":5,"name":"6"},{"time":5.0333,"name":"7"},{"time":5.0667,"name":"8"}]}},"bones":{"nv_st2":{"rotate":[{},{"time":0.3,"angle":-3.73},{"time":0.6},{"time":0.8667,"angle":-3.73},{"time":1.1667},{"time":1.4,"angle":-3.73},{"time":1.6667},{"time":1.9,"angle":-3.73},{"time":2.1667},{"time":2.3333,"angle":-3.73},{"time":2.5},{"time":2.6667,"angle":-3.73},{"time":2.8667},{"time":3,"angle":-3.73},{"time":3.1333},{"time":3.2667,"angle":-3.73},{"time":3.4333}]},"nv_st3":{"rotate":[{},{"time":0.3,"angle":5.88},{"time":0.6},{"time":0.8667,"angle":5.88},{"time":1.1667},{"time":1.4,"angle":5.88},{"time":1.6667},{"time":1.9,"angle":5.88},{"time":2.1667},{"time":2.3333,"angle":5.88},{"time":2.5},{"time":2.6667,"angle":5.88},{"time":2.8667},{"time":3,"angle":5.88},{"time":3.1333},{"time":3.2667,"angle":5.88},{"time":3.4333}]},"nv_shoubi":{"rotate":[{"angle":1.15}]},"nv_shou":{"rotate":[{"angle":-0.41}]},"nv_jiao":{"translate":[{},{"time":0.3,"x":0.72,"y":0.54},{"time":0.6},{"time":0.8667,"x":0.72,"y":0.54},{"time":1.1667},{"time":1.4,"x":0.72,"y":0.54},{"time":1.6667},{"time":1.9,"x":0.72,"y":0.54},{"time":2.1667},{"time":2.3333,"x":0.72,"y":0.54},{"time":2.5},{"time":2.6667,"x":0.72,"y":0.54},{"time":2.8667},{"time":3,"x":0.72,"y":0.54},{"time":3.1333},{"time":3.2667,"x":0.72,"y":0.54},{"time":3.4333}]},"nan_st":{"translate":[{"time":3.1333},{"time":3.4667,"y":0.39},{"time":3.5,"x":-0.2,"y":0.39},{"time":3.5333,"x":-0.2,"y":-0.39},{"time":3.5667,"x":0.39,"y":-0.39},{"time":3.6,"x":-0.64,"y":-0.39},{"time":3.6333,"x":-0.64,"y":0.12},{"time":3.6667,"x":0.39,"y":0.12},{"time":3.7,"x":-0.12,"y":-0.74},{"time":4.0333,"y":0.39},{"time":4.0667,"x":-0.2,"y":0.39},{"time":4.1,"x":-0.2,"y":-0.39},{"time":4.1333,"x":0.39,"y":-0.39},{"time":4.1667,"x":-0.64,"y":-0.39},{"time":4.2,"x":-0.64,"y":0.12},{"time":4.2333,"x":0.39,"y":0.12},{"time":4.2667,"x":-0.12,"y":-0.74},{"time":4.6,"y":0.39},{"time":4.6333,"x":-0.2,"y":0.39},{"time":4.6667,"x":-0.2,"y":-0.39},{"time":4.7,"x":0.39,"y":-0.39},{"time":4.7333,"x":-0.64,"y":-0.39},{"time":4.7667,"x":-0.64,"y":0.12},{"time":4.8,"x":0.39,"y":0.12},{"time":4.8333,"x":-0.12,"y":-0.74}]},"nan_st7":{"rotate":[{"angle":-2.64,"curve":"stepped"},{"time":0.6,"angle":-2.64},{"time":1.1667},{"time":1.6667,"angle":-2.64},{"time":2.1667},{"time":2.5,"angle":-2.64},{"time":2.8667},{"time":3.1333,"angle":-2.64},{"time":3.4333}]},"nan_shou":{"translate":[{"x":-0.72,"y":-0.06,"curve":"stepped"},{"time":0.6,"x":-0.72,"y":-0.06},{"time":1.1667},{"time":1.6667,"x":-0.72,"y":-0.06},{"time":2.1667},{"time":2.5,"x":-0.72,"y":-0.06},{"time":2.8667},{"time":3.1333,"x":-0.72,"y":-0.06},{"time":3.4333}]},"nan_st2":{"rotate":[{"angle":-0.01}]},"nan_st3":{"rotate":[{"angle":-0.26}]},"nv_jiao2":{"rotate":[{"angle":-0.49}]},"nv_jiao3":{"rotate":[{"angle":0.76}]},"nv_naizi_wai2":{"rotate":[{},{"time":0.1333,"angle":6.91},{"time":0.3},{"time":0.4,"angle":6.91},{"time":0.6},{"time":0.7,"angle":6.91},{"time":0.8667},{"time":1,"angle":6.91},{"time":1.1667},{"time":1.2667,"angle":6.91},{"time":1.4},{"time":1.5,"angle":6.91},{"time":1.6667},{"time":1.7667,"angle":6.91},{"time":1.9},{"time":2,"angle":6.91},{"time":2.1667},{"time":2.2333,"angle":6.91},{"time":2.3333},{"time":2.4,"angle":6.91},{"time":2.5},{"time":2.6,"angle":6.91},{"time":2.6667},{"time":2.7333,"angle":6.91},{"time":2.8667},{"time":2.9333,"angle":6.91},{"time":3},{"time":3.0667,"angle":6.91},{"time":3.1333},{"time":3.2,"angle":6.91},{"time":3.2667},{"time":3.3,"angle":6.91},{"time":3.4333}],"scale":[{},{"time":0.1333,"x":1.203,"y":1.203},{"time":0.3},{"time":0.4,"x":1.203,"y":1.203},{"time":0.6},{"time":0.7,"x":1.203,"y":1.203},{"time":0.8667},{"time":1,"x":1.203,"y":1.203},{"time":1.1667},{"time":1.2667,"x":1.203,"y":1.203},{"time":1.4},{"time":1.5,"x":1.203,"y":1.203},{"time":1.6667},{"time":1.7667,"x":1.203,"y":1.203},{"time":1.9},{"time":2,"x":1.203,"y":1.203},{"time":2.1667},{"time":2.2333,"x":1.203,"y":1.203},{"time":2.3333},{"time":2.4,"x":1.203,"y":1.203},{"time":2.5},{"time":2.6,"x":1.203,"y":1.203},{"time":2.6667},{"time":2.7333,"x":1.203,"y":1.203},{"time":2.8667},{"time":2.9333,"x":1.203,"y":1.203},{"time":3},{"time":3.0667,"x":1.203,"y":1.203},{"time":3.1333},{"time":3.2,"x":1.203,"y":1.203},{"time":3.2667},{"time":3.3,"x":1.203,"y":1.203},{"time":3.4333}]},"nv_naizi_wai3":{"rotate":[{},{"time":0.1333,"angle":20.66},{"time":0.2,"angle":-10.31},{"time":0.3},{"time":0.4,"angle":20.66},{"time":0.5,"angle":-10.31},{"time":0.6},{"time":0.7,"angle":20.66},{"time":0.8,"angle":-10.31},{"time":0.8667},{"time":1,"angle":20.66},{"time":1.0667,"angle":-10.31},{"time":1.1667},{"time":1.2667,"angle":20.66},{"time":1.3333,"angle":-10.31},{"time":1.4},{"time":1.5,"angle":20.66},{"time":1.6,"angle":-10.31},{"time":1.6667},{"time":1.7667,"angle":20.66},{"time":1.8333,"angle":-10.31},{"time":1.9},{"time":2,"angle":20.66},{"time":2.1,"angle":-10.31},{"time":2.1667},{"time":2.2333,"angle":20.66},{"time":2.2667,"angle":-10.31},{"time":2.3333},{"time":2.4,"angle":20.66},{"time":2.4667,"angle":-10.31},{"time":2.5},{"time":2.6,"angle":20.66},{"time":2.6333,"angle":-10.31},{"time":2.6667},{"time":2.7333,"angle":20.66},{"time":2.8,"angle":-10.31},{"time":2.8667},{"time":2.9333,"angle":-10.31},{"time":3},{"time":3.0667,"angle":20.66},{"time":3.1,"angle":-10.31},{"time":3.1333},{"time":3.2,"angle":20.66},{"time":3.2333,"angle":-10.31},{"time":3.2667},{"time":3.3,"angle":20.66},{"time":3.3667,"angle":-10.31},{"time":3.4333},{"time":3.5,"angle":20.66},{"time":3.5333,"angle":-10.31},{"time":3.5667},{"time":3.6,"angle":20.66},{"time":3.6667,"angle":-10.31},{"time":3.7333},{"time":3.8,"angle":-10.31},{"time":3.8333,"angle":20.66},{"time":3.8667,"angle":-10.31},{"time":3.9333,"curve":"stepped"},{"time":4},{"time":4.0667,"angle":20.66},{"time":4.1,"angle":-10.31},{"time":4.1333},{"time":4.1667,"angle":20.66},{"time":4.2333,"angle":-10.31},{"time":4.3},{"time":4.3667,"angle":-10.31},{"time":4.4,"angle":20.66},{"time":4.4333,"angle":-10.31},{"time":4.5,"curve":"stepped"},{"time":4.5667},{"time":4.6333,"angle":20.66},{"time":4.6667,"angle":-10.31},{"time":4.7},{"time":4.7333,"angle":20.66},{"time":4.8,"angle":-10.31},{"time":4.8667},{"time":4.9333,"angle":-10.31},{"time":4.9667,"angle":20.66},{"time":5,"angle":-10.31},{"time":5.0667}],"scale":[{},{"time":0.1333,"x":1.242,"y":1.242},{"time":0.3},{"time":0.4,"x":1.242,"y":1.242},{"time":0.6},{"time":0.7,"x":1.242,"y":1.242},{"time":0.8667},{"time":1,"x":1.242,"y":1.242},{"time":1.1667},{"time":1.2667,"x":1.242,"y":1.242},{"time":1.4},{"time":1.5,"x":1.242,"y":1.242},{"time":1.6667},{"time":1.7667,"x":1.242,"y":1.242},{"time":1.9},{"time":2,"x":1.242,"y":1.242},{"time":2.1667},{"time":2.2333,"x":1.242,"y":1.242},{"time":2.3333},{"time":2.4,"x":1.242,"y":1.242},{"time":2.5},{"time":2.6,"x":1.242,"y":1.242},{"time":2.6667},{"time":2.7333,"x":1.242,"y":1.242},{"time":2.8667},{"time":2.9333,"x":1.242,"y":1.242},{"time":3},{"time":3.0667,"x":1.242,"y":1.242},{"time":3.1333},{"time":3.2,"x":1.242,"y":1.242},{"time":3.2667},{"time":3.3,"x":1.242,"y":1.242},{"time":3.4333},{"time":3.5,"x":1.242,"y":1.242},{"time":3.5667},{"time":3.6,"x":1.242,"y":1.242},{"time":3.7333},{"time":3.7667,"x":1.242,"y":1.242,"curve":"stepped"},{"time":3.8333,"x":1.242,"y":1.242},{"time":3.9333,"curve":"stepped"},{"time":4},{"time":4.0667,"x":1.242,"y":1.242},{"time":4.1333},{"time":4.1667,"x":1.242,"y":1.242},{"time":4.3},{"time":4.3333,"x":1.242,"y":1.242,"curve":"stepped"},{"time":4.4,"x":1.242,"y":1.242},{"time":4.5,"curve":"stepped"},{"time":4.5667},{"time":4.6333,"x":1.242,"y":1.242},{"time":4.7},{"time":4.7333,"x":1.242,"y":1.242},{"time":4.8667},{"time":4.9,"x":1.242,"y":1.242,"curve":"stepped"},{"time":4.9667,"x":1.242,"y":1.242},{"time":5.0667}]},"nv_naizi_nei3":{"rotate":[{},{"time":0.1333,"angle":25.74},{"time":0.2333,"angle":-5.9},{"time":0.3},{"time":0.4,"angle":25.74},{"time":0.5333,"angle":-5.9},{"time":0.6},{"time":0.7,"angle":25.74},{"time":0.8333,"angle":-5.9},{"time":0.8667},{"time":1,"angle":25.74},{"time":1.1,"angle":-5.9},{"time":1.1667},{"time":1.2667,"angle":25.74},{"time":1.3667,"angle":-5.9},{"time":1.4},{"time":1.5,"angle":25.74},{"time":1.6,"angle":-5.9},{"time":1.6667},{"time":1.7667,"angle":25.74},{"time":1.8667,"angle":-5.9},{"time":1.9},{"time":2,"angle":25.74},{"time":2.1,"angle":-5.9},{"time":2.1667},{"time":2.2333,"angle":25.74},{"time":2.3,"angle":-5.9},{"time":2.3333},{"time":2.4,"angle":25.74},{"time":2.4667,"angle":-5.9},{"time":2.5},{"time":2.6,"angle":25.74},{"time":2.6667},{"time":2.7333,"angle":25.74},{"time":2.8,"angle":-5.9},{"time":2.8667},{"time":2.9333,"angle":25.74},{"time":2.9667,"angle":-5.9},{"time":3},{"time":3.0667,"angle":25.74},{"time":3.1,"angle":-5.9},{"time":3.1333},{"time":3.2,"angle":25.74},{"time":3.2667},{"time":3.3,"angle":25.74},{"time":3.3667,"angle":-5.9},{"time":3.4333},{"time":3.5,"angle":25.74,"curve":"stepped"},{"time":3.5667,"angle":25.74},{"time":3.6,"angle":-5.9},{"time":3.6667},{"time":3.7333,"angle":25.74,"curve":"stepped"},{"time":3.8333,"angle":25.74},{"time":3.9,"angle":-5.9},{"time":3.9333,"curve":"stepped"},{"time":4},{"time":4.0667,"angle":25.74,"curve":"stepped"},{"time":4.1333,"angle":25.74},{"time":4.1667,"angle":-5.9},{"time":4.2333},{"time":4.3,"angle":25.74,"curve":"stepped"},{"time":4.4,"angle":25.74},{"time":4.4667,"angle":-5.9},{"time":4.5,"curve":"stepped"},{"time":4.5667},{"time":4.6333,"angle":25.74,"curve":"stepped"},{"time":4.7,"angle":25.74},{"time":4.7333,"angle":-5.9},{"time":4.8},{"time":4.8667,"angle":25.74,"curve":"stepped"},{"time":4.9667,"angle":25.74},{"time":5.0333,"angle":-5.9},{"time":5.0667}],"translate":[{},{"time":0.1333,"x":2.47,"y":1.55},{"time":0.2333,"x":0.8,"y":1.83},{"time":0.3},{"time":0.4,"x":2.47,"y":1.55},{"time":0.5333,"x":0.8,"y":1.83},{"time":0.6},{"time":0.7,"x":2.47,"y":1.55},{"time":0.8333,"x":0.8,"y":1.83},{"time":0.8667},{"time":1,"x":2.47,"y":1.55},{"time":1.1,"x":0.8,"y":1.83},{"time":1.1667},{"time":1.2667,"x":2.47,"y":1.55},{"time":1.3667,"x":0.8,"y":1.83},{"time":1.4},{"time":1.5,"x":2.47,"y":1.55},{"time":1.6,"x":0.8,"y":1.83},{"time":1.6667},{"time":1.7667,"x":2.47,"y":1.55},{"time":1.8667,"x":0.8,"y":1.83},{"time":1.9},{"time":2,"x":2.47,"y":1.55},{"time":2.1,"x":0.8,"y":1.83},{"time":2.1667},{"time":2.2333,"x":2.47,"y":1.55},{"time":2.3,"x":0.8,"y":1.83},{"time":2.3333},{"time":2.4,"x":2.47,"y":1.55},{"time":2.4667,"x":0.8,"y":1.83},{"time":2.5},{"time":2.6,"x":2.47,"y":1.55},{"time":2.6667},{"time":2.7333,"x":2.47,"y":1.55},{"time":2.8,"x":0.8,"y":1.83},{"time":2.8667},{"time":2.9333,"x":2.47,"y":1.55},{"time":2.9667,"x":0.8,"y":1.83},{"time":3},{"time":3.0667,"x":2.47,"y":1.55},{"time":3.1,"x":0.8,"y":1.83},{"time":3.1333},{"time":3.2,"x":2.47,"y":1.55},{"time":3.2667},{"time":3.3,"x":2.47,"y":1.55},{"time":3.3667,"x":0.8,"y":1.83},{"time":3.4333},{"time":3.5,"x":2.47,"y":1.55,"curve":"stepped"},{"time":3.5667,"x":2.47,"y":1.55},{"time":3.6,"x":0.8,"y":1.83},{"time":3.6667},{"time":3.7333,"x":2.47,"y":1.55,"curve":"stepped"},{"time":3.8333,"x":2.47,"y":1.55},{"time":3.9,"x":0.8,"y":1.83},{"time":3.9333,"curve":"stepped"},{"time":4},{"time":4.0667,"x":2.47,"y":1.55,"curve":"stepped"},{"time":4.1333,"x":2.47,"y":1.55},{"time":4.1667,"x":0.8,"y":1.83},{"time":4.2333},{"time":4.3,"x":2.47,"y":1.55,"curve":"stepped"},{"time":4.4,"x":2.47,"y":1.55},{"time":4.4667,"x":0.8,"y":1.83},{"time":4.5,"curve":"stepped"},{"time":4.5667},{"time":4.6333,"x":2.47,"y":1.55,"curve":"stepped"},{"time":4.7,"x":2.47,"y":1.55},{"time":4.7333,"x":0.8,"y":1.83},{"time":4.8},{"time":4.8667,"x":2.47,"y":1.55,"curve":"stepped"},{"time":4.9667,"x":2.47,"y":1.55},{"time":5.0333,"x":0.8,"y":1.83},{"time":5.0667}],"scale":[{},{"time":0.1333,"x":1.079,"y":1.079},{"time":0.3},{"time":0.4,"x":1.079,"y":1.079},{"time":0.6},{"time":0.7,"x":1.079,"y":1.079},{"time":0.8667},{"time":1,"x":1.079,"y":1.079},{"time":1.1667},{"time":1.2667,"x":1.079,"y":1.079},{"time":1.4},{"time":1.5,"x":1.079,"y":1.079},{"time":1.6667},{"time":1.7667,"x":1.079,"y":1.079},{"time":1.9},{"time":2,"x":1.079,"y":1.079},{"time":2.1667},{"time":2.2333,"x":1.079,"y":1.079},{"time":2.3333},{"time":2.4,"x":1.079,"y":1.079},{"time":2.5},{"time":2.6,"x":1.079,"y":1.079},{"time":2.6667},{"time":2.7333,"x":1.079,"y":1.079},{"time":2.8667},{"time":2.9333,"x":1.079,"y":1.079},{"time":3},{"time":3.0667,"x":1.079,"y":1.079},{"time":3.1333},{"time":3.2,"x":1.079,"y":1.079},{"time":3.2667},{"time":3.3,"x":1.079,"y":1.079},{"time":3.4333},{"time":3.5,"x":1.079,"y":1.079,"curve":"stepped"},{"time":3.5667,"x":1.079,"y":1.079},{"time":3.6667},{"time":3.7333,"x":1.079,"y":1.079,"curve":"stepped"},{"time":3.8333,"x":1.079,"y":1.079},{"time":3.9333,"curve":"stepped"},{"time":4},{"time":4.0667,"x":1.079,"y":1.079,"curve":"stepped"},{"time":4.1333,"x":1.079,"y":1.079},{"time":4.2333},{"time":4.3,"x":1.079,"y":1.079,"curve":"stepped"},{"time":4.4,"x":1.079,"y":1.079},{"time":4.5,"curve":"stepped"},{"time":4.5667},{"time":4.6333,"x":1.079,"y":1.079,"curve":"stepped"},{"time":4.7,"x":1.079,"y":1.079},{"time":4.8},{"time":4.8667,"x":1.079,"y":1.079,"curve":"stepped"},{"time":4.9667,"x":1.079,"y":1.079},{"time":5.0667}]},"nv_tou6":{"rotate":[{},{"time":0.1667,"angle":-7.8},{"time":0.3667,"angle":2.2},{"time":0.6},{"time":0.7667,"angle":-7.8},{"time":0.9667,"angle":2.2},{"time":1.1667},{"time":1.3,"angle":-7.8},{"time":1.5,"angle":2.2},{"time":1.6667},{"time":1.8,"angle":-7.8},{"time":2,"angle":2.2},{"time":2.1667},{"time":2.2667,"angle":-7.8},{"time":2.4,"angle":2.2},{"time":2.5},{"time":2.6,"angle":-7.8},{"time":2.7333,"angle":2.2},{"time":2.8667},{"time":2.9333,"angle":-7.8},{"time":3.0667,"angle":2.2},{"time":3.1333},{"time":3.2,"angle":-7.8},{"time":3.3,"angle":2.2},{"time":3.4333}]},"nv_tou7":{"rotate":[{},{"time":0.3,"angle":-6.7},{"time":0.5,"angle":7.75},{"time":0.6},{"time":0.8667,"angle":-6.7},{"time":1.0667,"angle":7.75},{"time":1.1667},{"time":1.4,"angle":-6.7},{"time":1.6,"angle":7.75},{"time":1.6667},{"time":1.9,"angle":-6.7},{"time":2.1,"angle":7.75},{"time":2.1667},{"time":2.3333,"angle":-6.7},{"time":2.4667,"angle":7.75},{"time":2.5},{"time":2.6667,"angle":-6.7},{"time":2.8,"angle":7.75},{"time":2.8667},{"time":3,"angle":-6.7},{"time":3.1,"angle":7.75},{"time":3.1333},{"time":3.2667,"angle":-6.7},{"time":3.3667,"angle":7.75},{"time":3.4333}]},"nv_maozi3":{"translate":[{},{"time":0.2667,"x":0.52,"y":1.19},{"time":0.6},{"time":0.8333,"x":0.52,"y":1.19},{"time":1.1667},{"time":1.4,"x":0.52,"y":1.19},{"time":1.6667},{"time":1.9,"x":0.52,"y":1.19},{"time":2.1667},{"time":2.3333,"x":0.52,"y":1.19},{"time":2.5},{"time":2.6667,"x":0.52,"y":1.19},{"time":2.8667},{"time":3,"x":0.52,"y":1.19},{"time":3.1333},{"time":3.2667,"x":0.52,"y":1.19},{"time":3.4333}]},"nan_jb":{"translate":[{"time":3.1333},{"time":3.4667,"y":0.98},{"time":3.5,"x":0.19,"y":0.39},{"time":3.5333,"x":-0.78,"y":0.59},{"time":3.5667,"x":-0.39,"y":1.37},{"time":3.6,"x":0.39,"y":1.95},{"time":3.6333,"y":0.98},{"time":3.6667,"x":0.19,"y":0.39},{"time":3.7,"x":-0.78,"y":0.59},{"time":3.7333,"x":-0.39,"y":1.37},{"time":3.7667,"x":0.39,"y":1.95},{"time":3.8,"y":0.98},{"time":3.8333,"x":0.19,"y":0.39},{"time":3.8667,"x":-0.78,"y":0.59},{"time":3.9,"x":-0.39,"y":1.37},{"time":3.9333,"x":0.39,"y":1.95},{"time":4.0333,"y":0.98},{"time":4.0667,"x":0.19,"y":0.39},{"time":4.1,"x":-0.78,"y":0.59},{"time":4.1333,"x":-0.39,"y":1.37},{"time":4.1667,"x":0.39,"y":1.95},{"time":4.2,"y":0.98},{"time":4.2333,"x":0.19,"y":0.39},{"time":4.2667,"x":-0.78,"y":0.59},{"time":4.3,"x":-0.39,"y":1.37},{"time":4.3333,"x":0.39,"y":1.95},{"time":4.3667,"y":0.98},{"time":4.4,"x":0.19,"y":0.39},{"time":4.4333,"x":-0.78,"y":0.59},{"time":4.4667,"x":-0.39,"y":1.37},{"time":4.5,"x":0.39,"y":1.95},{"time":4.6,"y":0.98},{"time":4.6333,"x":0.19,"y":0.39},{"time":4.6667,"x":-0.78,"y":0.59},{"time":4.7,"x":-0.39,"y":1.37},{"time":4.7333,"x":0.39,"y":1.95},{"time":4.7667,"y":0.98},{"time":4.8,"x":0.19,"y":0.39},{"time":4.8333,"x":-0.78,"y":0.59},{"time":4.8667,"x":-0.39,"y":1.37},{"time":4.9,"x":0.39,"y":1.95},{"time":4.9333,"y":0.98},{"time":4.9667,"x":0.19,"y":0.39},{"time":5,"x":-0.78,"y":0.59},{"time":5.0333,"x":-0.39,"y":1.37},{"time":5.0667,"x":0.39,"y":1.95}],"scale":[{},{"time":0.1667,"y":1.104},{"time":0.3333,"x":0.999,"y":1.042},{"time":0.4667,"x":1.091,"y":1.142},{"time":0.6},{"time":0.7667,"y":1.104},{"time":0.9,"x":0.999,"y":1.042},{"time":1.0667,"x":1.091,"y":1.142},{"time":1.1667},{"time":1.3,"y":1.104},{"time":1.4333,"x":0.999,"y":1.042},{"time":1.5667,"x":1.091,"y":1.142},{"time":1.6667},{"time":1.8,"y":1.104},{"time":1.9333,"x":0.999,"y":1.042},{"time":2.0667,"x":1.091,"y":1.142},{"time":2.1667},{"time":2.2667,"y":1.104},{"time":2.3667,"x":0.999,"y":1.042},{"time":2.4333,"x":1.091,"y":1.142},{"time":2.5},{"time":2.6,"y":1.104},{"time":2.7,"x":0.999,"y":1.042},{"time":2.8,"x":1.091,"y":1.142},{"time":2.8667},{"time":2.9333,"y":1.104},{"time":3.0333,"x":0.999,"y":1.042},{"time":3.0667,"x":1.091,"y":1.142},{"time":3.1333},{"time":3.2,"y":1.104},{"time":3.3,"x":0.999,"y":1.042},{"time":3.3667,"x":1.091,"y":1.142},{"time":3.4333}]},"target3":{"translate":[{},{"time":0.1333,"x":1.82,"y":5.22},{"time":0.2,"x":3.3,"y":-0.66},{"time":0.3},{"time":0.4,"x":1.82,"y":5.22},{"time":0.5,"x":3.3,"y":-0.66},{"time":0.6},{"time":0.7,"x":1.82,"y":5.22},{"time":0.8,"x":3.3,"y":-0.66},{"time":0.8667},{"time":1,"x":1.82,"y":5.22},{"time":1.0667,"x":3.3,"y":-0.66},{"time":1.1667},{"time":1.2667,"x":1.82,"y":5.22},{"time":1.3333,"x":3.3,"y":-0.66},{"time":1.4},{"time":1.5,"x":1.82,"y":5.22},{"time":1.6,"x":3.3,"y":-0.66},{"time":1.6667},{"time":1.7667,"x":1.82,"y":5.22},{"time":1.8333,"x":3.3,"y":-0.66},{"time":1.9},{"time":2,"x":1.82,"y":5.22},{"time":2.1,"x":3.3,"y":-0.66},{"time":2.1667},{"time":2.2333,"x":1.82,"y":5.22},{"time":2.2667,"x":3.3,"y":-0.66},{"time":2.3333},{"time":2.4,"x":1.82,"y":5.22},{"time":2.4667,"x":3.3,"y":-0.66},{"time":2.5},{"time":2.6,"x":1.82,"y":5.22},{"time":2.6333,"x":3.3,"y":-0.66},{"time":2.6667},{"time":2.7333,"x":1.82,"y":5.22},{"time":2.8,"x":3.3,"y":-0.66},{"time":2.8667},{"time":2.9333,"x":3.3,"y":-0.66},{"time":3},{"time":3.0667,"x":1.82,"y":5.22},{"time":3.1,"x":3.3,"y":-0.66},{"time":3.1333},{"time":3.2,"x":1.82,"y":5.22},{"time":3.2333,"x":3.3,"y":-0.66},{"time":3.2667},{"time":3.3,"x":1.82,"y":5.22},{"time":3.3667,"x":3.3,"y":-0.66},{"time":3.4333}]},"nv_naizi_wai4":{"translate":[{},{"time":0.1333,"x":0.09,"y":3.3},{"time":0.3},{"time":0.4,"x":0.09,"y":3.3},{"time":0.6},{"time":0.7,"x":0.09,"y":3.3},{"time":0.8667},{"time":1,"x":0.09,"y":3.3},{"time":1.1667},{"time":1.2667,"x":0.09,"y":3.3},{"time":1.4},{"time":1.5,"x":0.09,"y":3.3},{"time":1.6667},{"time":1.7667,"x":0.09,"y":3.3},{"time":1.9},{"time":2,"x":0.09,"y":3.3},{"time":2.1667},{"time":2.2333,"x":0.09,"y":3.3},{"time":2.3333},{"time":2.4,"x":0.09,"y":3.3},{"time":2.5},{"time":2.6,"x":0.09,"y":3.3},{"time":2.6667},{"time":2.7333,"x":0.09,"y":3.3},{"time":2.8667},{"time":2.9333,"x":0.09,"y":3.3},{"time":3},{"time":3.0667,"x":0.09,"y":3.3},{"time":3.1333},{"time":3.2,"x":0.09,"y":3.3},{"time":3.2667},{"time":3.3,"x":0.09,"y":3.3},{"time":3.4333}]}},"deform":{"default":{"nan_st":{"nan_st":[{"offset":82,"curve":"stepped","vertices":[-0.36508,0.81738,-0.49874,-0.7434,-0.58224,-0.67998,0.04392,0.86887,0.14521,0.85777,0.27448,0.82555,0.79047,1.44602,0.95415,1.34365,1.14809,1.18226,-0.01627,0.21037,0.01608,0.21039]},{"time":0.6,"offset":82,"vertices":[-0.36508,0.81738,-0.49874,-0.7434,-0.58224,-0.67998,0.04392,0.86887,0.14521,0.85777,0.27448,0.82555,0.79047,1.44602,0.95415,1.34365,1.14809,1.18226,-0.01627,0.21037,0.01608,0.21039]},{"time":1.1667},{"time":1.6667,"offset":82,"vertices":[-0.36508,0.81738,-0.49874,-0.7434,-0.58224,-0.67998,0.04392,0.86887,0.14521,0.85777,0.27448,0.82555,0.79047,1.44602,0.95415,1.34365,1.14809,1.18226,-0.01627,0.21037,0.01608,0.21039]},{"time":2.1667},{"time":2.5,"offset":82,"vertices":[-0.36508,0.81738,-0.49874,-0.7434,-0.58224,-0.67998,0.04392,0.86887,0.14521,0.85777,0.27448,0.82555,0.79047,1.44602,0.95415,1.34365,1.14809,1.18226,-0.01627,0.21037,0.01608,0.21039]},{"time":2.8667},{"time":3.1333,"offset":82,"vertices":[-0.36508,0.81738,-0.49874,-0.7434,-0.58224,-0.67998,0.04392,0.86887,0.14521,0.85777,0.27448,0.82555,0.79047,1.44602,0.95415,1.34365,1.14809,1.18226,-0.01627,0.21037,0.01608,0.21039]},{"time":3.4333}]}}},"events":[{"time":0.3,"name":"plug_into"},{"time":0.8667,"name":"plug_into"},{"time":1.4,"name":"plug_into"},{"time":1.9,"name":"plug_into"},{"time":2.3333,"name":"plug_into"},{"time":2.6667,"name":"plug_into"},{"time":3,"name":"plug_into"},{"time":3.2667,"name":"plug_into"},{"time":3.6667,"name":"shoot_sperm"},{"time":4.2333,"name":"shoot_sperm"},{"time":4.8,"name":"shoot_sperm"}]}}},[0]]],0,0,[0],[-1],[0]]