[1,["92FQ0H4c9PYrNxTKCp7DKq","c67QboaRNLz5OmAAHiLKKa"],0,[["sp.SkeletonData",["_name","_atlasText","textureNames","_skeletonJson","textures"],-1,3]],[[0,0,1,2,3,4,5]],[[0,"skeleton","\nskeleton.png\nsize: 2041,1791\nformat: RGBA8888\nfilter: Linear,Linear\nrepeat: none\nb\n  rotate: false\n  xy: 1697, 1327\n  size: 301, 194\n  orig: 342, 194\n  offset: 18, 0\n  index: -1\nb1\n  rotate: false\n  xy: 1049, 603\n  size: 346, 285\n  orig: 363, 307\n  offset: 17, 21\n  index: -1\nb2\n  rotate: false\n  xy: 1361, 1372\n  size: 334, 175\n  orig: 365, 222\n  offset: 15, 46\n  index: -1\ndd\n  rotate: true\n  xy: 820, 2\n  size: 534, 672\n  orig: 556, 672\n  offset: 0, 0\n  index: -1\njy_00000\n  rotate: false\n  xy: 13, 1782\n  size: 18, 7\n  orig: 373, 478\n  offset: 157, 439\n  index: -1\njy_00001\n  rotate: false\n  xy: 33, 1774\n  size: 143, 15\n  orig: 373, 478\n  offset: 97, 436\n  index: -1\njy_00002\n  rotate: false\n  xy: 178, 1770\n  size: 151, 19\n  orig: 373, 478\n  offset: 92, 432\n  index: -1\njy_00003\n  rotate: false\n  xy: 457, 1761\n  size: 157, 28\n  orig: 373, 478\n  offset: 91, 423\n  index: -1\njy_00004\n  rotate: false\n  xy: 616, 1752\n  size: 214, 37\n  orig: 373, 478\n  offset: 88, 413\n  index: -1\njy_00005\n  rotate: false\n  xy: 832, 1741\n  size: 218, 48\n  orig: 373, 478\n  offset: 85, 402\n  index: -1\njy_00006\n  rotate: false\n  xy: 1052, 1735\n  size: 221, 54\n  orig: 373, 478\n  offset: 83, 396\n  index: -1\njy_00007\n  rotate: false\n  xy: 1275, 1719\n  size: 224, 70\n  orig: 373, 478\n  offset: 82, 380\n  index: -1\njy_00008\n  rotate: false\n  xy: 1501, 1700\n  size: 227, 89\n  orig: 373, 478\n  offset: 81, 360\n  index: -1\njy_00009\n  rotate: false\n  xy: 1730, 1684\n  size: 231, 105\n  orig: 373, 478\n  offset: 81, 344\n  index: -1\njy_00010\n  rotate: false\n  xy: 187, 1641\n  size: 236, 127\n  orig: 373, 478\n  offset: 80, 322\n  index: -1\njy_00011\n  rotate: false\n  xy: 1180, 1575\n  size: 237, 142\n  orig: 373, 478\n  offset: 80, 307\n  index: -1\njy_00012\n  rotate: false\n  xy: 1803, 1523\n  size: 236, 159\n  orig: 373, 478\n  offset: 81, 290\n  index: -1\njy_00013\n  rotate: false\n  xy: 1120, 1396\n  size: 239, 177\n  orig: 373, 478\n  offset: 80, 271\n  index: -1\njy_00014\n  rotate: false\n  xy: 2, 1304\n  size: 240, 198\n  orig: 373, 478\n  offset: 80, 250\n  index: -1\njy_00015\n  rotate: false\n  xy: 244, 1231\n  size: 240, 209\n  orig: 373, 478\n  offset: 81, 239\n  index: -1\njy_00016\n  rotate: false\n  xy: 486, 1222\n  size: 239, 218\n  orig: 373, 478\n  offset: 81, 230\n  index: -1\njy_00017\n  rotate: false\n  xy: 727, 1216\n  size: 240, 224\n  orig: 373, 478\n  offset: 81, 223\n  index: -1\njy_00018\n  rotate: false\n  xy: 1455, 1137\n  size: 238, 233\n  orig: 373, 478\n  offset: 82, 214\n  index: -1\njy_00019\n  rotate: false\n  xy: 2, 1069\n  size: 238, 233\n  orig: 373, 478\n  offset: 81, 214\n  index: -1\njy_00020\n  rotate: false\n  xy: 242, 996\n  size: 235, 233\n  orig: 373, 478\n  offset: 81, 214\n  index: -1\njy_00021\n  rotate: true\n  xy: 479, 987\n  size: 233, 236\n  orig: 373, 478\n  offset: 82, 210\n  index: -1\njy_00022\n  rotate: true\n  xy: 969, 1165\n  size: 229, 239\n  orig: 373, 478\n  offset: 84, 207\n  index: -1\njy_00023\n  rotate: true\n  xy: 1210, 1141\n  size: 229, 243\n  orig: 373, 478\n  offset: 84, 202\n  index: -1\njy_00024\n  rotate: true\n  xy: 1695, 1094\n  size: 231, 248\n  orig: 373, 478\n  offset: 85, 197\n  index: -1\njy_00025\n  rotate: false\n  xy: 717, 952\n  size: 237, 262\n  orig: 373, 478\n  offset: 85, 183\n  index: -1\njy_00026\n  rotate: true\n  xy: 956, 897\n  size: 242, 275\n  orig: 373, 478\n  offset: 85, 169\n  index: -1\njy_00027\n  rotate: true\n  xy: 1233, 890\n  size: 245, 297\n  orig: 373, 478\n  offset: 86, 146\n  index: -1\njy_00028\n  rotate: true\n  xy: 1532, 844\n  size: 248, 316\n  orig: 373, 478\n  offset: 87, 126\n  index: -1\njy_00029\n  rotate: true\n  xy: 2, 742\n  size: 252, 333\n  orig: 373, 478\n  offset: 87, 107\n  index: -1\njy_00030\n  rotate: true\n  xy: 337, 731\n  size: 254, 345\n  orig: 373, 478\n  offset: 88, 93\n  index: -1\njy_00031\n  rotate: true\n  xy: 684, 641\n  size: 254, 363\n  orig: 373, 478\n  offset: 88, 74\n  index: -1\njy_00032\n  rotate: true\n  xy: 2, 1504\n  size: 135, 379\n  orig: 373, 478\n  offset: 90, 58\n  index: -1\njy_00033\n  rotate: true\n  xy: 1419, 1549\n  size: 133, 382\n  orig: 373, 478\n  offset: 91, 50\n  index: -1\njy_00034\n  rotate: true\n  xy: 882, 1601\n  size: 132, 296\n  orig: 373, 478\n  offset: 91, 42\n  index: -1\njy_00035\n  rotate: true\n  xy: 591, 1612\n  size: 127, 289\n  orig: 373, 478\n  offset: 92, 39\n  index: -1\njy_00036\n  rotate: true\n  xy: 425, 1632\n  size: 127, 164\n  orig: 373, 478\n  offset: 91, 158\n  index: -1\njy_00037\n  rotate: true\n  xy: 2, 1661\n  size: 107, 183\n  orig: 373, 478\n  offset: 91, 136\n  index: -1\njy_00038\n  rotate: true\n  xy: 331, 1770\n  size: 19, 124\n  orig: 373, 478\n  offset: 178, 115\n  index: -1\njy_00039\n  rotate: true\n  xy: 2, 1784\n  size: 5, 9\n  orig: 373, 478\n  offset: 190, 86\n  index: -1\nmao\n  rotate: false\n  xy: 1397, 538\n  size: 419, 304\n  orig: 427, 309\n  offset: 4, 0\n  index: -1\ntui\n  rotate: false\n  xy: 2, 251\n  size: 816, 388\n  orig: 816, 388\n  offset: 0, 0\n  index: -1\nyy\n  rotate: false\n  xy: 383, 1442\n  size: 735, 157\n  orig: 735, 157\n  offset: 0, 0\n  index: -1\n\nskeleton2.png\nsize: 1710,1577\nformat: RGBA8888\nfilter: Linear,Linear\nrepeat: none\npg\n  rotate: false\n  xy: 2, 615\n  size: 1706, 960\n  orig: 1706, 960\n  offset: 0, 0\n  index: -1\nyf\n  rotate: false\n  xy: 2, 2\n  size: 695, 611\n  orig: 769, 626\n  offset: 32, 15\n  index: -1\n",["skeleton.png","skeleton2.png"],{"skeleton":{"hash":"5SvTXwNo3ebVCa803ARcaJ3/h5c","spine":"3.8.75","x":-852.78,"y":-481.99,"width":1703.89,"height":963.37,"images":"../拆解素材/","audio":""},"bones":[{"name":"root"},{"name":"tui","parent":"root","y":-477.09},{"name":"pg","parent":"root"},{"name":"b1","parent":"root","x":21.03,"y":-92.99},{"name":"b2","parent":"root","x":27.38,"y":-141.1},{"name":"dd","parent":"root","x":35.17,"y":-145.41},{"name":"mao","parent":"root","x":17.8,"y":-321.68},{"name":"yy","parent":"root","x":53.96,"y":401.2},{"name":"yf","parent":"root","x":48.9,"y":645.48},{"name":"pg2","parent":"pg","length":222.21,"rotation":88.62,"x":40.89,"y":253.49},{"name":"pg3","parent":"pg","length":334.21,"rotation":164.81,"x":-23.19,"y":78.34},{"name":"pg4","parent":"pg","length":354.64,"rotation":7.79,"x":86.81,"y":83.68},{"name":"pg5","parent":"pg","length":294.24,"rotation":-117.22,"x":-360.68,"y":-163.03},{"name":"pg6","parent":"pg5","length":353.44,"rotation":-55.14,"x":294.24},{"name":"pg7","parent":"pg","length":319.81,"rotation":-61.04,"x":418.96,"y":-151.28},{"name":"pg8","parent":"pg7","length":265.84,"rotation":52.26,"x":320.48,"y":-0.17},{"name":"dd2","parent":"dd","length":203.01,"rotation":-11.71,"x":10.45,"y":-286.56},{"name":"dd3","parent":"dd","length":204.06,"rotation":-169.82,"x":-38.99,"y":-286.56},{"name":"dd4","parent":"dd","length":181.29,"rotation":89.35,"x":-14.27,"y":-234.03},{"name":"dd5","parent":"dd4","length":179.29,"rotation":2.3,"x":181.29},{"name":"dd6","parent":"dd5","length":166.98,"rotation":5.08,"x":173.12,"y":0.18},{"name":"b3","parent":"b2","length":131.67,"rotation":-126.73,"x":-12.47,"y":68.11},{"name":"b4","parent":"b2","length":135.45,"rotation":-50.82,"x":10.11,"y":68.63},{"name":"yf2","parent":"yf","length":376.37,"rotation":-80.41,"x":223.11,"y":108.44},{"name":"yf3","parent":"yf","length":360.7,"rotation":-98.52,"x":-236.4,"y":110.49},{"name":"b","parent":"root","x":27.34,"y":-128.95},{"name":"b5","parent":"b","length":155.91,"rotation":-129.51,"x":-2.66,"y":67.45},{"name":"b6","parent":"b","length":156.32,"rotation":-48.22,"x":-0.8,"y":63.11},{"name":"b7","parent":"b","length":84.62,"rotation":-146.59,"x":-15.13,"y":-28.64},{"name":"b8","parent":"b","length":91.03,"rotation":-34.91,"x":3.4,"y":-27.14},{"name":"target2","parent":"root","x":-845.31,"y":-473.93,"color":"ff3f00ff"},{"name":"target1","parent":"root","x":834.67,"y":-474.11,"color":"ff3f00ff"},{"name":"jy","parent":"root","x":12.76,"y":-370.19,"scaleX":0.6476},{"name":"jy2","parent":"root","x":12.76,"y":-370.19,"scaleX":0.6476}],"slots":[{"name":"root","bone":"root","attachment":"root"},{"name":"tui","bone":"tui","attachment":"tui"},{"name":"dd","bone":"dd","attachment":"dd"},{"name":"jy","bone":"jy","attachment":"jy_00017","blend":"additive"},{"name":"jy2","bone":"jy2","attachment":"jy_00017","blend":"additive"},{"name":"pg","bone":"pg","attachment":"pg"},{"name":"b1","bone":"b1"},{"name":"b2","bone":"b2"},{"name":"mao","bone":"mao","attachment":"mao"},{"name":"yy","bone":"yy","attachment":"yy","blend":"multiply"},{"name":"yf","bone":"yf","attachment":"yf"},{"name":"b","bone":"b","attachment":"b"}],"ik":[{"name":"target","target":"target2","bendPositive":false,"bones":["pg5","pg6"]},{"name":"target1","order":1,"target":"target1","bones":["pg7","pg8"]}],"skins":[{"name":"default","attachments":{"dd":{"dd":{"type":"mesh","hull":51,"width":556,"height":672,"uvs":[0.38312,0,0.40495,0,0.43727,0.00899,0.47829,0.0267,0.49724,0.04101,0.51977,0.07133,0.54055,0.11921,0.55113,0.11697,0.54986,0.14118,0.575,0.20698,0.60021,0.27607,0.60488,0.28014,0.61904,0.2894,0.60945,0.29863,0.61616,0.31302,0.63574,0.37378,0.63807,0.40332,0.63045,0.48071,0.63163,0.62075,0.62761,0.63872,0.62233,0.74613,0.62504,0.76404,0.66956,0.80402,0.6875,0.81929,0.7254,0.83505,0.81566,0.89143,0.89806,0.94794,0.96028,0.99824,0.95616,1,0,1,0,0.99828,0.00691,0.98773,0.07381,0.93053,0.13734,0.89277,0.24668,0.83164,0.2813,0.80877,0.31447,0.77917,0.32948,0.68103,0.32852,0.6118,0.33344,0.5387,0.33441,0.52603,0.3301,0.31896,0.3314,0.30834,0.32036,0.26729,0.30385,0.23982,0.27322,0.21424,0.26689,0.19973,0.25946,0.15055,0.28861,0.07535,0.31216,0.04057,0.33713,0.01503],"triangles":[8,6,7,44,45,46,46,47,44,48,6,47,6,44,47,0,1,2,49,50,0,2,49,0,3,49,2,48,5,6,3,5,49,4,5,3,5,48,49,8,44,6,43,8,9,8,43,44,42,43,9,42,9,10,42,16,41,13,11,12,16,42,15,15,42,14,10,13,42,11,13,10,14,42,13,17,40,16,40,41,16,39,40,17,18,39,17,38,39,18,19,38,18,37,38,19,20,37,19,36,37,20,36,20,21,36,21,22,35,36,22,28,26,27,29,25,26,23,24,25,23,25,33,35,22,23,26,28,29,29,30,31,23,34,35,23,33,34,29,31,32,32,33,29,29,33,25],"vertices":[1,20,219.8,22.02,1,1,20,218.38,9.97,1,1,20,210.27,-7.17,1,1,20,195.78,-28.43,1,1,20,184.99,-37.76,1,1,20,163.3,-47.82,1,2,19,307.51,-43.6,0.00231,20,129.99,-55.52,0.99769,2,19,308.85,-49.53,0.00268,20,130.79,-61.54,0.99732,2,19,292.6,-48.35,0.01073,20,114.72,-58.93,0.98927,2,19,248.01,-61.05,0.16033,20,69.17,-67.63,0.83967,2,19,201.19,-73.73,0.65786,20,21.41,-76.11,0.34214,2,19,198.38,-76.25,0.70638,20,18.4,-78.37,0.29362,2,19,191.94,-83.94,0.75624,20,11.29,-85.46,0.24376,2,19,185.89,-78.43,0.79206,20,5.76,-79.43,0.20794,2,19,176.12,-81.88,0.87478,20,-4.28,-82,0.12522,2,19,134.99,-91.59,0.99777,20,-46.11,-88.03,0.00223,2,18,300.01,-87.63,0.00031,19,115.11,-92.32,0.99969,2,18,247.96,-83.98,0.05668,19,63.25,-86.59,0.94332,3,16,19.74,213.87,0.00112,18,153.87,-85.71,0.75953,19,-30.84,-84.54,0.23935,3,16,20.01,201.59,0.00377,18,141.76,-83.61,0.8391,19,-42.85,-81.96,0.15713,3,16,31.78,130.32,0.15582,18,69.56,-81.5,0.84402,19,-114.91,-76.95,0.00016,2,16,35.69,118.84,0.24948,18,57.54,-83.14,0.75052,2,16,65.38,97.55,0.57344,18,30.95,-108.2,0.42656,2,16,77.23,89.53,0.69486,18,20.81,-118.29,0.30514,2,16,100.02,83.43,0.83784,18,10.46,-139.48,0.16216,2,16,156.85,56.52,0.98789,18,-26.86,-190.09,0.01211,1,16,209.41,28.63,1,1,16,250.15,2.56,1,1,16,248.14,0.93,1,1,17,243.99,6.44,1,1,17,243.79,5.3,1,1,17,238.75,-0.99,1,1,17,195.35,-32.26,1,2,17,156.1,-51,0.99191,18,-32.04,187.02,0.00809,2,17,89,-80.68,0.77993,18,9.72,126.7,0.22007,2,17,67.35,-92.42,0.59289,18,25.31,107.63,0.40711,2,17,45.68,-108.73,0.32862,18,45.41,89.41,0.67138,3,17,25.81,-172.17,0.03011,18,111.45,81.81,0.94361,19,-66.51,84.55,0.02629,3,17,18.12,-218.06,0.00102,18,157.96,82.88,0.74248,19,-19.99,83.75,0.2565,3,18,207.12,80.7,0.25098,19,29.04,79.6,0.74522,20,-136.47,91.88,0.00381,3,18,215.64,80.26,0.18099,19,37.54,78.82,0.81117,20,-128.08,90.35,0.00784,2,19,176.69,77.21,0.15228,20,10.39,76.42,0.84772,2,19,183.81,76.29,0.09689,20,17.39,74.86,0.90311,2,19,211.56,81.63,0.00493,20,45.51,77.72,0.99507,1,20,64.92,84.68,1,1,20,83.99,99.58,1,1,20,94.08,101.93,1,1,20,127.39,102.16,1,1,20,175.68,80.14,1,1,20,197.35,64.4,1,1,20,212.77,48.6,1],"edges":[0,100,0,2,2,4,4,6,6,8,8,10,10,12,12,14,14,16,16,18,18,20,20,22,22,24,24,26,26,28,28,30,30,32,32,34,34,36,36,38,38,40,40,42,42,44,44,46,46,48,48,50,50,52,52,54,54,56,56,58,58,60,60,62,62,64,64,66,66,68,68,70,70,72,72,74,74,76,76,78,78,80,80,82,82,84,84,86,86,88,88,90,90,92,92,94,94,96,96,98,98,100]}},"jy2":{"jy_00000":{"x":0.5,"width":373,"height":478},"jy_00001":{"x":0.5,"width":373,"height":478},"jy_00002":{"x":0.5,"width":373,"height":478},"jy_00003":{"x":0.5,"width":373,"height":478},"jy_00004":{"x":0.5,"width":373,"height":478},"jy_00005":{"x":0.5,"width":373,"height":478},"jy_00006":{"x":0.5,"width":373,"height":478},"jy_00007":{"x":0.5,"width":373,"height":478},"jy_00008":{"x":0.5,"width":373,"height":478},"jy_00009":{"x":0.5,"width":373,"height":478},"jy_00010":{"x":0.5,"width":373,"height":478},"jy_00011":{"x":0.5,"width":373,"height":478},"jy_00012":{"x":0.5,"width":373,"height":478},"jy_00013":{"x":0.5,"width":373,"height":478},"jy_00014":{"x":0.5,"width":373,"height":478},"jy_00015":{"x":0.5,"width":373,"height":478},"jy_00016":{"x":0.5,"width":373,"height":478},"jy_00017":{"x":0.5,"width":373,"height":478},"jy_00018":{"x":0.5,"width":373,"height":478},"jy_00019":{"x":0.5,"width":373,"height":478},"jy_00020":{"x":0.5,"width":373,"height":478},"jy_00021":{"x":0.5,"width":373,"height":478},"jy_00022":{"x":0.5,"width":373,"height":478},"jy_00023":{"x":0.5,"width":373,"height":478},"jy_00024":{"x":0.5,"width":373,"height":478},"jy_00025":{"x":0.5,"width":373,"height":478},"jy_00026":{"x":0.5,"width":373,"height":478},"jy_00027":{"x":0.5,"width":373,"height":478},"jy_00028":{"x":0.5,"width":373,"height":478},"jy_00029":{"x":0.5,"width":373,"height":478},"jy_00030":{"x":0.5,"width":373,"height":478},"jy_00031":{"x":0.5,"width":373,"height":478},"jy_00032":{"x":0.5,"width":373,"height":478},"jy_00033":{"x":0.5,"width":373,"height":478},"jy_00034":{"x":0.5,"width":373,"height":478},"jy_00035":{"x":0.5,"width":373,"height":478},"jy_00036":{"x":0.5,"width":373,"height":478},"jy_00037":{"x":0.5,"width":373,"height":478},"jy_00038":{"x":0.5,"width":373,"height":478},"jy_00039":{"x":0.5,"width":373,"height":478}},"b":{"b":{"type":"mesh","hull":33,"width":342,"height":194,"uvs":[0.5706,0.07159,0.78711,0.44094,0.90866,0.77463,0.93244,0.88026,0.924,0.90142,0.9241,0.93067,0.91616,0.92138,0.82801,0.83531,0.74685,0.85479,0.74229,0.9596,0.7235,0.99295,0.70275,0.9989,0.68708,0.94339,0.64522,0.89114,0.51129,0.78357,0.47184,0.77337,0.35536,0.86699,0.2936,0.93581,0.25931,0.99688,0.24799,0.99412,0.22195,0.94911,0.2181,0.85239,0.12855,0.84886,0.08421,0.90666,0.05919,0.91417,0.0544,0.90272,0.10786,0.61986,0.16346,0.54133,0.18026,0.49194,0.25631,0.31279,0.39072,0.10976,0.49318,0.0178,0.48896,0.00024],"triangles":[11,12,10,10,12,9,9,12,8,12,13,8,8,13,1,14,1,13,14,15,0,18,19,17,19,20,17,20,21,17,17,21,16,29,15,16,16,21,28,6,4,5,6,7,4,3,4,2,4,7,2,7,8,1,2,7,1,1,14,0,24,25,23,23,25,22,25,26,22,21,26,27,27,28,21,21,22,26,16,28,29,29,30,15,0,30,31,0,15,30,0,31,32],"vertices":[2,26,-29.45,11.1,0.23732,27,2.04,32.3,0.76268,1,27,104.81,39.77,1,1,27,180.78,27.63,1,1,27,201.48,20.04,1,1,27,202.62,15.15,1,1,27,206.87,11.39,1,1,27,203.72,10.57,1,2,27,171.18,-0.78,0.99637,29,111.31,31.46,0.00363,2,27,155.51,-24,0.35049,29,90.71,12.47,0.64951,1,29,101.07,-5.1,1,2,27,170.17,-47.81,0.00001,29,99.5,-14.08,0.99999,2,27,166.3,-53.87,0,29,94.34,-19.09,1,1,29,83.78,-13.32,1,1,29,66.25,-13.2,1,2,28,-1.76,32.75,0.21239,29,16.74,-22.31,0.78761,2,28,8.42,23.67,0.65034,29,4.54,-28.41,0.34966,1,28,51.67,16.9,1,1,28,76.66,16.41,1,1,28,92.97,19.84,1,1,28,95.91,17.26,1,2,26,177.75,27.43,0.0012,28,98.53,5.07,0.9988,2,26,164.11,14.48,0.45475,28,89.3,-11.31,0.54525,1,26,183.07,-9.59,1,1,26,201.37,-14.15,1,1,26,207.94,-19.82,1,1,26,207.27,-22.5,1,1,26,153.3,-43.31,1,1,26,129.45,-38.34,1,1,26,118.4,-40,1,1,26,75.04,-42.05,1,1,26,15.4,-31.64,1,2,26,-20.66,-15.96,0.87142,27,-23.38,19.51,0.12858,2,26,-22.37,-19.24,0.8783,27,-26.88,20.7,0.1217],"edges":[0,64,0,2,2,4,4,6,6,8,8,10,10,12,12,14,14,16,16,18,18,20,20,22,22,24,24,26,26,28,28,30,30,32,32,34,34,36,36,38,38,40,40,42,42,44,44,46,46,48,48,50,50,52,52,54,54,56,56,58,58,60,60,62,62,64]}},"tui":{"tui":{"y":190.84,"width":816,"height":388}},"b1":{"b1":{"x":0.5,"y":0.5,"width":363,"height":307}},"yf":{"yf":{"type":"mesh","hull":53,"width":769,"height":626,"uvs":[0.47553,0,0.49855,0,0.82782,0.19977,0.84887,0.23178,0.88764,0.36567,0.89373,0.38407,0.94417,0.51596,0.94481,0.5281,0.89406,0.61038,0.89392,0.61997,0.89757,0.65919,0.89723,0.71281,0.8934,0.80041,0.89582,0.81772,0.90393,0.83537,0.92551,0.86207,0.91323,0.89784,0.92434,0.91496,0.93771,0.93143,0.94278,0.94375,0.93184,0.97407,0.92627,0.97541,0.86842,0.94293,0.83405,0.91836,0.80292,0.89097,0.76659,0.84562,0.75071,0.84188,0.65222,0.83031,0.51032,0.79859,0.39276,0.82231,0.31174,0.82379,0.23363,0.83027,0.16869,0.89018,0.14403,0.9066,0.09059,0.92168,0.08048,0.92206,0.06244,0.8932,0.05855,0.87418,0.05818,0.86199,0.07615,0.83742,0.0766,0.82765,0.05747,0.78751,0.07612,0.77443,0.08334,0.76459,0.09713,0.61356,0.095,0.60753,0.04271,0.5222,0.04799,0.51274,0.09673,0.38477,0.10201,0.37027,0.13314,0.26657,0.18579,0.18587,0.4624,0.01796],"triangles":[35,36,34,33,34,39,32,33,39,39,34,36,36,37,39,39,40,32,31,32,43,37,38,39,44,30,31,41,42,40,43,32,40,40,42,43,49,29,30,28,51,52,52,0,1,44,31,43,30,44,49,29,49,51,49,50,51,28,29,51,45,48,44,44,48,49,46,47,45,45,47,48,21,19,20,21,22,17,19,21,18,18,21,17,22,16,17,22,23,16,16,23,14,14,23,13,16,14,15,23,24,13,13,24,12,12,24,25,12,25,11,11,25,26,11,26,27,2,28,52,10,11,27,9,10,27,8,27,28,8,28,4,4,2,3,4,28,2,2,52,1,8,9,27,5,8,4,8,6,7,8,5,6],"vertices":[2,23,-241.93,-203.98,0.4981,24,-232.59,185.66,0.5019,2,23,-238.98,-186.52,0.50953,24,-235.21,203.17,0.49047,2,23,-73.48,42.32,0.98822,24,-149.06,472.12,0.01178,2,23,-51.03,54.94,0.99641,24,-131.65,491.1,0.00359,1,23,36.58,70.37,1,1,23,48.72,73.06,1,1,23,136.59,97.56,1,1,23,144.17,96.78,1,1,23,188.46,49.71,1,1,23,194.36,48.61,1,1,23,219.03,47.28,1,1,23,252.09,41.43,1,1,23,305.67,29.39,1,1,23,316.66,29.42,1,1,23,328.59,33.73,1,1,23,347.84,47.31,1,1,23,368.34,34.27,1,1,23,380.34,40.91,1,1,23,392.21,49.33,1,1,23,400.47,51.89,1,1,23,417.78,40.42,1,1,23,417.89,36.06,1,1,23,390.43,-4.41,1,2,23,370.86,-27.91,0.99945,24,295.1,543.52,0.00055,2,23,349.97,-48.66,0.99578,24,281.69,517.3,0.00422,2,23,317.32,-71.48,0.97424,24,257.75,485.47,0.02576,2,23,312.98,-83.12,0.959,24,257.25,473.05,0.041,2,23,293.22,-156.6,0.83963,24,261.31,397.07,0.16037,2,23,255.46,-260.88,0.54085,24,257.84,286.21,0.45915,2,23,255.04,-352.5,0.27396,24,285.93,199.01,0.72604,2,23,245.57,-414.09,0.13908,24,296.08,137.52,0.86092,2,23,239.57,-473.99,0.03891,24,308.99,78.73,0.96109,2,23,268.22,-529.48,0.00199,24,353.48,34.9,0.99801,2,23,275.2,-549.9,0.00025,24,366.46,17.66,0.99975,1,24,381.88,-21.58,1,1,24,383.27,-29.23,1,1,24,367.46,-45.63,1,1,24,356.13,-50.35,1,1,24,348.62,-51.76,1,1,24,331.36,-40.38,1,1,24,325.26,-40.94,1,1,24,302.59,-59.22,1,1,24,292.37,-46.24,1,1,24,285.45,-41.67,1,1,24,190.39,-45.19,1,1,24,186.89,-47.37,1,1,24,140.02,-95.05,1,1,24,133.57,-91.91,1,1,24,48.79,-66.72,1,1,24,39.21,-64.05,1,2,23,-121.26,-491.4,0.00098,24,-28.54,-50,0.99902,2,23,-164.32,-443.06,0.0341,24,-84.5,-17.44,0.9659,2,23,-232.52,-215.8,0.48258,24,-219.97,177.35,0.51742],"edges":[0,104,0,2,2,4,4,6,6,8,8,10,10,12,12,14,14,16,16,18,18,20,20,22,22,24,24,26,26,28,28,30,30,32,32,34,34,36,36,38,38,40,40,42,42,44,44,46,46,48,48,50,50,52,52,54,54,56,56,58,58,60,60,62,62,64,64,66,66,68,68,70,70,72,72,74,74,76,76,78,78,80,80,82,82,84,84,86,86,88,88,90,90,92,92,94,94,96,96,98,98,100,100,102,102,104]}},"jy":{"jy_00000":{"x":0.5,"width":373,"height":478},"jy_00001":{"x":0.5,"width":373,"height":478},"jy_00002":{"x":0.5,"width":373,"height":478},"jy_00003":{"x":0.5,"width":373,"height":478},"jy_00004":{"x":0.5,"width":373,"height":478},"jy_00005":{"x":0.5,"width":373,"height":478},"jy_00006":{"x":0.5,"width":373,"height":478},"jy_00007":{"x":0.5,"width":373,"height":478},"jy_00008":{"x":0.5,"width":373,"height":478},"jy_00009":{"x":0.5,"width":373,"height":478},"jy_00010":{"x":0.5,"width":373,"height":478},"jy_00011":{"x":0.5,"width":373,"height":478},"jy_00012":{"x":0.5,"width":373,"height":478},"jy_00013":{"x":0.5,"width":373,"height":478},"jy_00014":{"x":0.5,"width":373,"height":478},"jy_00015":{"x":0.5,"width":373,"height":478},"jy_00016":{"x":0.5,"width":373,"height":478},"jy_00017":{"x":0.5,"width":373,"height":478},"jy_00018":{"x":0.5,"width":373,"height":478},"jy_00019":{"x":0.5,"width":373,"height":478},"jy_00020":{"x":0.5,"width":373,"height":478},"jy_00021":{"x":0.5,"width":373,"height":478},"jy_00022":{"x":0.5,"width":373,"height":478},"jy_00023":{"x":0.5,"width":373,"height":478},"jy_00024":{"x":0.5,"width":373,"height":478},"jy_00025":{"x":0.5,"width":373,"height":478},"jy_00026":{"x":0.5,"width":373,"height":478},"jy_00027":{"x":0.5,"width":373,"height":478},"jy_00028":{"x":0.5,"width":373,"height":478},"jy_00029":{"x":0.5,"width":373,"height":478},"jy_00030":{"x":0.5,"width":373,"height":478},"jy_00031":{"x":0.5,"width":373,"height":478},"jy_00032":{"x":0.5,"width":373,"height":478},"jy_00033":{"x":0.5,"width":373,"height":478},"jy_00034":{"x":0.5,"width":373,"height":478},"jy_00035":{"x":0.5,"width":373,"height":478},"jy_00036":{"x":0.5,"width":373,"height":478},"jy_00037":{"x":0.5,"width":373,"height":478},"jy_00038":{"x":0.5,"width":373,"height":478},"jy_00039":{"x":0.5,"width":373,"height":478}},"b2":{"b2":{"type":"mesh","hull":31,"width":365,"height":222,"uvs":[0.48915,0.00558,0.55944,0.06327,0.60238,0.11599,0.69509,0.26878,0.78541,0.38344,0.81414,0.43639,0.90764,0.68074,0.93911,0.7555,0.93976,0.70563,0.95347,0.7338,0.95394,0.76126,0.90191,0.77859,0.83496,0.70448,0.80461,0.69442,0.67821,0.72634,0.54241,0.71388,0.29752,0.72342,0.27593,0.6944,0.24754,0.69963,0.19191,0.68481,0.15726,0.69798,0.10019,0.76255,0.04374,0.78975,0.04374,0.74436,0.05237,0.72748,0.08994,0.76073,0.12432,0.65512,0.25129,0.37357,0.29666,0.30844,0.33838,0.21984,0.42314,0.07247],"triangles":[11,7,10,11,6,7,11,12,6,7,9,10,7,8,9,5,13,14,15,29,2,4,14,3,14,15,3,15,2,3,2,30,1,1,30,0,6,12,5,12,13,5,5,14,4,22,25,21,25,23,24,25,22,23,20,21,26,21,25,26,15,16,28,16,17,28,28,29,15,30,2,29,17,18,27,20,26,19,18,19,27,17,27,28,19,26,27],"vertices":[2,21,-38.77,-17.69,0.49341,22,-40.45,15.46,0.50659,2,21,-43.85,10.53,0.09024,22,-14.32,27.26,0.90976,1,22,4.66,32.01,1,1,22,52.33,36.82,1,1,22,92.89,46.29,1,1,22,108.62,47,1,1,22,172.23,39.18,1,1,22,192.36,37.6,1,1,22,183.92,44.78,1,1,22,191.93,44.7,1,1,22,196.77,40.99,1,1,22,187.75,23.83,1,1,22,159.56,15.28,1,1,22,150.83,8.11,1,2,21,48.19,133.31,0.0307,22,127.18,-32.13,0.9693,2,21,75.63,91.93,0.34033,22,93.72,-68.81,0.65967,2,21,130.78,21.56,0.98633,22,38.89,-139.43,0.01367,2,21,130.33,11.39,0.99605,22,28.92,-141.47,0.00395,2,21,137.46,3.78,0.99977,22,23.27,-150.24,0.00023,1,21,146.97,-14.46,1,1,21,156.88,-22.85,1,1,21,180.82,-30.97,1,1,21,197.98,-43.87,1,1,21,189.91,-49.9,1,1,21,185.02,-49.61,1,1,21,182.73,-34.21,1,1,21,156.44,-38.17,1,1,21,78.63,-38.41,1,1,21,57.14,-33.79,1,1,21,32.27,-33.35,1,2,21,-12.46,-28.12,0.88848,22,-44.16,-12.59,0.11152],"edges":[0,60,0,2,2,4,4,6,6,8,8,10,10,12,12,14,14,16,16,18,18,20,20,22,22,24,24,26,26,28,28,30,30,32,32,34,34,36,36,38,38,40,40,42,42,44,44,46,46,48,48,50,50,52,52,54,54,56,56,58,58,60]}},"mao":{"mao":{"x":0.5,"y":0.5,"width":427,"height":309}},"yy":{"yy":{"type":"mesh","hull":4,"width":735,"height":157,"uvs":[1,1,0,1,0,0,1,0],"triangles":[1,2,3,1,3,0],"vertices":[368,-78,-367,-78,-367,79,368,79],"edges":[0,2,2,4,4,6,0,6]}},"root":{"root":{"type":"clipping","end":"root","vertexCount":4,"color":"ce3a3aff","vertices":[-856.26,481.37,853.11,481.37,854.95,-481.99,-852.58,-481.99]}},"pg":{"pg":{"type":"mesh","hull":57,"width":1706,"height":960,"uvs":[0.52963,0,0.63728,0,0.65317,0.05533,0.65939,0.06842,0.67341,0.09051,0.69137,0.11044,0.72844,0.13861,0.7582,0.18245,0.77752,0.2158,0.79835,0.27382,0.82609,0.36702,0.84755,0.46187,0.86453,0.56766,0.87773,0.68535,0.88097,0.77654,0.88025,0.79796,0.88814,0.88948,0.89129,0.88769,0.9258,0.88686,0.95716,0.89566,1,0.92682,1,1,0.71541,1,0.72737,0.98762,0.69036,0.91698,0.61318,0.73563,0.60466,0.72288,0.55402,0.64812,0.51849,0.61545,0.50234,0.61243,0.47093,0.65999,0.45797,0.68218,0.41907,0.74439,0.37591,0.84494,0.30306,0.99181,0.30876,1,0,1,0,0.94596,0.02498,0.93315,0.03342,0.92865,0.07573,0.89384,0.14591,0.88308,0.14971,0.88123,0.15826,0.77226,0.16125,0.68889,0.16693,0.62468,0.18811,0.47138,0.19904,0.41412,0.25032,0.22488,0.2893,0.14798,0.32451,0.10902,0.36871,0.08597,0.37573,0.0799,0.39501,0.05588,0.40718,0.0368,0.41873,0,0.41932,0,0.40869,0.09788,0.44582,0.12374,0.47639,0.16514,0.51862,0.23371,0.5208,0.32815,0.51789,0.41095,0.51425,0.51704,0.2245,0.43295,0.2478,0.53386,0.28711,0.61925,0.34535,0.67358,0.42398,0.66453,0.63219,0.66841,0.70572,0.649,0.75523,0.5869,0.80546,0.47952,0.80983,0.36826,0.54774,0.18067,0.59433,0.11986,0.65112,0.10304,0.34026,0.17937,0.40359,0.22336,0.45892,0.30228,0.46693,0.44977,0.29439,0.2984,0.38685,0.36438,0.41743,0.5662,0.33807,0.50928,0.27546,0.39413,0.59288,0.23371,0.68606,0.18584,0.75159,0.24794,0.6897,0.37861,0.58414,0.40578,0.60598,0.54938,0.70645,0.52351,0.76178,0.43036,0.52856,0.06995,0.52429,0.16675],"triangles":[36,37,38,41,42,34,36,39,40,40,41,36,36,38,39,41,34,36,46,64,65,66,65,84,45,46,65,67,83,68,66,84,67,32,67,68,32,68,31,33,67,32,34,66,67,34,67,33,45,65,66,66,44,45,66,43,44,34,43,66,42,43,34,36,34,35,19,20,21,18,19,21,16,17,18,21,16,18,21,23,16,70,92,71,70,69,92,26,27,69,25,26,69,70,13,14,70,25,69,24,25,70,72,11,12,71,72,12,24,70,14,14,23,24,71,12,13,13,70,71,15,23,14,23,15,16,21,22,23,87,5,6,87,76,5,88,6,7,88,7,8,87,6,88,88,8,9,73,9,10,89,87,88,90,61,86,86,87,89,62,61,90,73,93,88,73,88,9,89,88,93,72,93,73,72,73,10,11,72,10,92,89,93,89,90,86,91,89,92,91,90,89,71,92,93,71,93,72,63,90,91,90,63,62,27,28,63,91,27,63,92,69,91,27,91,69,77,50,51,49,50,77,78,51,57,77,51,78,81,49,77,48,49,81,82,77,78,81,77,82,85,48,81,85,81,82,62,79,61,47,48,85,64,47,85,80,79,62,46,47,64,84,85,82,82,78,79,82,79,80,63,80,62,65,64,85,65,85,84,83,82,80,83,80,63,84,82,83,29,83,63,29,63,28,30,83,29,68,83,30,67,84,83,31,68,30,94,56,0,56,57,54,53,54,57,52,53,57,2,75,1,76,2,3,76,3,4,75,0,1,76,75,2,94,0,75,58,56,94,59,58,94,95,59,94,74,95,94,75,74,94,5,76,4,57,51,52,60,59,95,60,95,74,86,74,75,59,78,58,79,59,60,86,61,60,86,60,74,79,60,61,56,54,55,58,57,56,78,57,58,86,75,76,87,86,76,79,78,59],"vertices":[2,9,226.67,-4.21,0.99953,11,17.78,397.58,0.00047,3,9,231.09,-187.81,0.80713,10,-143.15,-455.07,0.0001,11,199.73,372.69,0.19277,3,9,178.63,-216.19,0.70815,10,-183.23,-410.91,0.00008,11,219.4,316.38,0.29178,3,9,166.33,-227.09,0.65466,10,-196.75,-401.57,0.00006,11,228.2,302.5,0.34528,3,9,145.71,-251.51,0.54159,10,-225.4,-387.37,0.00005,11,249.02,278.25,0.45836,3,9,127.31,-282.61,0.4156,10,-259.98,-376.93,0.00003,11,276.79,255.14,0.58437,3,9,101.79,-346.48,0.23939,10,-328.1,-367.4,0.00002,11,335.79,219.77,0.7606,3,9,60.94,-398.25,0.12562,10,-388.13,-340.09,0.00001,11,380.39,171.19,0.87437,3,9,29.73,-431.97,0.07037,10,-428.32,-317.83,0.00001,11,408.7,135.01,0.92963,4,9,-25.1,-468.84,0.0203,10,-477.21,-273.39,0,11,436.36,75.01,0.97898,14,-278.75,257.16,0.00072,3,10,-546.32,-199.45,0,11,471.12,-20.05,0.87996,14,-177.55,255.24,0.12004,2,11,495.06,-115.23,0.56989,14,-80.15,243.18,0.43011,3,11,510,-219.78,0.23019,14,22.74,219.36,0.7698,15,-8.66,369.82,0.00001,3,11,516.99,-334.77,0.03843,14,132.49,184.34,0.9434,15,30.84,261.6,0.01817,3,11,510.61,-422.25,0.00239,14,211.76,146.79,0.87814,15,49.66,175.93,0.11947,3,11,506.6,-442.46,0.00059,14,229.16,135.75,0.82198,15,51.59,155.42,0.17743,2,14,312.55,104.99,0.21839,15,78.31,70.65,0.78161,2,14,313.65,110.53,0.17815,15,83.36,73.17,0.82185,2,14,341.46,162.43,0.00826,15,141.42,82.94,0.99174,1,15,195.57,82.76,1,1,15,272.38,64.35,1,1,15,283.1,-5.08,1,1,14,262.69,-204.21,1,1,14,262.17,-180.61,1,2,11,170.15,-511.76,0.0052,14,172.26,-203.01,0.9948,4,10,-288.52,237.23,0.02953,11,63.3,-321.43,0.3137,14,-43.82,-233.91,0.65641,12,-197.08,521.35,0.00036,4,10,-271.28,229.23,0.04143,11,50.55,-307.33,0.36769,14,-61.57,-240.71,0.58998,12,-201.31,502.82,0.0009,4,10,-169.11,182.6,0.19365,11,-25.31,-224.52,0.54511,14,-166.19,-281.53,0.2438,12,-225.63,393.18,0.01743,4,10,-102.39,168.23,0.42484,11,-81.13,-185.23,0.41213,14,-222.98,-319.39,0.09458,12,-225.79,324.93,0.06846,4,10,-75.05,172.64,0.54441,11,-108.02,-178.62,0.28119,14,-238.86,-342.08,0.0511,12,-215.78,299.11,0.12331,4,10,-35.29,230.75,0.58779,11,-167.31,-216.6,0.08867,14,-224.86,-411.09,0.01174,12,-150.66,272.32,0.31181,4,10,-19.53,257.1,0.54066,11,-192.1,-234.7,0.0524,14,-216.94,-440.74,0.00601,12,-121.61,262.4,0.40093,4,10,28.85,332.12,0.31579,11,-265.94,-284.89,0.00698,14,-196.81,-527.72,0.00031,12,-38.15,230.71,0.67693,2,10,74.62,444.57,0.06778,12,81.37,209.38,0.93222,4,10,157.62,613.21,0,11,-494.22,-493.4,0,12,263.6,163.34,0.99996,13,-151.54,68.21,0.00004,2,11,-485.65,-502.5,0,12,266.14,175.58,1,1,13,361.93,7.26,1,2,11,-1000.5,-379.72,0,13,355.03,-44.16,1,2,11,-956.62,-373.32,0,13,311.17,-50.68,1,2,11,-941.75,-370.98,0,13,296.31,-53.05,1,2,11,-865.72,-347.66,0,13,220.33,-76.57,1,2,12,293.39,-122.82,0.18957,13,100.3,-70.89,0.81043,2,12,288.84,-117.86,0.25912,13,93.63,-71.79,0.74088,3,10,451.24,474.53,0.00046,12,189.14,-152.74,0.87998,13,65.27,-173.53,0.11956,3,10,467.28,395.96,0.02163,12,115.63,-184.8,0.96139,13,49.57,-252.18,0.01698,3,10,474.08,333.93,0.079,12,56.38,-204.37,0.91981,13,31.77,-311.98,0.00119,2,10,477.79,182.43,0.44657,12,-91.02,-239.56,0.55343,2,10,474.2,124.51,0.62375,12,-148.42,-248.12,0.37625,4,9,-0.6,466.96,0.02586,10,437.37,-73.75,0.97091,11,-483.58,248.26,0,12,-350,-253.4,0.00323,3,9,74.8,402.25,0.12115,10,392.53,-162.41,0.87885,11,-407.69,312.39,0,3,9,113.63,343.11,0.23516,10,344.37,-214.25,0.76483,11,-343.12,341.31,0.00001,3,9,137.56,268.25,0.44411,10,277.39,-255.36,0.55587,11,-265.4,353,0.00002,3,9,143.68,256.43,0.49396,10,267.37,-264.13,0.50602,11,-252.75,357.16,0.00002,3,9,167.52,224.09,0.63641,10,241.66,-294.99,0.36356,11,-217.03,375.54,0.00004,3,9,186.33,203.78,0.72271,10,226.43,-318.11,0.27724,11,-193.98,390.88,0.00005,3,9,222.13,184.93,0.78894,10,216.67,-357.37,0.211,11,-169.68,423.22,0.00007,3,9,222.15,183.91,0.78904,10,215.69,-357.63,0.21089,11,-168.67,423.08,0.00007,3,9,127.78,199.79,0.62295,10,208.58,-262.2,0.37702,11,-199.38,332.44,0.00003,3,9,104.48,135.87,0.75133,10,140.95,-254.84,0.24865,11,-139.99,299.26,0.00002,2,9,66,82.77,0.84237,10,80.19,-230.15,0.15763,2,9,1.92,9.17,0.98215,10,-6.58,-185.5,0.01785,3,9,-88.63,3.27,0.43739,10,-33.93,-98.98,0.26045,11,-39.83,87.5,0.30216,5,9,-168.21,6.33,0.04609,10,-49.97,-20.97,0.49066,11,-55.53,9.41,0.46141,14,-395.24,-225.22,0.00116,12,-399.91,234.24,0.00067,4,10,-70.66,78.95,0.52913,11,-75.48,-90.65,0.39381,14,-309.14,-279.96,0.03728,12,-306.5,275.29,0.03979,2,10,427.54,130.56,0.62051,12,-152.22,-201.22,0.37949,2,10,363.8,213.64,0.34144,12,-84.25,-121.57,0.65856,2,10,277.59,275.17,0.12204,12,-42.02,-24.44,0.87796,3,10,168.04,299.48,0.18872,11,-381.33,-200.5,0.00001,12,-41.08,87.78,0.81126,4,10,40.87,255.94,0.4828,11,-247.26,-210.06,0.02348,14,-259.84,-483.27,0.0021,12,-110.16,203.09,0.49162,4,10,-302.91,166.46,0.03108,11,104.17,-261.89,0.38329,14,-84.57,-174.29,0.5852,12,-269.3,520.68,0.00044,3,10,-419.09,115.61,0.00118,11,230.98,-260.43,0.15302,14,-40.13,-55.51,0.8458,2,11,322.74,-212.81,0.21791,14,-51.4,47.25,0.78209,2,11,421.62,-122.29,0.58513,14,-100.1,172.15,0.41487,4,9,-115.27,-490.59,0.0002,10,-519.87,-191.03,0,11,443.47,-17.47,0.90433,14,-189.94,230.39,0.09547,2,9,54.03,-39.27,0.94575,11,24.88,221.55,0.05425,3,9,114.29,-117.33,0.81579,10,-102.59,-324.82,0.00004,11,111.55,268.61,0.18417,3,9,132.76,-213.79,0.61576,10,-191.85,-365.79,0.00005,11,209.72,271.48,0.38418,3,9,46.76,314.63,0.20853,10,300.75,-156.11,0.79147,11,-325.65,270.75,0.00001,3,9,7.14,205.59,0.35534,10,185.41,-143.67,0.64466,11,-224.32,214.27,0,3,9,-66.33,109.41,0.3601,10,74.46,-95.29,0.63596,11,-141.06,126.41,0.00393,4,10,24.17,37.77,0.96386,11,-146.71,-15.72,0.00946,14,-404.74,-319.33,0.00166,12,-327.02,173.96,0.02501,3,9,-69.35,390.11,0.01093,10,346.32,-25.33,0.98907,11,-418.66,168.14,0,3,9,-128.88,230.9,0.00478,10,177.5,-5.54,0.99522,11,-270.97,84.01,0,4,10,76.39,167.78,0.68053,11,-245.54,-115.02,0.01768,14,-347.84,-447.35,0.00187,12,-188.99,149.98,0.29992,2,10,221.36,150.51,0.62779,12,-175.67,4.6,0.37221,2,10,353.4,71.83,0.8376,12,-225.12,-140.95,0.1624,2,9,4.97,-117.47,0.60209,11,94.28,160.66,0.39791,3,9,54.73,-275.3,0.31388,10,-270.21,-304.7,0.00002,11,258.01,184.65,0.6861,3,9,-2.18,-388.48,0.0734,10,-393.71,-276.46,0.00001,11,360.68,110.43,0.9266,3,9,-130.13,-285.96,0.0001,10,-324.7,-127.74,0,11,239.09,0.46,0.9999,3,11,57.13,-0.98,0.99992,14,-344.86,-123.92,0.00008,12,-456.02,332.47,0,4,10,-229.82,67.9,0.05765,11,75.36,-142.62,0.71341,14,-206.2,-158.08,0.22656,12,-350.46,428.66,0.00238,2,11,248.54,-141.24,0.58494,14,-144.94,3.91,0.41506,2,11,354.18,-65.43,0.83794,14,-177.47,129.8,0.16206,2,9,159.49,-4.01,0.99874,11,6.87,331.29,0.00126,2,9,66.42,1.05,0.99929,10,0.93,-250.07,0.00071],"edges":[2,4,4,6,6,8,8,10,10,12,12,14,14,16,16,18,18,20,20,22,22,24,24,26,26,28,28,30,30,32,32,34,34,36,36,38,38,40,40,42,42,44,44,46,46,48,48,50,50,52,52,54,54,56,56,58,58,60,60,62,62,64,64,66,66,68,68,70,70,72,72,74,74,76,76,78,78,80,80,82,82,84,84,86,86,88,88,90,90,92,92,94,94,96,96,98,98,100,100,102,102,104,104,106,106,108,108,110,110,112,2,0,0,112]}}}}],"events":{"shoot_sperm":{}},"animations":{"cx":{"slots":{"jy":{"attachment":[{"name":null}]},"jy2":{"attachment":[{"name":null}]}},"bones":{"pg":{"translate":[{},{"time":0.3333,"y":-199.24},{"time":0.6667}]},"mao":{"translate":[{},{"time":0.3333,"y":-45.8},{"time":0.6667}],"scale":[{},{"time":0.3333,"y":0.625},{"time":0.6667}]},"yy":{"translate":[{},{"time":0.3333,"y":-208.44},{"time":0.6667}],"scale":[{},{"time":0.2667,"x":0.938,"y":1.529},{"time":0.5,"x":1.081},{"time":0.6667}]},"yf":{"translate":[{},{"time":0.3333,"y":-199.29},{"time":0.6667}]},"pg3":{"translate":[{},{"time":0.2667,"y":-43.15},{"time":0.5,"x":-36.25,"y":-15.53},{"time":0.6667}]},"pg4":{"translate":[{},{"time":0.2667,"x":-15.53,"y":-48.33},{"time":0.5,"x":51.78,"y":-25.89},{"time":0.6667}]},"dd2":{"scale":[{},{"time":0.3333,"y":0.533},{"time":0.6667}]},"dd3":{"scale":[{},{"time":0.3333,"y":0.424},{"time":0.6667}]},"dd4":{"translate":[{},{"time":0.3333,"y":-47.3},{"time":0.6667}],"scale":[{},{"time":0.3333,"x":0.501},{"time":0.6667}]},"yf2":{"rotate":[{},{"time":0.2667,"angle":-4.14},{"time":0.5,"angle":4.13},{"time":0.6667}],"translate":[{},{"time":0.2667,"x":24.82,"y":-30.14},{"time":0.5,"x":14.18,"y":-24.82},{"time":0.6667}]},"yf3":{"rotate":[{},{"time":0.2667,"angle":2.83},{"time":0.5,"angle":-2.42},{"time":0.6667}],"translate":[{},{"time":0.2667,"x":-27.52,"y":-27.52},{"time":0.5,"x":-28.9,"y":-23.39},{"time":0.6667}]},"b":{"translate":[{},{"time":0.3333,"y":-211.85},{"time":0.6667}]},"b5":{"rotate":[{},{"time":0.3333,"angle":-2.17},{"time":0.6667}],"translate":[{},{"time":0.3333,"x":-20.61,"y":-33.2},{"time":0.6667}]},"b6":{"rotate":[{},{"time":0.3333,"angle":3.25},{"time":0.6667}],"translate":[{},{"time":0.3333,"x":20.61,"y":-40.07},{"time":0.6667}]},"b7":{"rotate":[{},{"time":0.3333,"angle":-19.78},{"time":0.6667}],"translate":[{"y":-25.87},{"time":0.3333,"y":2.31},{"time":0.6667,"y":-25.87}]},"b8":{"rotate":[{},{"time":0.3333,"angle":15.18},{"time":0.6667}],"translate":[{"y":-25.87},{"time":0.3333,"y":2.31},{"time":0.6667,"y":-25.87}]},"target2":{"translate":[{},{"time":0.3333,"x":-20.63},{"time":0.6667}]},"target1":{"translate":[{},{"time":0.3333,"x":40.24},{"time":0.6667}]}}},"gc":{"slots":{"jy":{"attachment":[{"name":null},{"time":3.1667,"name":"jy_00000"},{"time":3.2,"name":"jy_00001"},{"time":3.2333,"name":"jy_00002"},{"time":3.2667,"name":"jy_00003"},{"time":3.3,"name":"jy_00004"},{"time":3.3333,"name":"jy_00005"},{"time":3.3667,"name":"jy_00006"},{"time":3.4,"name":"jy_00007"},{"time":3.4333,"name":"jy_00008"},{"time":3.4667,"name":"jy_00009"},{"time":3.5,"name":"jy_00010"},{"time":3.5333,"name":"jy_00011"},{"time":3.5667,"name":"jy_00012"},{"time":3.6,"name":"jy_00013"},{"time":3.6333,"name":"jy_00014"},{"time":3.6667,"name":"jy_00015"},{"time":3.7,"name":"jy_00016"},{"time":3.7333,"name":"jy_00017"},{"time":3.7667,"name":"jy_00018"},{"time":3.8,"name":"jy_00019"},{"time":3.8333,"name":"jy_00020"},{"time":3.8667,"name":"jy_00021"},{"time":3.9,"name":"jy_00022"},{"time":3.9333,"name":"jy_00023"},{"time":3.9667,"name":"jy_00024"},{"time":4,"name":"jy_00025"},{"time":4.0333,"name":"jy_00026"},{"time":4.0667,"name":"jy_00027"},{"time":4.1,"name":"jy_00028"},{"time":4.1333,"name":"jy_00029"},{"time":4.1667,"name":"jy_00030"},{"time":4.2,"name":"jy_00031"},{"time":4.2333,"name":"jy_00032"},{"time":4.2667,"name":"jy_00033"},{"time":4.3,"name":"jy_00034"},{"time":4.3333,"name":"jy_00035"},{"time":4.3667,"name":"jy_00036"},{"time":4.4,"name":"jy_00037"},{"time":4.4333,"name":"jy_00038"},{"time":4.4667,"name":"jy_00039"},{"time":4.8333,"name":null}]},"jy2":{"attachment":[{"name":null},{"time":3.1667,"name":"jy_00000"},{"time":3.2,"name":"jy_00001"},{"time":3.2333,"name":"jy_00002"},{"time":3.2667,"name":"jy_00003"},{"time":3.3,"name":"jy_00004"},{"time":3.3333,"name":"jy_00005"},{"time":3.3667,"name":"jy_00006"},{"time":3.4,"name":"jy_00007"},{"time":3.4333,"name":"jy_00008"},{"time":3.4667,"name":"jy_00009"},{"time":3.5,"name":"jy_00010"},{"time":3.5333,"name":"jy_00011"},{"time":3.5667,"name":"jy_00012"},{"time":3.6,"name":"jy_00013"},{"time":3.6333,"name":"jy_00014"},{"time":3.6667,"name":"jy_00015"},{"time":3.7,"name":"jy_00016"},{"time":3.7333,"name":"jy_00017"},{"time":3.7667,"name":"jy_00018"}]}},"bones":{"pg":{"translate":[{},{"time":0.2333,"y":-199.24},{"time":0.5},{"time":0.6667,"y":-199.24},{"time":0.8333},{"time":1,"y":-199.24},{"time":1.1667},{"time":1.3333,"y":-199.24},{"time":1.5},{"time":1.6333,"y":-199.24},{"time":1.7667},{"time":1.9,"y":-199.24},{"time":2},{"time":2.1333,"y":-199.24},{"time":2.2333},{"time":2.3667,"y":-199.24},{"time":2.4667}]},"mao":{"translate":[{},{"time":0.2333,"y":-45.8},{"time":0.5},{"time":0.6667,"y":-45.8},{"time":0.8333},{"time":1,"y":-45.8},{"time":1.1667},{"time":1.3333,"y":-45.8},{"time":1.5},{"time":1.6333,"y":-45.8},{"time":1.7667},{"time":1.9,"y":-45.8},{"time":2},{"time":2.1333,"y":-45.8},{"time":2.2333},{"time":2.3667,"y":-45.8},{"time":2.4667}],"scale":[{},{"time":0.2333,"y":0.625},{"time":0.5},{"time":0.6667,"y":0.625},{"time":0.8333},{"time":1,"y":0.625},{"time":1.1667},{"time":1.3333,"y":0.625},{"time":1.5},{"time":1.6333,"y":0.625},{"time":1.7667},{"time":1.9,"y":0.625},{"time":2},{"time":2.1333,"y":0.625},{"time":2.2333},{"time":2.3667,"y":0.625},{"time":2.4667}]},"yy":{"translate":[{},{"time":0.2333,"y":-208.44},{"time":0.5},{"time":0.6667,"y":-208.44},{"time":0.8333},{"time":1,"y":-208.44},{"time":1.1667},{"time":1.3333,"y":-208.44},{"time":1.5},{"time":1.6333,"y":-208.44},{"time":1.7667},{"time":1.9,"y":-208.44},{"time":2},{"time":2.1333,"y":-208.44},{"time":2.2333},{"time":2.3667,"y":-208.44},{"time":2.4667},{"time":3,"y":-23.87},{"time":4},{"time":4.8333}],"scale":[{},{"time":0.2,"x":0.938,"y":1.529},{"time":0.3667,"x":1.081},{"time":0.5},{"time":0.6333,"x":0.938,"y":1.529},{"time":0.7333,"x":1.081},{"time":0.8333},{"time":0.9667,"x":0.938,"y":1.529},{"time":1.0667,"x":1.081},{"time":1.1667},{"time":1.3,"x":0.938,"y":1.529},{"time":1.4,"x":1.081},{"time":1.5},{"time":1.6,"x":0.938,"y":1.529},{"time":1.7,"x":1.081},{"time":1.7667},{"time":1.8667,"x":0.938,"y":1.529},{"time":1.9333,"x":1.081},{"time":2},{"time":2.1,"x":0.938,"y":1.529},{"time":2.1667,"x":1.081},{"time":2.2333},{"time":2.3333,"x":0.938,"y":1.529},{"time":2.4,"x":1.081},{"time":2.4667}]},"yf":{"translate":[{},{"time":0.2333,"y":-199.29},{"time":0.5},{"time":0.6667,"y":-199.29},{"time":0.8333},{"time":1,"y":-199.29},{"time":1.1667},{"time":1.3333,"y":-199.29},{"time":1.5},{"time":1.6333,"y":-199.29},{"time":1.7667},{"time":1.9,"y":-199.29},{"time":2},{"time":2.1333,"y":-199.29},{"time":2.2333},{"time":2.3667,"y":-199.29},{"time":2.4667},{"time":3,"y":-23.87},{"time":4},{"time":4.8333}]},"pg3":{"translate":[{},{"time":0.2,"y":-43.15},{"time":0.3667,"x":-36.25,"y":-15.53},{"time":0.5},{"time":0.6333,"y":-43.15},{"time":0.7333,"x":-36.25,"y":-15.53},{"time":0.8333},{"time":0.9667,"y":-43.15},{"time":1.0667,"x":-36.25,"y":-15.53},{"time":1.1667},{"time":1.3,"y":-43.15},{"time":1.4,"x":-36.25,"y":-15.53},{"time":1.5},{"time":1.6,"y":-43.15},{"time":1.7,"x":-36.25,"y":-15.53},{"time":1.7667},{"time":1.8667,"y":-43.15},{"time":1.9333,"x":-36.25,"y":-15.53},{"time":2},{"time":2.1,"y":-43.15},{"time":2.1667,"x":-36.25,"y":-15.53},{"time":2.2333},{"time":2.3333,"y":-43.15},{"time":2.4,"x":-36.25,"y":-15.53},{"time":2.4667},{"time":3,"y":-32.06},{"time":3.6667,"x":-2.47},{"time":4.3,"x":-2.47,"y":-7.4},{"time":4.8333}]},"pg4":{"translate":[{},{"time":0.2,"x":-15.53,"y":-48.33},{"time":0.3667,"x":51.78,"y":-25.89},{"time":0.5},{"time":0.6333,"x":-15.53,"y":-48.33},{"time":0.7333,"x":51.78,"y":-25.89},{"time":0.8333},{"time":0.9667,"x":-15.53,"y":-48.33},{"time":1.0667,"x":51.78,"y":-25.89},{"time":1.1667},{"time":1.3,"x":-15.53,"y":-48.33},{"time":1.4,"x":51.78,"y":-25.89},{"time":1.5},{"time":1.6,"x":-15.53,"y":-48.33},{"time":1.7,"x":51.78,"y":-25.89},{"time":1.7667},{"time":1.8667,"x":-15.53,"y":-48.33},{"time":1.9333,"x":51.78,"y":-25.89},{"time":2},{"time":2.1,"x":-15.53,"y":-48.33},{"time":2.1667,"x":51.78,"y":-25.89},{"time":2.2333},{"time":2.3333,"x":-15.53,"y":-48.33},{"time":2.4,"x":51.78,"y":-25.89},{"time":2.4667},{"time":3,"y":-32.06},{"time":3.6667,"x":-2.47},{"time":4.3,"x":-2.47,"y":-7.4},{"time":4.8333}]},"dd2":{"scale":[{},{"time":0.2333,"y":0.533},{"time":0.5},{"time":0.6667,"y":0.533},{"time":0.8333},{"time":1,"y":0.533},{"time":1.1667},{"time":1.3333,"y":0.533},{"time":1.5},{"time":1.6333,"y":0.533},{"time":1.7667},{"time":1.9,"y":0.533},{"time":2},{"time":2.1333,"y":0.533},{"time":2.2333},{"time":2.3667,"y":0.533},{"time":2.4667}]},"dd3":{"scale":[{},{"time":0.2333,"y":0.424},{"time":0.5},{"time":0.6667,"y":0.424},{"time":0.8333},{"time":1,"y":0.424},{"time":1.1667},{"time":1.3333,"y":0.424},{"time":1.5},{"time":1.6333,"y":0.424},{"time":1.7667},{"time":1.9,"y":0.424},{"time":2},{"time":2.1333,"y":0.424},{"time":2.2333},{"time":2.3667,"y":0.424},{"time":2.4667}]},"dd4":{"translate":[{},{"time":0.2333,"y":-47.3},{"time":0.5},{"time":0.6667,"y":-47.3},{"time":0.8333},{"time":1,"y":-47.3},{"time":1.1667},{"time":1.3333,"y":-47.3},{"time":1.5},{"time":1.6333,"y":-47.3},{"time":1.7667},{"time":1.9,"y":-47.3},{"time":2},{"time":2.1333,"y":-47.3},{"time":2.2333},{"time":2.3667,"y":-47.3},{"time":2.4667,"curve":"stepped"},{"time":3.2},{"time":3.6333,"y":-25.17},{"time":3.9667,"y":-14.38},{"time":4.4667,"y":-24.45},{"time":4.8333}],"scale":[{},{"time":0.2333,"x":0.501},{"time":0.5},{"time":0.6667,"x":0.501},{"time":0.8333},{"time":1,"x":0.501},{"time":1.1667},{"time":1.3333,"x":0.501},{"time":1.5},{"time":1.6333,"x":0.501},{"time":1.7667},{"time":1.9,"x":0.501},{"time":2},{"time":2.1333,"x":0.501},{"time":2.2333},{"time":2.3667,"x":0.501},{"time":2.4667},{"time":2.5333,"y":1.1},{"time":2.5667,"x":0.943,"y":1.037},{"time":2.6,"x":0.97,"y":1.082},{"time":2.6333,"x":0.858,"y":1.113},{"time":2.6667,"y":1.1},{"time":2.7,"x":0.943,"y":1.037},{"time":2.7333,"x":0.97,"y":1.082},{"time":2.7667,"x":0.858,"y":1.113},{"time":2.8,"y":1.1},{"time":2.8333,"x":0.943,"y":1.037},{"time":2.8667,"x":0.97,"y":1.082},{"time":2.9,"x":0.858,"y":1.113},{"time":2.9333,"y":1.1},{"time":2.9667,"x":0.943,"y":1.037},{"time":3,"x":0.97,"y":1.082},{"time":3.0333,"x":0.858,"y":1.113},{"time":3.0667,"y":1.1},{"time":3.1,"x":0.943,"y":1.037},{"time":3.1333,"x":0.97,"y":1.082},{"time":3.1667,"x":0.858,"y":1.113},{"time":3.2,"x":0.858,"y":1.017}]},"yf2":{"rotate":[{},{"time":0.2,"angle":-4.14},{"time":0.3667,"angle":4.13},{"time":0.5},{"time":0.6333,"angle":-4.14},{"time":0.7333,"angle":4.13},{"time":0.8333},{"time":0.9667,"angle":-4.14},{"time":1.0667,"angle":4.13},{"time":1.1667},{"time":1.3,"angle":-4.14},{"time":1.4,"angle":4.13},{"time":1.5},{"time":1.6,"angle":-4.14},{"time":1.7,"angle":4.13},{"time":1.7667},{"time":1.8667,"angle":-4.14},{"time":1.9333,"angle":4.13},{"time":2},{"time":2.1,"angle":-4.14},{"time":2.1667,"angle":4.13},{"time":2.2333},{"time":2.3333,"angle":-4.14},{"time":2.4,"angle":4.13},{"time":2.4667}],"translate":[{},{"time":0.2,"x":24.82,"y":-30.14},{"time":0.3667,"x":14.18,"y":-24.82},{"time":0.5},{"time":0.6333,"x":24.82,"y":-30.14},{"time":0.7333,"x":14.18,"y":-24.82},{"time":0.8333},{"time":0.9667,"x":24.82,"y":-30.14},{"time":1.0667,"x":14.18,"y":-24.82},{"time":1.1667},{"time":1.3,"x":24.82,"y":-30.14},{"time":1.4,"x":14.18,"y":-24.82},{"time":1.5},{"time":1.6,"x":24.82,"y":-30.14},{"time":1.7,"x":14.18,"y":-24.82},{"time":1.7667},{"time":1.8667,"x":24.82,"y":-30.14},{"time":1.9333,"x":14.18,"y":-24.82},{"time":2},{"time":2.1,"x":24.82,"y":-30.14},{"time":2.1667,"x":14.18,"y":-24.82},{"time":2.2333},{"time":2.3333,"x":24.82,"y":-30.14},{"time":2.4,"x":14.18,"y":-24.82},{"time":2.4667}]},"yf3":{"rotate":[{},{"time":0.2,"angle":2.83},{"time":0.3667,"angle":-2.42},{"time":0.5},{"time":0.6333,"angle":2.83},{"time":0.7333,"angle":-2.42},{"time":0.8333},{"time":0.9667,"angle":2.83},{"time":1.0667,"angle":-2.42},{"time":1.1667},{"time":1.3,"angle":2.83},{"time":1.4,"angle":-2.42},{"time":1.5},{"time":1.6,"angle":2.83},{"time":1.7,"angle":-2.42},{"time":1.7667},{"time":1.8667,"angle":2.83},{"time":1.9333,"angle":-2.42},{"time":2},{"time":2.1,"angle":2.83},{"time":2.1667,"angle":-2.42},{"time":2.2333},{"time":2.3333,"angle":2.83},{"time":2.4,"angle":-2.42},{"time":2.4667}],"translate":[{},{"time":0.2,"x":-27.52,"y":-27.52},{"time":0.3667,"x":-28.9,"y":-23.39},{"time":0.5},{"time":0.6333,"x":-27.52,"y":-27.52},{"time":0.7333,"x":-28.9,"y":-23.39},{"time":0.8333},{"time":0.9667,"x":-27.52,"y":-27.52},{"time":1.0667,"x":-28.9,"y":-23.39},{"time":1.1667},{"time":1.3,"x":-27.52,"y":-27.52},{"time":1.4,"x":-28.9,"y":-23.39},{"time":1.5},{"time":1.6,"x":-27.52,"y":-27.52},{"time":1.7,"x":-28.9,"y":-23.39},{"time":1.7667},{"time":1.8667,"x":-27.52,"y":-27.52},{"time":1.9333,"x":-28.9,"y":-23.39},{"time":2},{"time":2.1,"x":-27.52,"y":-27.52},{"time":2.1667,"x":-28.9,"y":-23.39},{"time":2.2333},{"time":2.3333,"x":-27.52,"y":-27.52},{"time":2.4,"x":-28.9,"y":-23.39},{"time":2.4667}]},"b":{"translate":[{},{"time":0.2333,"y":-211.85},{"time":0.5},{"time":0.6667,"y":-211.85},{"time":0.8333},{"time":1,"y":-211.85},{"time":1.1667},{"time":1.3333,"y":-211.85},{"time":1.5},{"time":1.6333,"y":-211.85},{"time":1.7667},{"time":1.9,"y":-211.85},{"time":2},{"time":2.1333,"y":-211.85},{"time":2.2333},{"time":2.3667,"y":-211.85},{"time":2.4667},{"time":3,"y":-22.83},{"time":3.6667,"y":2.17},{"time":4.3333,"y":-5.43},{"time":4.8333}]},"b5":{"rotate":[{},{"time":0.2333,"angle":-2.17},{"time":0.5},{"time":0.6667,"angle":-2.17},{"time":0.8333},{"time":1,"angle":-2.17},{"time":1.1667},{"time":1.3333,"angle":-2.17},{"time":1.5},{"time":1.6333,"angle":-2.17},{"time":1.7667},{"time":1.9,"angle":-2.17},{"time":2},{"time":2.1333,"angle":-2.17},{"time":2.2333},{"time":2.3667,"angle":-2.17},{"time":2.4667}],"translate":[{},{"time":0.2333,"x":-20.61,"y":-33.2},{"time":0.5},{"time":0.6667,"x":-20.61,"y":-33.2},{"time":0.8333},{"time":1,"x":-20.61,"y":-33.2},{"time":1.1667},{"time":1.3333,"x":-20.61,"y":-33.2},{"time":1.5},{"time":1.6333,"x":-20.61,"y":-33.2},{"time":1.7667},{"time":1.9,"x":-20.61,"y":-33.2},{"time":2},{"time":2.1333,"x":-20.61,"y":-33.2},{"time":2.2333},{"time":2.3667,"x":-20.61,"y":-33.2},{"time":2.4667}]},"b6":{"rotate":[{},{"time":0.2333,"angle":3.25},{"time":0.5},{"time":0.6667,"angle":3.25},{"time":0.8333},{"time":1,"angle":3.25},{"time":1.1667},{"time":1.3333,"angle":3.25},{"time":1.5},{"time":1.6333,"angle":3.25},{"time":1.7667},{"time":1.9,"angle":3.25},{"time":2},{"time":2.1333,"angle":3.25},{"time":2.2333},{"time":2.3667,"angle":3.25},{"time":2.4667}],"translate":[{},{"time":0.2333,"x":20.61,"y":-40.07},{"time":0.5},{"time":0.6667,"x":20.61,"y":-40.07},{"time":0.8333},{"time":1,"x":20.61,"y":-40.07},{"time":1.1667},{"time":1.3333,"x":20.61,"y":-40.07},{"time":1.5},{"time":1.6333,"x":20.61,"y":-40.07},{"time":1.7667},{"time":1.9,"x":20.61,"y":-40.07},{"time":2},{"time":2.1333,"x":20.61,"y":-40.07},{"time":2.2333},{"time":2.3667,"x":20.61,"y":-40.07},{"time":2.4667}]},"b7":{"rotate":[{},{"time":0.2333,"angle":-19.78},{"time":0.5},{"time":0.6667,"angle":-19.78},{"time":0.8333},{"time":1,"angle":-19.78},{"time":1.1667},{"time":1.3333,"angle":-19.78},{"time":1.5},{"time":1.6333,"angle":-19.78},{"time":1.7667},{"time":1.9,"angle":-19.78},{"time":2},{"time":2.1333,"angle":-19.78},{"time":2.2333},{"time":2.3667,"angle":-19.78},{"time":2.4667}],"translate":[{"y":-25.87},{"time":0.2333,"y":2.31},{"time":0.5,"y":-25.87},{"time":0.6667,"y":2.31},{"time":0.8333,"y":-25.87},{"time":1,"y":2.31},{"time":1.1667,"y":-25.87},{"time":1.3333,"y":2.31},{"time":1.5,"y":-25.87},{"time":1.6333,"y":2.31},{"time":1.7667,"y":-25.87},{"time":1.9,"y":2.31},{"time":2,"y":-25.87},{"time":2.1333,"y":2.31},{"time":2.2333,"y":-25.87},{"time":2.3667,"y":2.31},{"time":2.4667,"y":-25.87},{"time":2.5,"x":-6.4,"y":-29.43},{"time":2.5333,"x":-7.11,"y":-32.98},{"time":2.5667,"x":-7.11,"y":-35.11},{"time":2.6,"x":-10.67,"y":-35.11},{"time":2.6333,"x":-12.09,"y":-37.96},{"time":2.6667,"x":-6.4,"y":-29.43},{"time":2.7,"x":-7.11,"y":-32.98},{"time":2.7333,"x":-7.11,"y":-35.11},{"time":2.7667,"x":-10.67,"y":-35.11},{"time":2.8,"x":-12.09,"y":-37.96},{"time":2.8333,"x":-6.4,"y":-29.43},{"time":2.8667,"x":-7.11,"y":-32.98},{"time":2.9,"x":-7.11,"y":-35.11},{"time":2.9333,"x":-10.67,"y":-35.11},{"time":2.9667,"x":-12.09,"y":-37.96},{"time":3,"x":-6.4,"y":-29.43},{"time":3.0333,"x":-7.11,"y":-32.98},{"time":3.0667,"x":-7.11,"y":-35.11},{"time":3.1,"x":-10.67,"y":-35.11},{"time":3.1333,"x":-12.09,"y":-37.96},{"time":3.1667,"x":-9.95,"y":-36.54},{"time":3.2,"x":-7.82,"y":-34.4}]},"b8":{"rotate":[{},{"time":0.2333,"angle":15.18},{"time":0.5},{"time":0.6667,"angle":15.18},{"time":0.8333},{"time":1,"angle":15.18},{"time":1.1667},{"time":1.3333,"angle":15.18},{"time":1.5},{"time":1.6333,"angle":15.18},{"time":1.7667},{"time":1.9,"angle":15.18},{"time":2},{"time":2.1333,"angle":15.18},{"time":2.2333},{"time":2.3667,"angle":15.18},{"time":2.4667}],"translate":[{"y":-25.87},{"time":0.2333,"y":2.31},{"time":0.5,"y":-25.87},{"time":0.6667,"y":2.31},{"time":0.8333,"y":-25.87},{"time":1,"y":2.31},{"time":1.1667,"y":-25.87},{"time":1.3333,"y":2.31},{"time":1.5,"y":-25.87},{"time":1.6333,"y":2.31},{"time":1.7667,"y":-25.87},{"time":1.9,"y":2.31},{"time":2,"y":-25.87},{"time":2.1333,"y":2.31},{"time":2.2333,"y":-25.87},{"time":2.3667,"y":2.31},{"time":2.4667,"y":-25.87},{"time":2.5,"x":6.4,"y":-27.29},{"time":2.5333,"x":9.24,"y":-32.27},{"time":2.5667,"x":4.98,"y":-34.4},{"time":2.6,"x":9.95,"y":-32.27},{"time":2.6333,"x":12.09,"y":-35.11},{"time":2.6667,"x":9.24,"y":-35.11}]},"target2":{"translate":[{},{"time":0.2333,"x":-20.63},{"time":0.5},{"time":0.6667,"x":-20.63},{"time":0.8333},{"time":1,"x":-20.63},{"time":1.1667},{"time":1.3333,"x":-20.63},{"time":1.5},{"time":1.6333,"x":-20.63},{"time":1.7667},{"time":1.9,"x":-20.63},{"time":2},{"time":2.1333,"x":-20.63},{"time":2.2333},{"time":2.3667,"x":-20.63},{"time":2.4667}]},"target1":{"translate":[{},{"time":0.2333,"x":40.24},{"time":0.5},{"time":0.6667,"x":40.24},{"time":0.8333},{"time":1,"x":40.24},{"time":1.1667},{"time":1.3333,"x":40.24},{"time":1.5},{"time":1.6333,"x":40.24},{"time":1.7667},{"time":1.9,"x":40.24},{"time":2},{"time":2.1333,"x":40.24},{"time":2.2333},{"time":2.3667,"x":40.24},{"time":2.4667}]},"jy2":{"translate":[{"time":3.7667},{"time":4.4333,"y":-43.03},{"time":4.8333,"y":-36.33}],"scale":[{"time":3.7667},{"time":4.4333,"y":1.291}]}},"events":[{"time":3.1667,"name":"shoot_sperm"}]},"js":{"slots":{"jy":{"attachment":[{"name":"jy_00001"},{"time":1.6333,"name":null}]},"jy2":{"attachment":[{"name":"jy_00018"}]}},"bones":{"yy":{"translate":[{},{"time":0.8333,"y":7.98},{"time":1.6333}]},"yf":{"translate":[{},{"time":0.8333,"y":7.98},{"time":1.6333}]},"pg3":{"translate":[{},{"time":0.8333,"y":27.79},{"time":1.6333}]},"pg4":{"translate":[{},{"time":0.8333,"x":4.63,"y":23.16},{"time":1.6333}]},"dd4":{"translate":[{},{"time":0.4333,"y":-25.17},{"time":0.7667,"y":-14.38},{"time":1.2667,"y":-24.45},{"time":1.6333}],"scale":[{"x":0.858,"y":1.017}]},"b":{"translate":[{},{"time":0.8333,"y":28.29},{"time":1.6333}]},"b7":{"translate":[{"x":-7.82,"y":-34.4}]},"b8":{"translate":[{"x":9.24,"y":-35.11}]},"jy2":{"translate":[{"y":-36.33},{"time":1.2333,"y":-43.03},{"time":1.6333,"y":-36.33}],"scale":[{"y":1.291}]}}}}},[0,1]]],0,0,[0,0],[-1,-2],[0,1]]