[1,["f9nNSGvCJPuYUCZXTucftP"],0,[["sp.SkeletonData",["_name","_atlasText","textureNames","_skeletonJson","textures"],-1,3]],[[0,0,1,2,3,4,5]],[[0,"skeleton","\nskeleton.png\nsize: 548,142\nformat: RGBA8888\nfilter: Linear,Linear\nrepeat: none\nnan_datui\n  rotate: true\n  xy: 479, 7\n  size: 36, 67\n  orig: 36, 67\n  offset: 0, 0\n  index: -1\nnan_jb\n  rotate: true\n  xy: 353, 44\n  size: 10, 16\n  orig: 10, 16\n  offset: 0, 0\n  index: -1\nnan_nj\n  rotate: true\n  xy: 193, 12\n  size: 21, 85\n  orig: 21, 85\n  offset: 0, 0\n  index: -1\nnan_ns\n  rotate: false\n  xy: 387, 3\n  size: 44, 51\n  orig: 47, 51\n  offset: 3, 0\n  index: -1\nnan_shou\n  rotate: true\n  xy: 280, 2\n  size: 38, 33\n  orig: 43, 33\n  offset: 0, 0\n  index: -1\nnan_shoubi\n  rotate: true\n  xy: 2, 4\n  size: 25, 50\n  orig: 28, 50\n  offset: 0, 0\n  index: -1\nnan_st\n  rotate: false\n  xy: 2, 31\n  size: 48, 109\n  orig: 48, 109\n  offset: 0, 0\n  index: -1\nnan_xiaotui\n  rotate: false\n  xy: 434, 79\n  size: 36, 61\n  orig: 36, 61\n  offset: 0, 0\n  index: -1\nnv_datui\n  rotate: true\n  xy: 479, 93\n  size: 47, 67\n  orig: 47, 67\n  offset: 0, 0\n  index: -1\nnv_maozi\n  rotate: true\n  xy: 156, 2\n  size: 31, 35\n  orig: 31, 35\n  offset: 0, 0\n  index: -1\nnv_naizi\n  rotate: true\n  xy: 84, 6\n  size: 25, 33\n  orig: 25, 37\n  offset: 0, 4\n  index: -1\nnv_nj\n  rotate: false\n  xy: 433, 6\n  size: 44, 48\n  orig: 44, 48\n  offset: 0, 0\n  index: -1\nnv_shou\n  rotate: false\n  xy: 54, 3\n  size: 28, 28\n  orig: 30, 28\n  offset: 1, 0\n  index: -1\nnv_shoubi\n  rotate: false\n  xy: 119, 8\n  size: 35, 23\n  orig: 35, 23\n  offset: 0, 0\n  index: -1\nnv_st\n  rotate: true\n  xy: 315, 3\n  size: 37, 70\n  orig: 37, 70\n  offset: 0, 0\n  index: -1\nnv_tou\n  rotate: true\n  xy: 479, 45\n  size: 46, 67\n  orig: 47, 68\n  offset: 0, 1\n  index: -1\ns1\n  rotate: false\n  xy: 353, 56\n  size: 79, 84\n  orig: 116, 116\n  offset: 18, 6\n  index: -1\ns2\n  rotate: false\n  xy: 256, 42\n  size: 95, 98\n  orig: 116, 116\n  offset: 10, 4\n  index: -1\ns3\n  rotate: false\n  xy: 156, 35\n  size: 98, 105\n  orig: 116, 116\n  offset: 7, 2\n  index: -1\ns4\n  rotate: false\n  xy: 52, 33\n  size: 102, 107\n  orig: 116, 116\n  offset: 5, 2\n  index: -1\n",["skeleton.png"],{"skeleton":{"hash":"lTmvh4GQc9/s3zceg5AHZDscn5o","spine":"3.8.75","x":-49.88,"y":-105.73,"width":109.1,"height":213.13,"images":"../拆解素材/","audio":""},"bones":[{"name":"root"},{"name":"nan_st","parent":"root","x":-34.2,"y":7.19},{"name":"nan_datui","parent":"nan_st","length":55,"rotation":-75.32,"x":-1.6,"y":1.89},{"name":"nan_xiaotui","parent":"nan_datui","length":45,"rotation":-34.48,"x":54.89,"y":0.19},{"name":"nan_nj","parent":"nan_st","x":10.12,"y":1.43},{"name":"nan_st2","parent":"nan_st","length":23.87,"rotation":88.23,"x":0.09,"y":0.37},{"name":"nan_st3","parent":"nan_st2","length":23.47,"rotation":-3.64,"x":23.87},{"name":"nan_shoubi","parent":"nan_st3","length":35,"rotation":-155.13,"x":18.3,"y":-1.74},{"name":"nan_shou","parent":"nan_shoubi","length":30,"rotation":31.66,"x":35.98,"y":0.36},{"name":"nan_ns","parent":"nan_st3","rotation":-84.59,"x":16.84,"y":-9.64,"color":"ffffffff"},{"name":"nv_st","parent":"root","x":22.64,"y":-54.37},{"name":"nv_st2","parent":"nv_st","length":18.25,"rotation":117.41,"x":-0.05,"y":0.09},{"name":"nv_st3","parent":"nv_st2","length":20.55,"rotation":-14.59,"x":18.28,"y":0.05},{"name":"nv_st4","parent":"nv_st3","length":20.49,"rotation":-4.57,"x":20.25,"y":0.01},{"name":"nv_tou","parent":"nv_st4","rotation":-98.25,"x":20.92,"y":-0.08},{"name":"nv_maozi","parent":"nv_tou","x":7.43,"y":32.78},{"name":"nv_naizi","parent":"nv_st3","rotation":-102.82,"x":7.07,"y":7.86},{"name":"nv_shoubi","parent":"nv_st3","length":23,"rotation":94.18,"x":20.33,"y":0.3},{"name":"nv_shou","parent":"nv_shoubi","length":20,"rotation":-68.99,"x":23.1,"y":0.13},{"name":"nv_datui","parent":"nv_st","x":3.49,"y":2.2},{"name":"nv_nj","parent":"nv_st","x":-2.79,"y":4.91},{"name":"nv_datui2","parent":"nv_datui","length":41.72,"rotation":-99.41,"x":0.15,"y":-1.05},{"name":"nv_datui3","parent":"nv_datui2","length":34.63,"rotation":106.91,"x":41.72},{"name":"target5","parent":"root","x":53.96,"y":-90.19,"color":"ff3f00ff"},{"name":"nv_datui4","parent":"target5","length":10.4,"rotation":-92.24},{"name":"nv_naizi2","parent":"nv_naizi","length":9.76,"rotation":93.08,"x":0.28,"y":1.04},{"name":"nv_naizi3","parent":"nv_naizi","length":10.25,"rotation":-95.46,"x":0.13,"y":-1.36},{"name":"nv_naizi4","parent":"nv_naizi","length":8.11,"rotation":-157.71,"x":-1.67,"y":-0.01},{"name":"nv_naizi5","parent":"nv_naizi4","length":7.62,"rotation":-1.54,"x":8.11},{"name":"nv_tou2","parent":"nv_tou","length":13.08,"rotation":130.15,"x":-0.1,"y":-0.02},{"name":"nv_tou3","parent":"nv_tou2","length":13.86,"rotation":-10.44,"x":13.08},{"name":"nv_tou4","parent":"nv_tou","length":9.71,"rotation":-52.97,"x":-2.62,"y":28.88},{"name":"nv_tou5","parent":"nv_tou4","length":11.1,"rotation":-14.71,"x":9.71},{"name":"nv_tou6","parent":"nv_tou5","length":11.43,"rotation":-11.35,"x":11.13,"y":0.06},{"name":"nv_tou7","parent":"nv_tou6","length":9.87,"rotation":-1.06,"x":11.43},{"name":"nv_tou8","parent":"nv_tou7","length":9.27,"rotation":2.79,"x":9.74,"y":-0.05},{"name":"nv_tou9","parent":"nv_tou8","length":11.36,"rotation":-3.76,"x":9.27},{"name":"nv_maozi2","parent":"nv_maozi","length":8.42,"rotation":-55.65,"x":0.07},{"name":"nv_maozi3","parent":"nv_maozi2","length":7.88,"rotation":-10.65,"x":8.42},{"name":"nv_maozi4","parent":"nv_maozi3","length":10.5,"rotation":-13.81,"x":7.88},{"name":"target2","parent":"root","x":-37.27,"y":-86.71,"color":"ff3f00ff"},{"name":"nan_xiaotui2","parent":"target2","length":12.57,"rotation":-30.77,"x":-0.13,"y":-0.31},{"name":"nan_st4","parent":"nan_st3","length":26.71,"rotation":-10.35,"x":23.47},{"name":"nan_nj2","parent":"nan_nj","length":51.7,"rotation":-78.69,"x":-0.13,"y":0.05},{"name":"nan_nj3","parent":"nan_nj2","length":27.83,"rotation":-28.93,"x":51.7},{"name":"target1","parent":"root","x":-22.77,"y":-68.66,"color":"ff3f00ff"},{"name":"nan_nj4","parent":"target1","length":9.16,"rotation":-13.57,"x":0.16},{"name":"target3","parent":"root","x":2.05,"y":11.27,"color":"ff3f00ff"},{"name":"target4","parent":"root","x":-25.19,"y":-9.36,"color":"ff3f00ff"},{"name":"nv_nj2","parent":"nv_nj","length":31.98,"rotation":-82.99,"x":0.07,"y":-0.09},{"name":"nv_nj3","parent":"nv_nj2","length":26.24,"rotation":98.53,"x":31.98},{"name":"target6","parent":"root","x":49.39,"y":-74.26,"color":"ff3f00ff"},{"name":"nv_nj4","parent":"target6","length":7.59,"rotation":-65.19},{"name":"nan_jb","parent":"nan_st","rotation":-95.58,"x":18.79,"y":-5.38,"scaleX":0.8036,"scaleY":1.272},{"name":"ps","parent":"root","rotation":109.44,"x":-17.3,"y":-3.09,"scaleX":0.2262,"scaleY":0.2262}],"slots":[{"name":"nan_nj","bone":"nan_nj","attachment":"nan_nj"},{"name":"nan_ns","bone":"nan_ns","attachment":"nan_ns"},{"name":"nv_nj","bone":"nv_nj","attachment":"nv_nj"},{"name":"nv_st","bone":"nv_st","attachment":"nv_st"},{"name":"nv_naizi","bone":"nv_naizi","attachment":"nv_naizi"},{"name":"nv_datui","bone":"nv_datui","attachment":"nv_datui"},{"name":"nan_st","bone":"nan_st","attachment":"nan_st"},{"name":"nan_xiaotui","bone":"nan_xiaotui","attachment":"nan_xiaotui"},{"name":"nan_datui","bone":"nan_datui","attachment":"nan_datui"},{"name":"nv_shoubi","bone":"nv_shoubi","attachment":"nv_shoubi"},{"name":"nv_shou","bone":"nv_shou","attachment":"nv_shou"},{"name":"nv_tou","bone":"nv_tou","attachment":"nv_tou"},{"name":"root","bone":"root","attachment":"root"},{"name":"nan_jb","bone":"nan_jb","attachment":"nan_jb"},{"name":"nv_maozi","bone":"nv_maozi","attachment":"nv_maozi"},{"name":"nan_shoubi","bone":"nan_shoubi","attachment":"nan_shoubi"},{"name":"nan_shou","bone":"nan_shou","attachment":"nan_shou"},{"name":"ps","bone":"ps","blend":"additive"}],"ik":[{"name":"target","target":"target2","bendPositive":false,"bones":["nan_datui","nan_xiaotui"]},{"name":"target1","order":1,"target":"target1","bendPositive":false,"bones":["nan_nj2","nan_nj3"]},{"name":"target2","order":2,"target":"target3","bones":["nan_shoubi","nan_shou"]},{"name":"target3","order":3,"target":"target4","bendPositive":false,"bones":["nv_shoubi","nv_shou"]},{"name":"target4","order":4,"target":"target5","bones":["nv_datui2","nv_datui3"]},{"name":"target5","order":5,"target":"target6","bones":["nv_nj2","nv_nj3"]}],"skins":[{"name":"default","attachments":{"ps":{"s1":{"width":116,"height":116},"s2":{"width":116,"height":116},"s3":{"width":116,"height":116},"s4":{"width":116,"height":116}},"nan_st":{"nan_st":{"type":"mesh","hull":28,"width":48,"height":109,"uvs":[0.62977,0,0.80024,0.03816,0.9942,0.13583,0.95883,0.206,0.95943,0.25738,0.85452,0.28011,0.85504,0.36148,0.64602,0.46398,0.64627,0.73747,0.60596,0.75245,0.53078,0.89574,0.54758,0.93997,0.48377,0.93027,0.43039,0.98098,0.27631,0.98964,0.1093,0.99431,0.02062,0.95331,0.0206,0.79864,0.0617,0.72495,0.06097,0.66279,0.02066,0.60381,0.02039,0.49671,0.18615,0.40307,0.19273,0.37476,0.04131,0.27602,0.04142,0.1724,0.12677,0.06222,0.32252,0],"triangles":[22,7,21,22,23,7,7,5,6,7,23,5,5,0,1,0,5,23,0,25,27,24,25,23,0,23,25,27,25,26,5,3,4,5,1,3,3,1,2,8,9,19,8,19,7,7,19,20,7,20,21,15,16,14,13,14,12,17,12,14,14,16,17,12,10,11,12,17,10,10,17,9,9,17,18,19,9,18],"vertices":[1,42,54.85,-0.63,1,1,42,53.07,-9.64,1,1,42,45.35,-21.49,1,1,42,37.53,-21.94,1,1,42,32.15,-23.49,1,1,42,28.4,-19.31,1,2,6,39.11,-24.96,0.00174,42,19.87,-21.75,0.99826,2,6,27.04,-16.03,0.2488,42,6.39,-15.13,0.7512,2,5,20.05,-18.65,0.58067,6,-2.63,-18.85,0.41933,2,5,18.36,-16.76,0.66694,6,-4.44,-17.08,0.33306,2,5,2.63,-13.64,0.9966,6,-20.33,-14.96,0.0034,1,5,-2.16,-14.59,1,1,5,-1.2,-11.5,1,1,5,-6.8,-9.11,1,1,5,-7.97,-1.75,1,1,5,-8.73,6.25,1,1,5,-4.39,10.64,1,2,5,12.46,11.17,0.99917,6,-12.1,10.42,0.00083,2,5,20.54,9.44,0.79995,6,-3.92,9.21,0.20005,2,5,27.32,9.69,0.18494,6,2.82,9.89,0.81506,2,5,33.68,11.82,0.00517,6,9.04,12.42,0.99483,2,6,20.66,13.53,0.86395,42,-5.2,12.81,0.13605,2,6,31.57,6.57,0.06142,42,6.78,7.92,0.93858,2,6,34.67,6.55,0.00426,42,9.84,8.46,0.99574,1,42,18.22,18.38,1,1,42,29.09,21.44,1,1,42,41.76,20.76,1,1,42,50.84,13.56,1],"edges":[0,54,0,2,2,4,4,6,6,8,8,10,10,12,12,14,14,16,16,18,18,20,20,22,22,24,24,26,26,28,28,30,30,32,32,34,34,36,36,38,38,40,40,42,42,44,44,46,46,48,48,50,50,52,52,54]}},"nan_datui":{"nan_datui":{"x":29.17,"y":0.61,"rotation":75.32,"width":36,"height":67}},"nv_maozi":{"nv_maozi":{"type":"mesh","hull":13,"width":31,"height":35,"uvs":[0,0,0.58587,0,0.73734,0.13925,0.96813,0.51398,0.97103,0.59978,0.80682,0.62886,0.67911,0.77037,0.63445,0.99976,0.6265,1,0.54637,1,0.41682,0.85512,0.07104,0.2395,0,0.17574],"triangles":[11,12,0,1,11,0,2,11,1,5,11,2,5,2,3,5,3,4,5,6,11,10,11,6,6,9,10,6,8,9,7,8,6],"vertices":[1,37,-6.34,-4.12,1,3,39,-16.26,6.15,0.00027,38,-6.44,9.85,0.27545,37,3.91,10.87,0.72428,3,39,-10.65,9.94,0.05342,38,-0.09,12.19,0.56659,37,10.59,12,0.37999,3,39,3.5,14.73,0.73368,38,14.79,13.47,0.26472,37,25.45,10.5,0.0016,2,39,6.47,14.3,0.76902,38,17.58,12.35,0.23098,2,39,6.6,9.11,0.86232,38,16.47,7.27,0.13768,2,39,10.8,4.36,0.9988,38,19.41,1.66,0.0012,1,39,18.47,1.62,1,1,39,18.44,1.37,1,1,39,18.01,-1.07,1,1,39,12.32,-4.16,1,2,38,-5.18,-8.13,0.12995,37,1.83,-7.03,0.87005,2,38,-8.11,-9.25,0.03777,37,-1.26,-7.59,0.96223],"edges":[0,24,0,2,2,4,4,6,6,8,8,10,10,12,12,14,14,16,16,18,18,20,20,22,22,24]}},"nv_naizi":{"nv_naizi":{"type":"mesh","hull":18,"width":25,"height":37,"uvs":[0.67923,0,0.84373,0,0.96508,0.08411,1,0.13412,1,0.24379,0.96052,0.36663,1,0.43187,1,0.48763,0.88925,0.78722,0.81382,0.86564,0.71906,0.86518,0.63816,0.73031,0.3171,0.77402,0.1118,0.68162,0,0.56848,0,0.45779,0.11757,0.25851,0.3399,0.14329],"triangles":[12,13,11,11,15,16,16,17,11,15,11,13,13,14,15,5,17,4,4,17,0,2,0,1,0,2,4,2,3,4,9,10,8,10,11,8,8,11,7,11,5,7,11,17,5,5,6,7],"vertices":[3,25,13.38,1.8,0.97844,27,-4.91,-13.46,0.01843,28,-12.64,-13.81,0.00313,1,25,13.16,-2.3,1,1,25,9.89,-5.17,1,1,25,8,-5.94,1,2,26,-7.16,4.99,0.02247,25,3.95,-5.72,0.97753,2,26,-2.54,4.44,0.39416,25,-0.54,-4.49,0.60584,2,26,-0.23,5.65,0.71442,25,-3,-5.35,0.28558,2,26,1.83,5.85,0.84968,25,-5.06,-5.24,0.15032,1,26,13.12,4.15,1,1,26,16.19,2.55,1,1,26,16.4,0.19,1,3,26,11.62,-2.3,0.8828,27,6.3,11.15,0.00928,28,-2.11,11.1,0.10793,2,26,14,-10.14,0.22955,28,5.97,9.76,0.77045,2,26,11.08,-15.57,0.05189,28,9.56,4.75,0.94811,2,26,7.18,-18.75,0.00073,28,10.69,-0.16,0.99927,3,25,-2.62,19.67,0.00269,27,17.23,-4.23,0.00113,28,9.24,-3.99,0.99618,3,25,4.59,16.34,0.09842,27,11.71,-9.94,0.20112,28,3.87,-9.84,0.70046,3,25,8.55,10.56,0.406,27,4.95,-11.78,0.36462,28,-2.83,-11.86,0.22938],"edges":[0,34,0,2,2,4,4,6,6,8,8,10,10,12,12,14,14,16,16,18,18,20,20,22,22,24,24,26,26,28,28,30,30,32,32,34]}},"nv_shou":{"nv_shou":{"x":13.91,"y":0.86,"rotation":-128.01,"width":30,"height":28}},"nv_nj":{"nv_nj":{"type":"mesh","hull":19,"width":44,"height":48,"uvs":[0.18893,0,0.25101,0,0.52357,0.32261,0.52298,0.52278,0.46805,0.67168,0.69278,0.65633,0.89505,0.59314,0.97761,0.77694,0.97774,0.95863,0.81755,0.95878,0.81683,0.8647,0.26213,1,0.12206,1,0.14768,0.84468,0.06729,0.47647,0.06784,0.33715,0,0.26928,0,0.20704,0.04642,0.09781],"triangles":[12,13,11,11,13,4,13,14,4,4,14,3,3,14,2,2,14,15,2,15,1,1,18,0,15,17,18,1,15,18,15,16,17,10,4,5,10,11,4,10,5,6,9,10,8,10,7,8,10,6,7],"vertices":[1,49,-10.42,1.91,1,1,49,-10.08,4.62,1,2,50,18.21,22.78,0.00524,49,6.75,14.64,0.99476,2,50,15.62,13.53,0.09427,49,16.28,13.44,0.90573,2,50,11.37,7.29,0.56839,49,23.08,10.17,0.43161,2,50,21.1,5.35,0.99881,49,23.56,20.07,0.00119,2,52,-5.12,5.15,0.28855,50,30.48,5.89,0.71145,1,52,4.41,4.73,1,1,52,12.33,1.07,1,2,52,9.37,-5.33,0.99325,50,22.5,-10.11,0.00675,2,52,5.26,-3.46,0.74646,50,23.68,-5.75,0.25354,2,50,-1.58,-5.47,0.77518,49,37.62,-0.75,0.22482,2,50,-7.52,-3.81,0.33616,49,36.86,-6.87,0.66384,2,50,-4.43,3.07,0.00212,49,29.6,-4.84,0.99788,1,49,11.63,-6.19,1,1,49,4.99,-5.35,1,1,49,1.4,-7.92,1,1,49,-1.57,-7.55,1,1,49,-6.52,-4.88,1],"edges":[0,36,0,2,2,4,4,6,6,8,8,10,10,12,12,14,14,16,16,18,18,20,20,22,22,24,24,26,26,28,28,30,30,32,32,34,34,36]}},"nv_shoubi":{"nv_shoubi":{"x":11.06,"y":-2.16,"rotation":163,"width":35,"height":23}},"nan_jb":{"nan_jb":{"x":-0.54,"y":2.2,"width":10,"height":16}},"nan_shou":{"nan_shou":{"x":18.42,"y":1.51,"rotation":38.88,"width":43,"height":33}},"nan_nj":{"nan_nj":{"type":"mesh","hull":15,"width":21,"height":85,"uvs":[0.64061,0,0.6927,0.00018,1,0.45838,1,0.62193,0.67932,0.87395,0.95483,0.94102,0.95629,0.98845,0.47844,0.98868,0.01972,0.93206,0.36638,0.59081,0.37931,0.53984,0.00008,0.30753,0,0.27922,0,0.09509,0.14906,0],"triangles":[7,4,5,7,5,6,4,9,3,8,9,4,7,8,4,0,12,13,0,13,14,1,12,0,2,11,12,2,12,1,10,11,2,10,2,3,9,10,3],"vertices":[1,43,-1.04,7.17,1,1,43,-0.81,8.24,1,1,43,38.64,6.93,1,2,43,52.28,4.2,0.64782,44,-1.53,3.95,0.35218,2,44,20.92,4.02,0.74939,46,4.32,6.58,0.25061,2,44,24.61,11.26,0.00902,46,11.3,2.42,0.99098,1,46,12.29,-1.48,1,2,44,31.5,2.95,0.1409,46,2.55,-3.9,0.8591,1,44,29.83,-7.69,1,2,43,47.07,-8.33,0.60261,44,-0.02,-9.53,0.39739,2,43,42.88,-7.21,0.90259,44,-4.23,-10.58,0.09741,1,43,21.95,-11.15,1,1,43,19.59,-10.68,1,1,43,4.25,-7.61,1,1,43,-3.07,-2.95,1],"edges":[0,28,0,2,2,4,4,6,6,8,8,10,10,12,12,14,14,16,16,18,18,20,20,22,22,24,24,26,26,28]}},"root":{"root":{"type":"clipping","end":"nan_jb","vertexCount":16,"color":"ce3a3a00","vertices":[-10.72,6.25,-9.86,5.2,-8.62,4.64,-7.87,3.77,-7.5,2.72,-7.38,1.48,-7.69,0.36,-8.99,-0.44,-10.1,-0.63,-11.65,-0.94,-14.88,-2.55,-25.23,-2.86,-30.13,7.99,-19.9,11.34,-12.27,11.27,-9.48,7.62]}},"nv_tou":{"nv_tou":{"type":"mesh","hull":21,"width":47,"height":68,"uvs":[0.56124,0,0.60141,0.00008,0.73452,0.04855,0.86135,0.14024,0.96158,0.32883,0.87308,0.58978,0.80661,0.67997,0.89591,0.83395,0.89273,0.97126,0.75154,0.97158,0.65939,0.77953,0.65787,0.67059,0.3621,0.6301,0.35934,0.57429,0.13981,0.61197,0.06346,0.47035,0.0634,0.34665,0.02113,0.30075,0.02015,0.13281,0.14125,0.04896,0.30177,0],"triangles":[11,12,13,14,15,13,13,15,16,16,19,20,16,17,19,17,18,19,2,0,1,2,13,0,16,0,13,0,16,20,13,2,3,4,13,3,6,11,5,5,13,4,10,11,6,5,11,13,8,9,7,7,9,10,10,6,7],"vertices":[2,32,-11.85,5.03,0.01678,31,-0.48,7.87,0.98322,2,32,-11.13,6.77,0.04048,31,0.67,9.37,0.95952,3,33,-18.71,7.71,0.00139,32,-5.7,11.31,0.3161,31,7.07,12.38,0.6825,3,33,-11.45,12.38,0.07844,32,2.33,14.45,0.71421,31,15.63,13.39,0.20735,4,34,-9.66,14.38,0.06371,33,2.03,14.56,0.57753,32,15.98,13.94,0.35871,31,28.71,9.42,0.00006,2,34,7.1,7.23,0.93322,33,18.66,7.1,0.06678,3,36,-6.44,2.59,0.00771,35,3.02,3.01,0.43376,34,12.6,3.1,0.55853,1,36,4.56,5.11,1,1,36,13.76,3.51,1,1,36,12.75,-3.05,1,2,36,-0.83,-5.3,0.29024,35,8.1,-5.23,0.70976,2,35,0.86,-3.67,0.92735,29,-14.03,1.34,0.07265,3,35,-4.89,-16.63,0.18078,30,-17.62,7.11,0.00061,29,-2.96,10.19,0.81861,3,35,-8.62,-15.92,0.08774,30,-14.25,5.34,0.01688,29,0.03,7.84,0.89538,3,35,-8.39,-26.55,0.00031,30,-11.37,15.58,0.16654,29,4.72,17.38,0.83315,2,30,-1.22,13.92,0.46455,29,14.4,13.91,0.53545,2,30,6.08,9.75,0.91501,29,20.83,8.49,0.08499,2,30,9.78,9.93,0.99228,29,24.49,8,0.00772,2,31,-8.58,-17.87,0.00751,30,19.72,4.31,0.99249,2,31,-9.7,-9.89,0.24704,30,21.85,-3.46,0.75296,2,31,-7.82,-1.87,0.73318,30,21,-11.66,0.26682],"edges":[0,40,0,2,2,4,4,6,6,8,8,10,10,12,12,14,14,16,16,18,18,20,20,22,22,24,24,26,26,28,28,30,30,32,32,34,34,36,36,38,38,40]}},"nan_xiaotui":{"nan_xiaotui":{"type":"mesh","hull":19,"width":36,"height":61,"uvs":[0.86296,0,0.97296,0.04891,0.97299,0.24619,0.80762,0.4016,0.66849,0.53966,0.51795,0.67392,0.52765,0.76943,0.75039,0.86424,0.75109,0.91822,0.66655,0.96751,0.55585,1,0.38814,1,0.16865,0.91355,0,0.82234,0,0.78517,0.1739,0.40994,0.33633,0.18519,0.47681,0.06075,0.64613,0],"triangles":[9,10,6,6,10,11,11,12,6,9,7,8,9,6,7,6,12,14,12,13,14,14,5,6,14,15,5,5,15,4,4,15,3,15,16,3,3,16,2,2,16,17,1,2,0,0,2,18,17,18,2],"vertices":[1,3,-7.45,4.74,1,1,3,-5.98,9.48,1,1,3,5.34,13.56,1,1,3,16.28,11.17,1,1,3,25.9,9.31,1,2,3,35.44,6.99,0.8943,41,4.86,11.11,0.1057,2,3,40.8,9.29,0.32644,41,8.2,6.32,0.67356,2,3,43.53,18.79,0.00013,41,18.06,5.58,0.99987,1,41,19.8,2.78,1,1,41,18.77,-1.37,1,1,41,16.41,-5.14,1,1,41,11.26,-8.29,1,1,41,1.76,-7.92,1,2,3,50.27,-7.49,0.14978,41,-6.32,-6.34,0.85022,2,3,48.14,-8.26,0.23869,41,-7.5,-4.41,0.76131,1,3,24.48,-10.12,1,1,3,9.6,-9.27,1,1,3,0.75,-7.08,1,1,3,-4.8,-2.6,1],"edges":[0,36,0,2,2,4,4,6,6,8,8,10,10,12,12,14,14,16,16,18,18,20,20,22,22,24,24,26,26,28,28,30,30,32,32,34,34,36]}},"nan_shoubi":{"nan_shoubi":{"x":15.24,"y":-0.07,"rotation":70.54,"width":28,"height":50}},"nan_ns":{"nan_ns":{"x":8.44,"y":-15.02,"width":47,"height":51}},"nv_datui":{"nv_datui":{"type":"mesh","hull":22,"width":47,"height":67,"uvs":[0.29285,0,0.36233,0,0.44972,0.03053,0.52148,0.08235,0.55351,0.14844,0.5536,0.41858,0.36252,0.68618,0.82287,0.6864,0.91564,0.65714,1,0.71557,1,0.88194,0.96945,0.96698,0.90625,0.98843,0.78696,0.96042,0.78618,0.83629,0.2745,0.89592,0.04935,0.89569,0.02006,0.83837,0.02078,0.38269,0.04249,0.29775,0.14759,0.12649,0.28075,0.00004],"triangles":[10,14,9,13,14,10,10,12,13,11,12,10,14,6,7,7,8,9,14,7,9,6,15,17,15,6,14,20,0,1,20,21,0,1,2,20,5,19,20,3,20,2,4,20,3,5,20,4,5,18,19,6,18,5,17,18,6,15,16,17],"vertices":[1,21,-13.78,-2.78,1,1,21,-14.32,0.44,1,1,21,-12.97,4.83,1,1,21,-10.1,8.72,1,1,21,-5.98,10.93,1,1,21,11.88,13.89,1,2,21,31.04,7.97,0.53541,22,10.73,7.91,0.46459,2,22,32.18,5.07,0.95039,24,-4.61,-3.23,0.04961,2,22,36.76,6.45,0.71365,24,-6.7,1.07,0.28635,2,22,40.18,2.05,0.27892,24,-2.91,5.15,0.72108,1,24,8.23,5.49,1,1,24,13.97,4.22,1,1,24,15.5,1.3,1,2,22,28.11,-12.91,0.00014,24,13.79,-4.36,0.99986,2,22,29.16,-4.66,0.48972,24,5.48,-4.65,0.51028,1,22,4.8,-5.49,1,2,21,47.29,-4.26,0.72931,22,-5.69,-4.09,0.27069,2,21,43.73,-6.24,0.92951,22,-6.56,-0.11,0.07049,1,21,13.6,-11.2,1,1,21,7.82,-11.13,1,1,21,-4.31,-8.13,1,1,21,-13.69,-3.34,1],"edges":[0,42,0,2,2,4,4,6,6,8,8,10,10,12,12,14,14,16,16,18,18,20,20,22,22,24,24,26,26,28,28,30,30,32,32,34,34,36,36,38,38,40,40,42]}},"nv_st":{"nv_st":{"type":"mesh","hull":24,"width":37,"height":70,"uvs":[0.46065,0.01389,0.62263,0.10072,0.74984,0.43811,0.84009,0.57268,1,0.69097,1,0.71461,0.97331,0.71657,0.97423,0.84538,0.92856,0.93518,0.70204,0.98606,0.51435,0.98685,0.31257,0.88003,0.17149,0.74718,0.28075,0.63108,0.16112,0.54257,0.08012,0.41332,0.07999,0.33078,0.00104,0.32792,0.0533,0.24166,0.05345,0.18879,0,0.12588,0.10373,0.13055,0.24287,0.05704,0.37821,0.01393],"triangles":[19,20,21,21,18,19,1,16,18,17,18,16,23,0,1,22,23,1,21,22,1,2,16,1,21,1,18,2,15,16,14,15,2,13,14,2,13,2,3,6,3,4,5,6,4,6,11,13,6,13,3,11,6,7,12,13,11,7,9,11,8,9,7,10,11,9],"vertices":[1,13,21.67,-6.15,1,1,13,14.79,-11.21,1,3,11,25.04,-13.79,0.06068,12,10.03,-11.69,0.80281,13,-9.25,-12.48,0.13651,3,11,15.14,-12.41,0.59671,12,0.1,-12.86,0.40013,13,-19.06,-14.43,0.00316,2,11,5.06,-13.85,0.95511,12,-9.29,-16.79,0.04489,2,11,3.59,-13.09,0.96212,12,-10.9,-16.42,0.03788,2,11,3.93,-12.15,0.96764,12,-10.81,-15.43,0.03236,1,11,-4.09,-8.03,1,1,11,-8.9,-3.64,1,1,11,-8.2,5.44,1,1,11,-5.05,11.63,1,1,11,5.02,14.82,1,2,11,15.68,15.17,0.94644,12,-6.32,13.98,0.05355,2,11,21.03,7.84,0.40218,12,0.71,8.23,0.59782,3,11,28.57,8.92,0.00737,12,7.73,11.17,0.98221,13,-13.37,10.13,0.01042,2,12,17.22,12.09,0.70922,13,-3.98,11.8,0.29078,2,12,22.85,10.81,0.24498,13,1.74,10.97,0.75502,2,12,23.7,13.61,0.14783,13,2.35,13.84,0.85217,2,12,29.15,10.39,0.03272,13,8.05,11.06,0.96728,2,12,32.76,9.56,0.00139,13,11.71,10.52,0.99861,1,13,16.36,11.85,1,1,13,15.48,8.09,1,1,13,19.84,2.26,1,1,13,22.1,-3.13,1],"edges":[0,46,0,2,2,4,4,6,6,8,8,10,10,12,12,14,14,16,16,18,18,20,20,22,22,24,24,26,26,28,28,30,30,32,32,34,34,36,36,38,38,40,40,42,42,44,44,46]}}}}],"events":{"plug_into":{},"shoot_sperm":{}},"animations":{"animation":{"bones":{"nan_st":{"translate":[{"x":-2.63},{"time":0.3667,"x":11.09},{"time":0.6667,"x":-2.63}]},"nan_datui":{"rotate":[{"angle":-0.9}]},"nan_xiaotui":{"rotate":[{"angle":1.59}]},"nan_st2":{"rotate":[{"angle":-8.96},{"time":0.3667,"angle":31.7},{"time":0.6667,"angle":-8.96}]},"nan_st3":{"rotate":[{"angle":9.37},{"time":0.3667,"angle":-28.13},{"time":0.6667,"angle":9.37}]},"nan_shoubi":{"rotate":[{"angle":0.43}]},"nan_shou":{"rotate":[{"angle":-1.45}]},"nv_st":{"translate":[{"x":3.91},{"time":0.3667,"x":-1.31},{"time":0.6667,"x":3.91}]},"nv_tou":{"rotate":[{},{"time":0.3667,"angle":5.54},{"time":0.6667}]},"nv_shoubi":{"rotate":[{"angle":-0.42}]},"nv_shou":{"rotate":[{"angle":0.78}]},"nv_datui2":{"rotate":[{"angle":0.18}]},"nv_datui3":{"rotate":[{"angle":-0.68}]},"nv_st4":{"rotate":[{},{"time":0.3667,"angle":-4.43},{"time":0.6667}]},"nv_naizi5":{"translate":[{"time":0.1667},{"time":0.4333,"x":-4.04,"y":1.85},{"time":0.6,"x":-1.85,"y":0.59},{"time":0.6667}]},"nv_tou8":{"rotate":[{},{"time":0.2333,"angle":-24.24},{"time":0.4667,"angle":21.3},{"time":0.6667}]},"nv_tou9":{"rotate":[{},{"time":0.3667,"angle":-17.96},{"time":0.6,"angle":28.69},{"time":0.6667}]},"nv_maozi3":{"rotate":[{},{"time":0.2333,"angle":2.9},{"time":0.4667,"angle":-3.4},{"time":0.6667}]},"nv_maozi4":{"rotate":[{},{"time":0.3667,"angle":6.02},{"time":0.5333,"angle":-9.51},{"time":0.6667}]},"nan_nj2":{"rotate":[{"angle":-0.44}]},"nan_nj3":{"rotate":[{"angle":0.67}]},"target4":{"translate":[{"x":0.08,"y":-7.89},{"time":0.3667,"x":9,"y":-12.23},{"time":0.6667,"x":0.08,"y":-7.89}]}},"deform":{"default":{"root":{"root":[{"vertices":[4.21198,0,4.21198,0,4.21198,0,4.21198,0,4.21198,0,4.21198,0,4.21198,0,4.21198,0,4.21198,0,4.21198,0,4.21198]},{"time":0.3667,"vertices":[1.716,0,1.716,0,1.716,0,1.716,0,1.716,0,1.716,0,1.716,0,1.716,0,1.716,0,1.716,0,1.716]},{"time":0.6667,"vertices":[4.21198,0,4.21198,0,4.21198,0,4.21198,0,4.21198,0,4.21198,0,4.21198,0,4.21198,0,4.21198,0,4.21198,0,4.21198]}]}}},"events":[{"time":0.3667,"name":"plug_into"}]},"duang":{"slots":{"ps":{"attachment":[{"time":0.8333,"name":"s1"},{"time":0.9,"name":"s2"},{"time":0.9667,"name":"s3"},{"time":1.0333,"name":"s4"},{"time":1.1,"name":null},{"time":1.6333,"name":"s1"},{"time":1.7,"name":"s2"},{"time":1.7667,"name":"s3"},{"time":1.8333,"name":"s4"},{"time":1.9,"name":null},{"time":2.4333,"name":"s1"},{"time":2.5,"name":"s2"},{"time":2.5667,"name":"s3"},{"time":2.6333,"name":"s4"},{"time":2.7,"name":null}]}},"bones":{"nan_st":{"translate":[{"x":-2.63},{"time":0.1667,"x":11.09},{"time":0.2667,"x":-2.63},{"time":0.4333,"x":11.09},{"time":0.4667,"x":12.35,"y":-0.63},{"time":0.5,"x":12.14,"y":0.21},{"time":0.5333,"x":11.3,"y":0.21},{"time":0.5667,"x":10.25,"y":-0.42},{"time":0.6,"x":11.93,"y":-0.21},{"time":0.6333,"x":11.09},{"time":0.6667,"x":12.35,"y":-0.63},{"time":0.7,"x":12.14,"y":0.21},{"time":0.7333,"x":11.3,"y":0.21},{"time":0.7667,"x":10.25,"y":-0.42},{"time":0.8,"x":11.93,"y":-0.21},{"time":0.8333,"x":11.09},{"time":0.8667,"x":12.35,"y":-0.63},{"time":0.9,"x":12.14,"y":0.21},{"time":0.9333,"x":11.3,"y":0.21},{"time":0.9667,"x":10.25,"y":-0.42},{"time":1,"x":11.93,"y":-0.21},{"time":1.0333,"x":11.09},{"time":1.0667,"x":12.35,"y":-0.63},{"time":1.1,"x":12.14,"y":0.21},{"time":1.1333,"x":11.3,"y":0.21},{"time":1.1667,"x":10.25,"y":-0.42},{"time":1.2,"x":11.93,"y":-0.21},{"time":1.2667,"x":12.35,"y":-0.63},{"time":1.3,"x":12.14,"y":0.21},{"time":1.3333,"x":11.3,"y":0.21},{"time":1.3667,"x":10.25,"y":-0.42},{"time":1.4,"x":11.93,"y":-0.21},{"time":1.4333,"x":11.09},{"time":1.4667,"x":12.35,"y":-0.63},{"time":1.5,"x":12.14,"y":0.21},{"time":1.5333,"x":11.3,"y":0.21},{"time":1.5667,"x":10.25,"y":-0.42},{"time":1.6,"x":11.93,"y":-0.21},{"time":1.6333,"x":11.09},{"time":1.6667,"x":12.35,"y":-0.63},{"time":1.7,"x":12.14,"y":0.21},{"time":1.7333,"x":11.3,"y":0.21},{"time":1.7667,"x":10.25,"y":-0.42},{"time":1.8,"x":11.93,"y":-0.21},{"time":1.8333,"x":11.09},{"time":1.8667,"x":12.35,"y":-0.63},{"time":1.9,"x":12.14,"y":0.21},{"time":1.9333,"x":11.3,"y":0.21},{"time":1.9667,"x":10.25,"y":-0.42},{"time":2,"x":11.93,"y":-0.21},{"time":2.0667,"x":12.35,"y":-0.63},{"time":2.1,"x":12.14,"y":0.21},{"time":2.1333,"x":11.3,"y":0.21},{"time":2.1667,"x":10.25,"y":-0.42},{"time":2.2,"x":11.93,"y":-0.21},{"time":2.2333,"x":11.09},{"time":2.2667,"x":12.35,"y":-0.63},{"time":2.3,"x":12.14,"y":0.21},{"time":2.3333,"x":11.3,"y":0.21},{"time":2.3667,"x":10.25,"y":-0.42},{"time":2.4,"x":11.93,"y":-0.21},{"time":2.4333,"x":11.09},{"time":2.4667,"x":12.35,"y":-0.63},{"time":2.5,"x":12.14,"y":0.21},{"time":2.5333,"x":11.3,"y":0.21},{"time":2.5667,"x":10.25,"y":-0.42},{"time":2.6,"x":11.93,"y":-0.21},{"time":2.6333,"x":11.09},{"time":2.6667,"x":12.35,"y":-0.63},{"time":2.7,"x":12.14,"y":0.21},{"time":2.7333,"x":11.3,"y":0.21},{"time":2.7667,"x":10.25,"y":-0.42},{"time":2.8,"x":11.93,"y":-0.21}]},"nan_datui":{"rotate":[{"angle":-0.9}]},"nan_xiaotui":{"rotate":[{"angle":1.59}]},"nan_st2":{"rotate":[{"angle":-8.96},{"time":0.1667,"angle":31.7},{"time":0.2667,"angle":-8.96},{"time":0.4333,"angle":31.7}]},"nan_st3":{"rotate":[{"angle":9.37},{"time":0.1667,"angle":-28.13},{"time":0.2667,"angle":9.37},{"time":0.4333,"angle":-28.13}]},"nan_shoubi":{"rotate":[{"angle":0.43}]},"nan_shou":{"rotate":[{"angle":-1.45}]},"nv_st":{"translate":[{"x":3.91},{"time":0.1667,"x":-1.31},{"time":0.2667,"x":3.91},{"time":0.4333,"x":-1.31}]},"nv_tou":{"rotate":[{},{"time":0.1667,"angle":5.54},{"time":0.2667},{"time":0.4333,"angle":5.54}],"translate":[{"time":0.4333},{"time":0.4667,"x":0.26,"y":-0.3},{"time":0.5,"x":0.31,"y":0.54},{"time":0.5333,"x":0.18,"y":0.55},{"time":0.5667,"x":0.61,"y":0.8},{"time":0.6,"x":0.58,"y":0.38},{"time":0.6333,"x":0.26,"y":-0.3},{"time":0.6667,"x":0.31,"y":0.54},{"time":0.7,"x":0.18,"y":0.55},{"time":0.7333,"x":0.61,"y":0.8},{"time":0.7667,"x":0.58,"y":0.38},{"time":0.8,"x":0.26,"y":-0.3},{"time":0.8333,"x":0.31,"y":0.54},{"time":0.8667,"x":0.18,"y":0.55},{"time":0.9,"x":0.61,"y":0.8},{"time":0.9333,"x":0.58,"y":0.38},{"time":0.9667,"x":0.26,"y":-0.3},{"time":1,"x":0.31,"y":0.54},{"time":1.0333,"x":0.18,"y":0.55},{"time":1.0667,"x":0.61,"y":0.8},{"time":1.1,"x":0.58,"y":0.38},{"time":1.1333,"x":0.26,"y":-0.3},{"time":1.1667,"x":0.31,"y":0.54},{"time":1.2,"x":0.18,"y":0.55},{"time":1.2667,"x":0.26,"y":-0.3},{"time":1.3,"x":0.31,"y":0.54},{"time":1.3333,"x":0.18,"y":0.55},{"time":1.3667,"x":0.61,"y":0.8},{"time":1.4,"x":0.58,"y":0.38},{"time":1.4333,"x":0.26,"y":-0.3},{"time":1.4667,"x":0.31,"y":0.54},{"time":1.5,"x":0.18,"y":0.55},{"time":1.5333,"x":0.61,"y":0.8},{"time":1.5667,"x":0.58,"y":0.38},{"time":1.6,"x":0.26,"y":-0.3},{"time":1.6333,"x":0.31,"y":0.54},{"time":1.6667,"x":0.18,"y":0.55},{"time":1.7,"x":0.61,"y":0.8},{"time":1.7333,"x":0.58,"y":0.38},{"time":1.7667,"x":0.26,"y":-0.3},{"time":1.8,"x":0.31,"y":0.54},{"time":1.8333,"x":0.18,"y":0.55},{"time":1.8667,"x":0.61,"y":0.8},{"time":1.9,"x":0.58,"y":0.38},{"time":1.9333,"x":0.26,"y":-0.3},{"time":1.9667,"x":0.31,"y":0.54},{"time":2,"x":0.18,"y":0.55},{"time":2.0667,"x":0.26,"y":-0.3},{"time":2.1,"x":0.31,"y":0.54},{"time":2.1333,"x":0.18,"y":0.55},{"time":2.1667,"x":0.61,"y":0.8},{"time":2.2,"x":0.58,"y":0.38},{"time":2.2333,"x":0.26,"y":-0.3},{"time":2.2667,"x":0.31,"y":0.54},{"time":2.3,"x":0.18,"y":0.55},{"time":2.3333,"x":0.61,"y":0.8},{"time":2.3667,"x":0.58,"y":0.38},{"time":2.4,"x":0.26,"y":-0.3},{"time":2.4333,"x":0.31,"y":0.54},{"time":2.4667,"x":0.18,"y":0.55},{"time":2.5,"x":0.61,"y":0.8},{"time":2.5333,"x":0.58,"y":0.38},{"time":2.5667,"x":0.26,"y":-0.3},{"time":2.6,"x":0.31,"y":0.54},{"time":2.6333,"x":0.18,"y":0.55},{"time":2.6667,"x":0.61,"y":0.8},{"time":2.7,"x":0.58,"y":0.38},{"time":2.7333,"x":0.26,"y":-0.3},{"time":2.7667,"x":0.31,"y":0.54},{"time":2.8,"x":0.18,"y":0.55}]},"nv_shoubi":{"rotate":[{"angle":-0.42}]},"nv_shou":{"rotate":[{"angle":0.78}]},"nv_datui2":{"rotate":[{"angle":0.18}]},"nv_datui3":{"rotate":[{"angle":-0.68}]},"nv_st4":{"rotate":[{},{"time":0.1667,"angle":-4.43},{"time":0.2667},{"time":0.4333,"angle":-4.43}]},"nv_naizi5":{"translate":[{"time":0.1},{"time":0.1667,"x":-4.04,"y":1.85},{"time":0.2333,"x":-1.85,"y":0.59},{"time":0.2667,"curve":"stepped"},{"time":0.3667},{"time":0.4333,"x":-4.04,"y":1.85}]},"nv_tou8":{"rotate":[{},{"time":0.1,"angle":-24.24},{"time":0.2,"angle":21.3},{"time":0.2667},{"time":0.3667,"angle":-24.24},{"time":0.5667,"angle":1.47},{"time":0.9,"angle":-17.18},{"time":1.2},{"time":1.3667,"angle":1.47},{"time":1.7,"angle":-17.18},{"time":2},{"time":2.1667,"angle":1.47},{"time":2.5,"angle":-17.18},{"time":2.8}]},"nv_tou9":{"rotate":[{},{"time":0.1667,"angle":-17.96},{"time":0.2333,"angle":28.69},{"time":0.2667},{"time":0.4333,"angle":-17.96},{"time":0.7667,"angle":33.13},{"time":1,"angle":-0.49},{"time":1.2},{"time":1.5667,"angle":33.13},{"time":1.8,"angle":-0.49},{"time":2},{"time":2.3667,"angle":33.13},{"time":2.6,"angle":-0.49},{"time":2.8}]},"nv_maozi3":{"rotate":[{},{"time":0.1,"angle":2.9},{"time":0.2,"angle":-3.4},{"time":0.2667},{"time":0.3667,"angle":2.9}]},"nv_maozi4":{"rotate":[{},{"time":0.1667,"angle":6.02},{"time":0.2333,"angle":-9.51},{"time":0.2667},{"time":0.4333,"angle":6.02}]},"nan_nj2":{"rotate":[{"angle":-0.44}]},"nan_nj3":{"rotate":[{"angle":0.67}]},"target4":{"translate":[{"x":0.08,"y":-7.89},{"time":0.1667,"x":9,"y":-12.23},{"time":0.2667,"x":0.08,"y":-7.89},{"time":0.4333,"x":9,"y":-12.23},{"time":0.4667,"x":9.91,"y":-12.69},{"time":0.5,"x":9,"y":-12.38},{"time":0.5333,"x":8.1,"y":-11.93},{"time":0.5667,"x":8.4,"y":-12.99},{"time":0.6,"x":9.61,"y":-12.99},{"time":0.6333,"x":8.55,"y":-12.23},{"time":0.6667,"x":9.3,"y":-12.23},{"time":0.7,"x":8.1,"y":-11.93},{"time":0.7333,"x":7.19,"y":-11.93},{"time":0.7667,"x":7.19,"y":-12.84},{"time":0.8,"x":7.94,"y":-12.99},{"time":0.8333,"x":6.89,"y":-12.69},{"time":0.8667,"x":7.94,"y":-12.69},{"time":0.9,"x":7.19,"y":-11.93},{"time":0.9333,"x":6.28,"y":-11.48},{"time":0.9667,"x":6.28,"y":-12.69},{"time":1,"x":7.49,"y":-12.69},{"time":1.0333,"x":6.28,"y":-12.38},{"time":1.0667,"x":7.49,"y":-12.69},{"time":1.1,"x":6.59,"y":-12.99},{"time":1.1333,"x":5.23,"y":-12.38},{"time":1.1667,"x":5.23,"y":-13.44},{"time":1.2667,"x":9.91,"y":-12.69},{"time":1.3,"x":9,"y":-12.38},{"time":1.3333,"x":8.1,"y":-11.93},{"time":1.3667,"x":8.4,"y":-12.99},{"time":1.4,"x":9.61,"y":-12.99},{"time":1.4333,"x":8.55,"y":-12.23},{"time":1.4667,"x":9.3,"y":-12.23},{"time":1.5,"x":8.1,"y":-11.93},{"time":1.5333,"x":7.19,"y":-11.93},{"time":1.5667,"x":7.19,"y":-12.84},{"time":1.6,"x":7.94,"y":-12.99},{"time":1.6333,"x":6.89,"y":-12.69},{"time":1.6667,"x":7.94,"y":-12.69},{"time":1.7,"x":7.19,"y":-11.93},{"time":1.7333,"x":6.28,"y":-11.48},{"time":1.7667,"x":6.28,"y":-12.69},{"time":1.8,"x":7.49,"y":-12.69},{"time":1.8333,"x":6.28,"y":-12.38},{"time":1.8667,"x":7.49,"y":-12.69},{"time":1.9,"x":6.59,"y":-12.99},{"time":1.9333,"x":5.23,"y":-12.38},{"time":1.9667,"x":5.23,"y":-13.44},{"time":2.0667,"x":9.91,"y":-12.69},{"time":2.1,"x":9,"y":-12.38},{"time":2.1333,"x":8.1,"y":-11.93},{"time":2.1667,"x":8.4,"y":-12.99},{"time":2.2,"x":9.61,"y":-12.99},{"time":2.2333,"x":8.55,"y":-12.23},{"time":2.2667,"x":9.3,"y":-12.23},{"time":2.3,"x":8.1,"y":-11.93},{"time":2.3333,"x":7.19,"y":-11.93},{"time":2.3667,"x":7.19,"y":-12.84},{"time":2.4,"x":7.94,"y":-12.99},{"time":2.4333,"x":6.89,"y":-12.69},{"time":2.4667,"x":7.94,"y":-12.69},{"time":2.5,"x":7.19,"y":-11.93},{"time":2.5333,"x":6.28,"y":-11.48},{"time":2.5667,"x":6.28,"y":-12.69},{"time":2.6,"x":7.49,"y":-12.69},{"time":2.6333,"x":6.28,"y":-12.38},{"time":2.6667,"x":7.49,"y":-12.69},{"time":2.7,"x":6.59,"y":-12.99},{"time":2.7333,"x":5.23,"y":-12.38},{"time":2.7667,"x":5.23,"y":-13.44}]}},"deform":{"default":{"root":{"root":[{"vertices":[4.21198,0,4.21198,0,4.21198,0,4.21198,0,4.21198,0,4.21198,0,4.21198,0,4.21198,0,4.21198,0,4.21198,0,4.21198]},{"time":0.1667,"vertices":[1.716,0,1.716,0,1.716,0,1.716,0,1.716,0,1.716,0,1.716,0,1.716,0,1.716,0,1.716,0,1.716]},{"time":0.2667,"vertices":[4.21198,0,4.21198,0,4.21198,0,4.21198,0,4.21198,0,4.21198,0,4.21198,0,4.21198,0,4.21198,0,4.21198,0,4.21198]},{"time":0.4333,"vertices":[1.716,0,1.716,0,1.716,0,1.716,0,1.716,0,1.716,0,1.716,0,1.716,0,1.716,0,1.716,0,1.716]}]}}},"events":[{"time":0.1667,"name":"plug_into"},{"time":0.4667,"name":"plug_into"},{"time":0.8,"name":"shoot_sperm"},{"time":1.6,"name":"shoot_sperm"},{"time":2.4,"name":"shoot_sperm"}]},"shejing":{"slots":{"ps":{"attachment":[{"time":3.2333,"name":"s1"},{"time":3.3,"name":"s2"},{"time":3.3667,"name":"s3"},{"time":3.4333,"name":"s4"},{"time":3.5,"name":null},{"time":4.0333,"name":"s1"},{"time":4.1,"name":"s2"},{"time":4.1667,"name":"s3"},{"time":4.2333,"name":"s4"},{"time":4.3,"name":null},{"time":4.8333,"name":"s1"},{"time":4.9,"name":"s2"},{"time":4.9667,"name":"s3"},{"time":5.0333,"name":"s4"},{"time":5.1,"name":null}]}},"bones":{"nan_st":{"translate":[{"x":-2.63},{"time":0.2,"x":11.09},{"time":0.3667,"x":-2.63},{"time":0.5667,"x":11.09},{"time":0.7333,"x":-2.63},{"time":0.9333,"x":11.09},{"time":1.1,"x":-2.63},{"time":1.3,"x":11.09},{"time":1.4667,"x":-2.63},{"time":1.6667,"x":11.09},{"time":1.8333,"x":-2.63},{"time":2,"x":11.09},{"time":2.1333,"x":-2.63},{"time":2.3,"x":11.09},{"time":2.4,"x":-2.63},{"time":2.5667,"x":11.09},{"time":2.6667,"x":-2.63},{"time":2.8333,"x":11.09},{"time":2.8667,"x":12.35,"y":-0.63},{"time":2.9,"x":12.14,"y":0.21},{"time":2.9333,"x":11.3,"y":0.21},{"time":2.9667,"x":10.25,"y":-0.42},{"time":3,"x":11.93,"y":-0.21},{"time":3.0333,"x":11.09},{"time":3.0667,"x":12.35,"y":-0.63},{"time":3.1,"x":12.14,"y":0.21},{"time":3.1333,"x":11.3,"y":0.21},{"time":3.1667,"x":10.25,"y":-0.42},{"time":3.2,"x":11.93,"y":-0.21},{"time":3.2333,"x":11.09},{"time":3.2667,"x":12.35,"y":-0.63},{"time":3.3,"x":12.14,"y":0.21},{"time":3.3333,"x":11.3,"y":0.21},{"time":3.3667,"x":10.25,"y":-0.42},{"time":3.4,"x":11.93,"y":-0.21},{"time":3.4333,"x":11.09},{"time":3.4667,"x":12.35,"y":-0.63},{"time":3.5,"x":12.14,"y":0.21},{"time":3.5333,"x":11.3,"y":0.21},{"time":3.5667,"x":10.25,"y":-0.42},{"time":3.6,"x":11.93,"y":-0.21},{"time":3.6667,"x":12.35,"y":-0.63},{"time":3.7,"x":12.14,"y":0.21},{"time":3.7333,"x":11.3,"y":0.21},{"time":3.7667,"x":10.25,"y":-0.42},{"time":3.8,"x":11.93,"y":-0.21},{"time":3.8333,"x":11.09},{"time":3.8667,"x":12.35,"y":-0.63},{"time":3.9,"x":12.14,"y":0.21},{"time":3.9333,"x":11.3,"y":0.21},{"time":3.9667,"x":10.25,"y":-0.42},{"time":4,"x":11.93,"y":-0.21},{"time":4.0333,"x":11.09},{"time":4.0667,"x":12.35,"y":-0.63},{"time":4.1,"x":12.14,"y":0.21},{"time":4.1333,"x":11.3,"y":0.21},{"time":4.1667,"x":10.25,"y":-0.42},{"time":4.2,"x":11.93,"y":-0.21},{"time":4.2333,"x":11.09},{"time":4.2667,"x":12.35,"y":-0.63},{"time":4.3,"x":12.14,"y":0.21},{"time":4.3333,"x":11.3,"y":0.21},{"time":4.3667,"x":10.25,"y":-0.42},{"time":4.4,"x":11.93,"y":-0.21},{"time":4.4667,"x":12.35,"y":-0.63},{"time":4.5,"x":12.14,"y":0.21},{"time":4.5333,"x":11.3,"y":0.21},{"time":4.5667,"x":10.25,"y":-0.42},{"time":4.6,"x":11.93,"y":-0.21},{"time":4.6333,"x":11.09},{"time":4.6667,"x":12.35,"y":-0.63},{"time":4.7,"x":12.14,"y":0.21},{"time":4.7333,"x":11.3,"y":0.21},{"time":4.7667,"x":10.25,"y":-0.42},{"time":4.8,"x":11.93,"y":-0.21},{"time":4.8333,"x":11.09},{"time":4.8667,"x":12.35,"y":-0.63},{"time":4.9,"x":12.14,"y":0.21},{"time":4.9333,"x":11.3,"y":0.21},{"time":4.9667,"x":10.25,"y":-0.42},{"time":5,"x":11.93,"y":-0.21},{"time":5.0333,"x":11.09},{"time":5.0667,"x":12.35,"y":-0.63},{"time":5.1,"x":12.14,"y":0.21},{"time":5.1333,"x":11.3,"y":0.21},{"time":5.1667,"x":10.25,"y":-0.42},{"time":5.2,"x":11.93,"y":-0.21}]},"nan_datui":{"rotate":[{"angle":-0.9}]},"nan_xiaotui":{"rotate":[{"angle":1.59}]},"nan_st2":{"rotate":[{"angle":-8.96},{"time":0.2,"angle":31.7},{"time":0.3667,"angle":-8.96},{"time":0.5667,"angle":31.7},{"time":0.7333,"angle":-8.96},{"time":0.9333,"angle":31.7},{"time":1.1,"angle":-8.96},{"time":1.3,"angle":31.7},{"time":1.4667,"angle":-8.96},{"time":1.6667,"angle":31.7},{"time":1.8333,"angle":-8.96},{"time":2,"angle":31.7},{"time":2.1333,"angle":-8.96},{"time":2.3,"angle":31.7},{"time":2.4,"angle":-8.96},{"time":2.5667,"angle":31.7},{"time":2.6667,"angle":-8.96},{"time":2.8333,"angle":31.7}]},"nan_st3":{"rotate":[{"angle":9.37},{"time":0.2,"angle":-28.13},{"time":0.3667,"angle":9.37},{"time":0.5667,"angle":-28.13},{"time":0.7333,"angle":9.37},{"time":0.9333,"angle":-28.13},{"time":1.1,"angle":9.37},{"time":1.3,"angle":-28.13},{"time":1.4667,"angle":9.37},{"time":1.6667,"angle":-28.13},{"time":1.8333,"angle":9.37},{"time":2,"angle":-28.13},{"time":2.1333,"angle":9.37},{"time":2.3,"angle":-28.13},{"time":2.4,"angle":9.37},{"time":2.5667,"angle":-28.13},{"time":2.6667,"angle":9.37},{"time":2.8333,"angle":-28.13}]},"nan_shoubi":{"rotate":[{"angle":0.43}]},"nan_shou":{"rotate":[{"angle":-1.45}]},"nv_st":{"translate":[{"x":3.91},{"time":0.2,"x":-1.31},{"time":0.3667,"x":3.91},{"time":0.5667,"x":-1.31},{"time":0.7333,"x":3.91},{"time":0.9333,"x":-1.31},{"time":1.1,"x":3.91},{"time":1.3,"x":-1.31},{"time":1.4667,"x":3.91},{"time":1.6667,"x":-1.31},{"time":1.8333,"x":3.91},{"time":2,"x":-1.31},{"time":2.1333,"x":3.91},{"time":2.3,"x":-1.31},{"time":2.4,"x":3.91},{"time":2.5667,"x":-1.31},{"time":2.6667,"x":3.91},{"time":2.8333,"x":-1.31}]},"nv_tou":{"rotate":[{},{"time":0.2,"angle":5.54},{"time":0.3667},{"time":0.5667,"angle":5.54},{"time":0.7333},{"time":0.9333,"angle":5.54},{"time":1.1},{"time":1.3,"angle":5.54},{"time":1.4667},{"time":1.6667,"angle":5.54},{"time":1.8333},{"time":2,"angle":5.54},{"time":2.1333},{"time":2.3,"angle":5.54},{"time":2.4},{"time":2.5667,"angle":5.54},{"time":2.6667},{"time":2.8333,"angle":5.54}],"translate":[{"time":2.8333},{"time":2.8667,"x":0.26,"y":-0.3},{"time":2.9,"x":0.31,"y":0.54},{"time":2.9333,"x":0.18,"y":0.55},{"time":2.9667,"x":0.61,"y":0.8},{"time":3,"x":0.58,"y":0.38},{"time":3.0333,"x":0.26,"y":-0.3},{"time":3.0667,"x":0.31,"y":0.54},{"time":3.1,"x":0.18,"y":0.55},{"time":3.1333,"x":0.61,"y":0.8},{"time":3.1667,"x":0.58,"y":0.38},{"time":3.2,"x":0.26,"y":-0.3},{"time":3.2333,"x":0.31,"y":0.54},{"time":3.2667,"x":0.18,"y":0.55},{"time":3.3,"x":0.61,"y":0.8},{"time":3.3333,"x":0.58,"y":0.38},{"time":3.3667,"x":0.26,"y":-0.3},{"time":3.4,"x":0.31,"y":0.54},{"time":3.4333,"x":0.18,"y":0.55},{"time":3.4667,"x":0.61,"y":0.8},{"time":3.5,"x":0.58,"y":0.38},{"time":3.5333,"x":0.26,"y":-0.3},{"time":3.5667,"x":0.31,"y":0.54},{"time":3.6,"x":0.18,"y":0.55},{"time":3.6667,"x":0.26,"y":-0.3},{"time":3.7,"x":0.31,"y":0.54},{"time":3.7333,"x":0.18,"y":0.55},{"time":3.7667,"x":0.61,"y":0.8},{"time":3.8,"x":0.58,"y":0.38},{"time":3.8333,"x":0.26,"y":-0.3},{"time":3.8667,"x":0.31,"y":0.54},{"time":3.9,"x":0.18,"y":0.55},{"time":3.9333,"x":0.61,"y":0.8},{"time":3.9667,"x":0.58,"y":0.38},{"time":4,"x":0.26,"y":-0.3},{"time":4.0333,"x":0.31,"y":0.54},{"time":4.0667,"x":0.18,"y":0.55},{"time":4.1,"x":0.61,"y":0.8},{"time":4.1333,"x":0.58,"y":0.38},{"time":4.1667,"x":0.26,"y":-0.3},{"time":4.2,"x":0.31,"y":0.54},{"time":4.2333,"x":0.18,"y":0.55},{"time":4.2667,"x":0.61,"y":0.8},{"time":4.3,"x":0.58,"y":0.38},{"time":4.3333,"x":0.26,"y":-0.3},{"time":4.3667,"x":0.31,"y":0.54},{"time":4.4,"x":0.18,"y":0.55},{"time":4.4667,"x":0.26,"y":-0.3},{"time":4.5,"x":0.31,"y":0.54},{"time":4.5333,"x":0.18,"y":0.55},{"time":4.5667,"x":0.61,"y":0.8},{"time":4.6,"x":0.58,"y":0.38},{"time":4.6333,"x":0.26,"y":-0.3},{"time":4.6667,"x":0.31,"y":0.54},{"time":4.7,"x":0.18,"y":0.55},{"time":4.7333,"x":0.61,"y":0.8},{"time":4.7667,"x":0.58,"y":0.38},{"time":4.8,"x":0.26,"y":-0.3},{"time":4.8333,"x":0.31,"y":0.54},{"time":4.8667,"x":0.18,"y":0.55},{"time":4.9,"x":0.61,"y":0.8},{"time":4.9333,"x":0.58,"y":0.38},{"time":4.9667,"x":0.26,"y":-0.3},{"time":5,"x":0.31,"y":0.54},{"time":5.0333,"x":0.18,"y":0.55},{"time":5.0667,"x":0.61,"y":0.8},{"time":5.1,"x":0.58,"y":0.38},{"time":5.1333,"x":0.26,"y":-0.3},{"time":5.1667,"x":0.31,"y":0.54},{"time":5.2,"x":0.18,"y":0.55}]},"nv_shoubi":{"rotate":[{"angle":-0.42}]},"nv_shou":{"rotate":[{"angle":0.78}]},"nv_datui2":{"rotate":[{"angle":0.18}]},"nv_datui3":{"rotate":[{"angle":-0.68}]},"nv_st4":{"rotate":[{},{"time":0.2,"angle":-4.43},{"time":0.3667},{"time":0.5667,"angle":-4.43},{"time":0.7333},{"time":0.9333,"angle":-4.43},{"time":1.1},{"time":1.3,"angle":-4.43},{"time":1.4667},{"time":1.6667,"angle":-4.43},{"time":1.8333},{"time":2,"angle":-4.43},{"time":2.1333},{"time":2.3,"angle":-4.43},{"time":2.4},{"time":2.5667,"angle":-4.43},{"time":2.6667},{"time":2.8333,"angle":-4.43}]},"nv_naizi5":{"translate":[{"time":0.1},{"time":0.2333,"x":-4.04,"y":1.85},{"time":0.3333,"x":-1.85,"y":0.59},{"time":0.3667,"curve":"stepped"},{"time":0.4667},{"time":0.6,"x":-4.04,"y":1.85},{"time":0.7,"x":-1.85,"y":0.59},{"time":0.7333,"curve":"stepped"},{"time":0.8333},{"time":0.9667,"x":-4.04,"y":1.85},{"time":1.0667,"x":-1.85,"y":0.59},{"time":1.1,"curve":"stepped"},{"time":1.2},{"time":1.3333,"x":-4.04,"y":1.85},{"time":1.4333,"x":-1.85,"y":0.59},{"time":1.4667,"curve":"stepped"},{"time":1.5667},{"time":1.7,"x":-4.04,"y":1.85},{"time":1.8,"x":-1.85,"y":0.59},{"time":1.8333,"curve":"stepped"},{"time":1.9333},{"time":2.0333,"x":-4.04,"y":1.85},{"time":2.1,"x":-1.85,"y":0.59},{"time":2.1333,"curve":"stepped"},{"time":2.2333},{"time":2.3,"x":-4.04,"y":1.85},{"time":2.3667,"x":-1.85,"y":0.59},{"time":2.4,"curve":"stepped"},{"time":2.5},{"time":2.5667,"x":-4.04,"y":1.85},{"time":2.6333,"x":-1.85,"y":0.59},{"time":2.6667,"curve":"stepped"},{"time":2.7667},{"time":2.8333,"x":-4.04,"y":1.85}]},"nv_tou8":{"rotate":[{},{"time":0.1333,"angle":-24.24},{"time":0.2667,"angle":21.3},{"time":0.3667},{"time":0.5,"angle":-24.24},{"time":0.6333,"angle":21.3},{"time":0.7333},{"time":0.8667,"angle":-24.24},{"time":1,"angle":21.3},{"time":1.1},{"time":1.2333,"angle":-24.24},{"time":1.3667,"angle":21.3},{"time":1.4667},{"time":1.6,"angle":-24.24},{"time":1.7333,"angle":21.3},{"time":1.8333},{"time":1.9333,"angle":-24.24},{"time":2.0667,"angle":21.3},{"time":2.1333},{"time":2.2333,"angle":-24.24},{"time":2.3333,"angle":21.3},{"time":2.4},{"time":2.5,"angle":-24.24},{"time":2.6,"angle":21.3},{"time":2.6667},{"time":2.7667,"angle":-24.24},{"time":2.9667,"angle":1.47},{"time":3.3,"angle":-17.18},{"time":3.6},{"time":3.7667,"angle":1.47},{"time":4.1,"angle":-17.18},{"time":4.4},{"time":4.5667,"angle":1.47},{"time":4.9,"angle":-17.18},{"time":5.2}]},"nv_tou9":{"rotate":[{},{"time":0.2,"angle":-17.96},{"time":0.3333,"angle":28.69},{"time":0.3667},{"time":0.5667,"angle":-17.96},{"time":0.7,"angle":28.69},{"time":0.7333},{"time":0.9333,"angle":-17.96},{"time":1.0667,"angle":28.69},{"time":1.1},{"time":1.3,"angle":-17.96},{"time":1.4333,"angle":28.69},{"time":1.4667},{"time":1.6667,"angle":-17.96},{"time":1.8,"angle":28.69},{"time":1.8333},{"time":2,"angle":-17.96},{"time":2.1,"angle":28.69},{"time":2.1333},{"time":2.3,"angle":-17.96},{"time":2.3667,"angle":28.69},{"time":2.4},{"time":2.5667,"angle":-17.96},{"time":2.6333,"angle":28.69},{"time":2.6667},{"time":2.8333,"angle":-17.96},{"time":3.1667,"angle":33.13},{"time":3.4,"angle":-0.49},{"time":3.6},{"time":3.9667,"angle":33.13},{"time":4.2,"angle":-0.49},{"time":4.4},{"time":4.7667,"angle":33.13},{"time":5,"angle":-0.49},{"time":5.2}]},"nv_maozi3":{"rotate":[{},{"time":0.1333,"angle":2.9},{"time":0.2667,"angle":-3.4},{"time":0.3667},{"time":0.5,"angle":2.9},{"time":0.6333,"angle":-3.4},{"time":0.7333},{"time":0.8667,"angle":2.9},{"time":1,"angle":-3.4},{"time":1.1},{"time":1.2333,"angle":2.9},{"time":1.3667,"angle":-3.4},{"time":1.4667},{"time":1.6,"angle":2.9},{"time":1.7333,"angle":-3.4},{"time":1.8333},{"time":1.9333,"angle":2.9},{"time":2.0667,"angle":-3.4},{"time":2.1333},{"time":2.2333,"angle":2.9},{"time":2.3333,"angle":-3.4},{"time":2.4},{"time":2.5,"angle":2.9},{"time":2.6,"angle":-3.4},{"time":2.6667},{"time":2.7667,"angle":2.9}]},"nv_maozi4":{"rotate":[{},{"time":0.2,"angle":6.02},{"time":0.3,"angle":-9.51},{"time":0.3667},{"time":0.5667,"angle":6.02},{"time":0.6667,"angle":-9.51},{"time":0.7333},{"time":0.9333,"angle":6.02},{"time":1.0333,"angle":-9.51},{"time":1.1},{"time":1.3,"angle":6.02},{"time":1.4,"angle":-9.51},{"time":1.4667},{"time":1.6667,"angle":6.02},{"time":1.7667,"angle":-9.51},{"time":1.8333},{"time":2,"angle":6.02},{"time":2.1,"angle":-9.51},{"time":2.1333},{"time":2.3,"angle":6.02},{"time":2.3667,"angle":-9.51},{"time":2.4},{"time":2.5667,"angle":6.02},{"time":2.6333,"angle":-9.51},{"time":2.6667},{"time":2.8333,"angle":6.02}]},"nan_nj2":{"rotate":[{"angle":-0.44}]},"nan_nj3":{"rotate":[{"angle":0.67}]},"target4":{"translate":[{"x":0.08,"y":-7.89},{"time":0.2,"x":9,"y":-12.23},{"time":0.3667,"x":0.08,"y":-7.89},{"time":0.5667,"x":9,"y":-12.23},{"time":0.7333,"x":0.08,"y":-7.89},{"time":0.9333,"x":9,"y":-12.23},{"time":1.1,"x":0.08,"y":-7.89},{"time":1.3,"x":9,"y":-12.23},{"time":1.4667,"x":0.08,"y":-7.89},{"time":1.6667,"x":9,"y":-12.23},{"time":1.8333,"x":0.08,"y":-7.89},{"time":2,"x":9,"y":-12.23},{"time":2.1333,"x":0.08,"y":-7.89},{"time":2.3,"x":9,"y":-12.23},{"time":2.4,"x":0.08,"y":-7.89},{"time":2.5667,"x":9,"y":-12.23},{"time":2.6667,"x":0.08,"y":-7.89},{"time":2.8333,"x":9,"y":-12.23},{"time":2.8667,"x":9.91,"y":-12.69},{"time":2.9,"x":9,"y":-12.38},{"time":2.9333,"x":8.1,"y":-11.93},{"time":2.9667,"x":8.4,"y":-12.99},{"time":3,"x":9.61,"y":-12.99},{"time":3.0333,"x":8.55,"y":-12.23},{"time":3.0667,"x":9.3,"y":-12.23},{"time":3.1,"x":8.1,"y":-11.93},{"time":3.1333,"x":7.19,"y":-11.93},{"time":3.1667,"x":7.19,"y":-12.84},{"time":3.2,"x":7.94,"y":-12.99},{"time":3.2333,"x":6.89,"y":-12.69},{"time":3.2667,"x":7.94,"y":-12.69},{"time":3.3,"x":7.19,"y":-11.93},{"time":3.3333,"x":6.28,"y":-11.48},{"time":3.3667,"x":6.28,"y":-12.69},{"time":3.4,"x":7.49,"y":-12.69},{"time":3.4333,"x":6.28,"y":-12.38},{"time":3.4667,"x":7.49,"y":-12.69},{"time":3.5,"x":6.59,"y":-12.99},{"time":3.5333,"x":5.23,"y":-12.38},{"time":3.5667,"x":5.23,"y":-13.44},{"time":3.6667,"x":9.91,"y":-12.69},{"time":3.7,"x":9,"y":-12.38},{"time":3.7333,"x":8.1,"y":-11.93},{"time":3.7667,"x":8.4,"y":-12.99},{"time":3.8,"x":9.61,"y":-12.99},{"time":3.8333,"x":8.55,"y":-12.23},{"time":3.8667,"x":9.3,"y":-12.23},{"time":3.9,"x":8.1,"y":-11.93},{"time":3.9333,"x":7.19,"y":-11.93},{"time":3.9667,"x":7.19,"y":-12.84},{"time":4,"x":7.94,"y":-12.99},{"time":4.0333,"x":6.89,"y":-12.69},{"time":4.0667,"x":7.94,"y":-12.69},{"time":4.1,"x":7.19,"y":-11.93},{"time":4.1333,"x":6.28,"y":-11.48},{"time":4.1667,"x":6.28,"y":-12.69},{"time":4.2,"x":7.49,"y":-12.69},{"time":4.2333,"x":6.28,"y":-12.38},{"time":4.2667,"x":7.49,"y":-12.69},{"time":4.3,"x":6.59,"y":-12.99},{"time":4.3333,"x":5.23,"y":-12.38},{"time":4.3667,"x":5.23,"y":-13.44},{"time":4.4667,"x":9.91,"y":-12.69},{"time":4.5,"x":9,"y":-12.38},{"time":4.5333,"x":8.1,"y":-11.93},{"time":4.5667,"x":8.4,"y":-12.99},{"time":4.6,"x":9.61,"y":-12.99},{"time":4.6333,"x":8.55,"y":-12.23},{"time":4.6667,"x":9.3,"y":-12.23},{"time":4.7,"x":8.1,"y":-11.93},{"time":4.7333,"x":7.19,"y":-11.93},{"time":4.7667,"x":7.19,"y":-12.84},{"time":4.8,"x":7.94,"y":-12.99},{"time":4.8333,"x":6.89,"y":-12.69},{"time":4.8667,"x":7.94,"y":-12.69},{"time":4.9,"x":7.19,"y":-11.93},{"time":4.9333,"x":6.28,"y":-11.48},{"time":4.9667,"x":6.28,"y":-12.69},{"time":5,"x":7.49,"y":-12.69},{"time":5.0333,"x":6.28,"y":-12.38},{"time":5.0667,"x":7.49,"y":-12.69},{"time":5.1,"x":6.59,"y":-12.99},{"time":5.1333,"x":5.23,"y":-12.38},{"time":5.1667,"x":5.23,"y":-13.44}]}},"deform":{"default":{"root":{"root":[{"vertices":[4.21198,0,4.21198,0,4.21198,0,4.21198,0,4.21198,0,4.21198,0,4.21198,0,4.21198,0,4.21198,0,4.21198,0,4.21198]},{"time":0.2,"vertices":[1.716,0,1.716,0,1.716,0,1.716,0,1.716,0,1.716,0,1.716,0,1.716,0,1.716,0,1.716,0,1.716]},{"time":0.3667,"vertices":[4.21198,0,4.21198,0,4.21198,0,4.21198,0,4.21198,0,4.21198,0,4.21198,0,4.21198,0,4.21198,0,4.21198,0,4.21198]},{"time":0.5667,"vertices":[1.716,0,1.716,0,1.716,0,1.716,0,1.716,0,1.716,0,1.716,0,1.716,0,1.716,0,1.716,0,1.716]},{"time":0.7333,"vertices":[4.21198,0,4.21198,0,4.21198,0,4.21198,0,4.21198,0,4.21198,0,4.21198,0,4.21198,0,4.21198,0,4.21198,0,4.21198]},{"time":0.9333,"vertices":[1.716,0,1.716,0,1.716,0,1.716,0,1.716,0,1.716,0,1.716,0,1.716,0,1.716,0,1.716,0,1.716]},{"time":1.1,"vertices":[4.21198,0,4.21198,0,4.21198,0,4.21198,0,4.21198,0,4.21198,0,4.21198,0,4.21198,0,4.21198,0,4.21198,0,4.21198]},{"time":1.3,"vertices":[1.716,0,1.716,0,1.716,0,1.716,0,1.716,0,1.716,0,1.716,0,1.716,0,1.716,0,1.716,0,1.716]},{"time":1.4667,"vertices":[4.21198,0,4.21198,0,4.21198,0,4.21198,0,4.21198,0,4.21198,0,4.21198,0,4.21198,0,4.21198,0,4.21198,0,4.21198]},{"time":1.6667,"vertices":[1.716,0,1.716,0,1.716,0,1.716,0,1.716,0,1.716,0,1.716,0,1.716,0,1.716,0,1.716,0,1.716]},{"time":1.8333,"vertices":[4.21198,0,4.21198,0,4.21198,0,4.21198,0,4.21198,0,4.21198,0,4.21198,0,4.21198,0,4.21198,0,4.21198,0,4.21198]},{"time":2,"vertices":[1.716,0,1.716,0,1.716,0,1.716,0,1.716,0,1.716,0,1.716,0,1.716,0,1.716,0,1.716,0,1.716]},{"time":2.1333,"vertices":[4.21198,0,4.21198,0,4.21198,0,4.21198,0,4.21198,0,4.21198,0,4.21198,0,4.21198,0,4.21198,0,4.21198,0,4.21198]},{"time":2.3,"vertices":[1.716,0,1.716,0,1.716,0,1.716,0,1.716,0,1.716,0,1.716,0,1.716,0,1.716,0,1.716,0,1.716]},{"time":2.4,"vertices":[4.21198,0,4.21198,0,4.21198,0,4.21198,0,4.21198,0,4.21198,0,4.21198,0,4.21198,0,4.21198,0,4.21198,0,4.21198]},{"time":2.5667,"vertices":[1.716,0,1.716,0,1.716,0,1.716,0,1.716,0,1.716,0,1.716,0,1.716,0,1.716,0,1.716,0,1.716]},{"time":2.6667,"vertices":[4.21198,0,4.21198,0,4.21198,0,4.21198,0,4.21198,0,4.21198,0,4.21198,0,4.21198,0,4.21198,0,4.21198,0,4.21198]},{"time":2.8333,"vertices":[1.716,0,1.716,0,1.716,0,1.716,0,1.716,0,1.716,0,1.716,0,1.716,0,1.716,0,1.716,0,1.716]}]}}},"events":[{"time":0.2,"name":"plug_into"},{"time":0.5667,"name":"plug_into"},{"time":0.9333,"name":"plug_into"},{"time":1.3,"name":"plug_into"},{"time":1.6667,"name":"plug_into"},{"time":2,"name":"plug_into"},{"time":2.3,"name":"plug_into"},{"time":2.5667,"name":"plug_into"},{"time":2.8667,"name":"plug_into"},{"time":3.2,"name":"shoot_sperm"},{"time":4,"name":"shoot_sperm"},{"time":4.8,"name":"shoot_sperm"}]}}},[0]]],0,0,[0],[-1],[0]]