[1,["e0ZY2ezoxI9LPxXl7gU6qD"],0,[["sp.SkeletonData",["_name","_atlasText","textureNames","_skeletonJson","textures"],-1,3]],[[0,0,1,2,3,4,5]],[[0,"skeleton","\nskeleton.png\nsize: 1657,1535\nformat: RGBA8888\nfilter: Linear,Linear\nrepeat: none\nmm\n  rotate: true\n  xy: 1590, 697\n  size: 189, 59\n  orig: 190, 59\n  offset: 0, 0\n  index: -1\nmz\n  rotate: true\n  xy: 1308, 450\n  size: 436, 280\n  orig: 438, 280\n  offset: 0, 0\n  index: -1\nst\n  rotate: true\n  xy: 2, 888\n  size: 645, 1653\n  orig: 645, 1653\n  offset: 0, 0\n  index: -1\nt\n  rotate: false\n  xy: 1275, 16\n  size: 329, 386\n  orig: 329, 386\n  offset: 0, 0\n  index: -1\ntf_s\n  rotate: true\n  xy: 865, 3\n  size: 399, 408\n  orig: 409, 408\n  offset: 0, 0\n  index: -1\ntf_x\n  rotate: false\n  xy: 865, 404\n  size: 441, 482\n  orig: 441, 482\n  offset: 0, 0\n  index: -1\nwj\n  rotate: false\n  xy: 2, 240\n  size: 529, 646\n  orig: 529, 646\n  offset: 0, 0\n  index: -1\nyj\n  rotate: false\n  xy: 573, 163\n  size: 236, 96\n  orig: 237, 96\n  offset: 1, 0\n  index: -1\nys\n  rotate: false\n  xy: 533, 261\n  size: 330, 625\n  orig: 330, 625\n  offset: 0, 0\n  index: -1\nzb\n  rotate: false\n  xy: 2, 2\n  size: 74, 43\n  orig: 74, 44\n  offset: 0, 0\n  index: -1\nzs\n  rotate: true\n  xy: 2, 47\n  size: 191, 569\n  orig: 191, 570\n  offset: 0, 0\n  index: -1\n",["skeleton.png"],{"skeleton":{"hash":"f1GvYGddHgd1q3unRxYErQS7h+A","spine":"3.8.75","x":-380.34,"y":-1092.19,"width":834.95,"height":2048.83,"images":"../拆解素材/","audio":""},"bones":[{"name":"root"},{"name":"st","parent":"root","x":-100.74,"y":-126.71},{"name":"ys","parent":"st","x":368.35,"y":391.88},{"name":"wj","parent":"root","x":-99.53,"y":-105.73},{"name":"st15","parent":"st","length":108.29,"rotation":60.62,"x":84.85,"y":413.36},{"name":"st16","parent":"st15","length":66.27,"rotation":3.08,"x":108.29},{"name":"st17","parent":"st16","length":119.37,"rotation":41.23,"x":65.62,"y":1.24},{"name":"t","parent":"st17","rotation":-104.93,"x":228.43,"y":-18.09},{"name":"tf_s","parent":"t","x":-83.47,"y":239.31},{"name":"tf_x","parent":"t","x":-99.95,"y":212.75},{"name":"zs","parent":"st","x":-121.4,"y":433.11},{"name":"mz","parent":"t","x":124.02,"y":263.51},{"name":"yj","parent":"t","rotation":17.52,"x":-32.31,"y":-34.68},{"name":"zb","parent":"t","x":-1.6,"y":-135.87},{"name":"mm","parent":"t","x":-65.28,"y":27.67},{"name":"tf_s2","parent":"tf_s","length":85.35,"rotation":-126.17,"x":-40,"y":-38.53},{"name":"tf_s3","parent":"tf_s2","length":67.69,"rotation":21.3,"x":85.35},{"name":"tf_s4","parent":"tf_s3","length":79.91,"rotation":15.7,"x":67.69},{"name":"tf_s5","parent":"tf_s4","length":96.87,"rotation":18.36,"x":79.91},{"name":"tf_s6","parent":"tf_s","length":75.55,"rotation":-40.65,"x":96.07,"y":-42.58},{"name":"tf_s7","parent":"tf_s6","length":66.93,"rotation":-19.24,"x":75.55},{"name":"tf_s8","parent":"tf_s7","length":75.65,"rotation":-13.2,"x":66.93},{"name":"tf_s9","parent":"tf_s8","length":80.65,"rotation":-20.61,"x":75.65},{"name":"tf_s10","parent":"tf_s","length":37.04,"rotation":-97.31,"x":3.96,"y":-27.84},{"name":"tf_s11","parent":"tf_s10","length":38.26,"rotation":3.07,"x":37.04},{"name":"tf_s12","parent":"tf_s11","length":35.06,"rotation":10.41,"x":38.26},{"name":"tf_s13","parent":"tf_s12","length":27.46,"rotation":16,"x":35.06},{"name":"mz2","parent":"mz","length":48.88,"rotation":-45.72,"x":-9.77,"y":-21.35},{"name":"mz3","parent":"mz2","length":51.58,"rotation":-7.8,"x":48.88},{"name":"mz4","parent":"mz3","length":51.02,"rotation":-15.14,"x":51.58},{"name":"mz5","parent":"mz4","length":65.07,"rotation":-10.64,"x":51.02},{"name":"mz6","parent":"mz","length":45.36,"rotation":162.26,"x":-24.03,"y":-10.99},{"name":"mz7","parent":"mz6","length":43.69,"rotation":14.91,"x":45.36},{"name":"mz8","parent":"mz7","length":46.82,"rotation":7.6,"x":43.69},{"name":"mz9","parent":"mz8","length":45.39,"rotation":3.44,"x":46.82},{"name":"mz10","parent":"mz9","length":38.83,"rotation":12.65,"x":45.39},{"name":"mz11","parent":"mz10","length":42.25,"rotation":16.25,"x":38.83},{"name":"wj2","parent":"wj","length":66.2,"rotation":-114.03,"x":-132.99,"y":29.54},{"name":"wj3","parent":"wj2","length":70.37,"rotation":8.55,"x":66.2},{"name":"wj4","parent":"wj3","length":66.38,"rotation":1.97,"x":70.37},{"name":"wj5","parent":"wj4","length":62.05,"rotation":4.43,"x":66.77,"y":-1.59},{"name":"wj6","parent":"wj5","length":57.36,"rotation":-1.58,"x":62.05},{"name":"wj7","parent":"wj6","length":54.54,"rotation":2.05,"x":57.36},{"name":"wj8","parent":"wj7","length":61.36,"rotation":5.56,"x":54.54},{"name":"wj9","parent":"wj8","length":52.29,"rotation":2.16,"x":61.36},{"name":"wj10","parent":"wj9","length":44.12,"rotation":0.9,"x":52.29},{"name":"wj11","parent":"wj","length":51.53,"rotation":-87.27,"x":184,"y":-41.54},{"name":"wj12","parent":"wj11","length":53.1,"rotation":-2.73,"x":51.53},{"name":"wj13","parent":"wj12","length":47.39,"rotation":0.99,"x":53.1},{"name":"wj14","parent":"wj13","length":60.46,"rotation":-1.76,"x":47.39},{"name":"wj15","parent":"wj14","length":60.55,"rotation":3.87,"x":60.46},{"name":"wj16","parent":"wj15","length":57.34,"rotation":0.99,"x":60.55},{"name":"wj17","parent":"wj16","length":63.73,"rotation":-3.35,"x":57.34},{"name":"wj18","parent":"wj17","length":53.95,"rotation":-2.47,"x":63.73},{"name":"wj19","parent":"wj18","length":37.62,"rotation":4.23,"x":53.95},{"name":"wj20","parent":"wj19","length":27.83,"rotation":0.88,"x":37.62},{"name":"wj21","parent":"wj","x":-188.8,"y":-465.18},{"name":"wj22","parent":"wj","x":-140.27,"y":-483.38},{"name":"wj23","parent":"wj","x":-100.85,"y":-505.62},{"name":"wj24","parent":"wj","x":-46.25,"y":-517.75},{"name":"wj25","parent":"wj","x":3.29,"y":-531.91},{"name":"wj26","parent":"wj","x":49.79,"y":-554.15},{"name":"wj27","parent":"wj","x":110.45,"y":-555.16},{"name":"wj28","parent":"wj","x":164.04,"y":-554.15},{"name":"wj29","parent":"wj","x":-115.14,"y":37.9},{"name":"wj30","parent":"wj","x":-82.2,"y":18.13},{"name":"wj31","parent":"wj","x":-38.28,"y":5.69},{"name":"wj32","parent":"wj","x":45.17,"y":-12.61},{"name":"wj33","parent":"wj","x":84.7,"y":-14.81},{"name":"wj34","parent":"wj","x":147.65,"y":-12.61},{"name":"wj35","parent":"wj","x":199.62,"y":-8.95},{"name":"wj36","parent":"wj","x":242.08,"y":3.49},{"name":"ys2","parent":"ys","length":290.01,"rotation":-63.43,"x":-0.7,"y":-0.72},{"name":"ys3","parent":"ys2","length":294.56,"rotation":-75.88,"x":287.58,"y":-1.08},{"name":"ys4","parent":"ys3","length":92.44,"rotation":73.76,"x":294.56},{"name":"zs2","parent":"zs","length":267.97,"rotation":-111.46,"x":0.75,"y":-1.54},{"name":"zs3","parent":"zs2","length":195.39,"rotation":38.55,"x":266.89,"y":-0.42},{"name":"tf_x2","parent":"tf_x","length":75.05,"rotation":-91.59,"x":-0.08,"y":-2.44},{"name":"tf_x3","parent":"tf_x2","length":79.32,"rotation":11.42,"x":75.05},{"name":"tf_x4","parent":"tf_x3","length":120.44,"rotation":10.81,"x":75.41,"y":-0.68},{"name":"tf_x5","parent":"tf_x4","length":101.54,"rotation":7.48,"x":120.44},{"name":"tf_x6","parent":"tf_x5","length":102.09,"rotation":15.96,"x":101.54},{"name":"st2","parent":"st","x":-0.86,"y":1.14},{"name":"st3","parent":"st","length":150.73,"rotation":-102.17,"x":-99.4,"y":-23.24},{"name":"st4","parent":"st3","length":166.71,"rotation":10.23,"x":144.49,"y":0.88},{"name":"st5","parent":"st4","length":181.12,"rotation":10.01,"x":166.71},{"name":"st6","parent":"st5","length":181.32,"rotation":0.44,"x":181.12},{"name":"st7","parent":"st6","length":148.93,"rotation":-3.07,"x":181.32},{"name":"st8","parent":"st7","length":125.74,"rotation":-3.51,"x":148.93},{"name":"st9","parent":"st","length":183.56,"rotation":-90,"x":98.33,"y":-57.36},{"name":"st10","parent":"st9","length":175.29,"rotation":2.77,"x":183.56},{"name":"st11","parent":"st10","length":169.65,"rotation":0.09,"x":175.29},{"name":"st12","parent":"st11","length":143.06,"rotation":1.67,"x":169.65},{"name":"st13","parent":"st12","length":120.02,"rotation":4.27,"x":143.06},{"name":"st14","parent":"st13","length":115.42,"rotation":6.09,"x":120.02},{"name":"st18","parent":"st","length":210.71,"rotation":-133.67,"x":0.55,"y":366.5},{"name":"st19","parent":"st","length":229.28,"rotation":-94.33,"x":144.31,"y":356.97},{"name":"st20","parent":"st","length":166.16,"rotation":148.93,"x":63.81,"y":418.93},{"name":"st21","parent":"st","length":233.41,"rotation":10.03,"x":110.66,"y":412.75},{"name":"st22","parent":"st","length":216.21,"rotation":2.36,"x":44.94,"y":44.53},{"name":"st23","parent":"st","length":138.04,"rotation":161.21,"x":13.82,"y":50.75}],"slots":[{"name":"tf_x","bone":"tf_x","attachment":"tf_x"},{"name":"zs","bone":"zs","attachment":"zs"},{"name":"st","bone":"st","attachment":"st"},{"name":"wj","bone":"wj","attachment":"wj"},{"name":"ys","bone":"ys","attachment":"ys"},{"name":"t","bone":"t","attachment":"t"},{"name":"yj","bone":"yj","attachment":"yj"},{"name":"tf_s","bone":"tf_s","attachment":"tf_s"},{"name":"mz","bone":"mz","attachment":"mz"},{"name":"zb","bone":"zb","attachment":"zb"},{"name":"mm","bone":"mm","attachment":"mm"}],"skins":[{"name":"default","attachments":{"yj":{"yj":{"x":0.48,"y":-0.15,"rotation":-17.52,"width":237,"height":96}},"wj":{"wj":{"type":"mesh","hull":66,"width":529,"height":646,"uvs":[0.21519,0,0.21744,0,0.25522,0.02894,0.27302,0.03887,0.31551,0.05403,0.40535,0.07647,0.43935,0.08426,0.50107,0.09336,0.51188,0.09226,0.60028,0.10033,0.77686,0.10082,0.83167,0.0971,0.90003,0.08678,0.92728,0.081,0.97974,0.06743,0.98416,0.06761,1,0.10327,1,0.10698,0.99638,0.11154,0.9286,0.13661,0.84342,0.16936,0.84395,0.18238,0.84699,0.18672,0.84728,0.2678,0.85212,0.30706,0.85347,0.54674,0.85856,0.6285,0.85953,0.69174,0.86212,0.74411,0.86219,0.8394,0.85705,0.90502,0.85879,0.98504,0.77478,0.99552,0.71194,0.99544,0.70133,0.99859,0.55944,0.99854,0.49884,0.98605,0.47083,0.97465,0.43379,0.9554,0.37911,0.93893,0.36883,0.93747,0.31214,0.9356,0.27387,0.92991,0.19607,0.90793,0.13427,0.87728,0.11546,0.87308,0.07547,0.87531,0.05699,0.88019,0.04961,0.89503,0.0162,0.89334,0,0.89311,0.0018,0.88281,0,0.83779,0.00677,0.76736,0.00578,0.69635,0.01942,0.57775,0.04043,0.45445,0.04819,0.40917,0.06154,0.37882,0.06792,0.33791,0.09403,0.2413,0.12657,0.17459,0.16371,0.08619,0.20073,0.03339,0.21054,0.01735,0.21481,0.0021],"triangles":[65,0,1,1,64,65,2,64,1,63,64,2,63,2,3,62,3,4,6,61,5,7,59,6,7,8,9,7,9,24,19,20,11,10,11,20,16,14,15,17,18,16,18,19,13,12,13,19,14,18,13,16,18,14,19,11,12,10,21,9,20,21,10,21,23,9,22,23,21,23,24,9,44,7,25,25,7,24,26,43,25,27,43,26,28,43,27,28,29,43,43,29,41,30,36,29,31,32,30,30,32,33,34,35,33,36,30,35,33,35,30,29,37,38,29,36,37,29,40,41,29,39,40,29,38,39,43,41,42,43,44,25,7,44,45,45,46,53,46,52,53,47,52,46,51,52,47,49,51,47,50,51,49,48,49,47,45,53,54,56,7,55,45,55,7,45,54,55,59,7,58,58,7,56,56,57,58,5,61,4,61,6,60,60,6,59,62,63,3,61,62,4],"vertices":[3,37,-41.71,-14.08,0.11665,65,-46.66,55.23,0.00012,64,-13.72,35.47,0.88322,3,37,-42.19,-12.99,0.11737,65,-45.48,55.23,0.00013,64,-12.54,35.47,0.8825,4,37,-33.26,12.87,0.02404,56,81.11,519.85,0,65,-25.49,36.54,0.05818,64,7.45,16.77,0.91778,3,56,90.53,513.44,0,65,-16.07,30.12,0.25232,64,16.87,10.36,0.74768,3,66,-37.51,32.77,0.05374,65,6.41,20.32,0.78132,64,39.35,0.56,0.16494,4,56,160.53,489.14,0,67,-73.44,36.57,0.07135,66,10.01,18.27,0.87585,65,53.93,5.83,0.0528,4,56,178.52,484.11,0,67,-55.45,31.54,0.26478,66,28,13.24,0.73376,65,71.92,0.8,0.00146,12,38,-91.06,163.95,0.00012,39,-155.71,169.39,0.00023,41,-275.72,180.14,0.00001,56,211.17,478.23,0,57,162.64,496.43,0,59,68.62,530.81,0,60,19.08,544.96,0,50,-275.48,-149.44,0.00001,49,-204.31,-167.68,0.00001,48,-161.97,-161.32,0.00003,67,-22.8,25.66,0.71028,66,60.65,7.36,0.28929,4,56,216.89,478.95,0,68,-56.61,28.57,0.00195,67,-17.08,26.38,0.7766,66,66.36,8.08,0.22145,4,56,263.65,473.73,0,69,-72.8,21.16,0.01034,68,-9.85,23.36,0.70595,67,29.68,21.16,0.28372,4,56,357.06,473.42,0,46,-50.47,-13.36,0.0097,70,-31.36,17.19,0.4221,69,20.61,20.85,0.5682,4,56,386.06,475.82,0,71,-44.82,7.15,0.06321,70,-2.37,19.59,0.87935,69,49.61,23.25,0.05744,3,47,-110.32,46.96,0,71,-8.66,13.81,0.8438,70,33.8,26.26,0.1562,3,56,436.63,486.22,0,71,5.76,17.55,0.99035,70,48.21,29.99,0.00965,2,56,464.39,494.99,0,71,33.51,26.31,1,2,56,466.72,494.87,0,71,35.85,26.19,1,2,56,475.1,471.83,0,71,44.22,3.16,1,2,56,475.1,469.43,0,71,44.22,0.76,1,2,56,473.19,466.49,0,71,42.31,-2.18,1,3,47,-78.12,62.07,0,71,6.45,-18.38,0.91454,70,48.91,-5.94,0.08546,6,56,392.27,429.14,0,47,-56.97,17.01,0.00002,46,-4.57,19.71,0.584,71,-38.61,-39.53,0.03366,70,3.85,-27.09,0.38084,69,55.82,-23.43,0.00148,5,56,392.55,420.72,0,47,-48.56,17.29,0.00004,46,3.85,19.58,0.85418,71,-38.33,-47.95,0.00765,70,4.13,-35.51,0.13813,5,56,394.16,417.92,0,47,-45.75,18.9,0.00003,46,6.73,21.06,0.90088,71,-36.72,-50.75,0.00417,70,5.74,-38.31,0.09493,3,56,394.31,365.55,0,47,6.62,19.06,0.75768,46,59.05,18.72,0.24232,3,56,396.88,340.18,0,48,-20.75,21.98,0.07867,47,31.98,21.62,0.92133,2,56,397.59,185.35,0,50,27.04,20.9,1,2,51,19.73,20.4,0.9642,50,79.92,20.74,0.0358,3,56,400.79,91.68,0,52,2.12,18.16,0.62627,51,60.52,18,0.37373,3,56,402.16,57.85,0,53,-28.56,17.88,0.00153,52,35.97,19.09,0.99847,2,54,-19.46,21.27,0.00571,53,32.97,19.78,0.99429,3,55,-14.59,16.94,0.07471,54,22.77,16.71,0.91593,53,75.42,18.35,0.00936,1,55,37.07,14.82,1,3,62,56.7,-14.58,0.01302,63,3.12,-15.59,0.89665,55,41.22,-29.94,0.09033,4,62,23.46,-14.53,0.54846,63,-30.12,-15.54,0.45024,54,77.79,-62.52,0.00114,53,136.13,-56.61,0.00017,2,62,17.85,-16.56,0.67026,63,-35.73,-17.58,0.32974,3,60,49.96,-39.79,0.00969,61,3.45,-17.55,0.92124,62,-57.21,-16.53,0.06907,3,56,209.99,-98.45,0,60,17.9,-31.72,0.44956,61,-28.61,-9.48,0.55044,4,56,195.17,-91.08,0,59,52.62,-38.5,0.01089,60,3.08,-24.35,0.72756,61,-43.43,-2.11,0.26155,4,56,175.58,-78.64,0,59,33.03,-26.07,0.17334,60,-16.51,-11.92,0.82079,61,-63.02,10.32,0.00586,3,58,58.69,-27.56,0.00595,59,4.1,-15.43,0.83296,60,-45.44,-1.28,0.1611,3,58,53.26,-26.62,0.0424,59,-1.34,-14.49,0.89229,60,-50.88,-0.33,0.06532,2,58,23.27,-25.41,0.54682,59,-31.33,-13.28,0.45318,4,56,90.98,-62.18,0,57,42.45,-43.98,0.01655,58,3.02,-21.74,0.85307,59,-51.57,-9.61,0.13038,3,56,49.83,-47.98,0.03082,57,1.3,-29.78,0.63229,58,-38.13,-7.54,0.3369,4,45,44.95,56.91,0.01702,56,17.13,-28.18,0.49223,57,-31.39,-9.98,0.49014,58,-70.82,12.26,0.00062,3,45,42.24,46.96,0.07495,56,7.18,-25.47,0.66086,57,-41.35,-7.27,0.26419,3,45,43.68,25.81,0.49878,56,-13.97,-26.9,0.47627,57,-62.5,-8.71,0.02495,3,45,46.83,16.03,0.7956,56,-23.75,-30.06,0.19975,57,-72.28,-11.86,0.00465,2,45,56.42,12.12,0.93226,56,-27.66,-39.64,0.06774,2,45,55.33,-5.55,0.99815,56,-45.33,-38.55,0.00185,1,45,55.18,-14.12,1,1,45,48.53,-13.17,1,1,45,19.44,-14.12,1,1,44,26.41,-10.94,1,1,43,42.38,-12.91,1,1,42,21.14,-13.08,1,2,40,60.24,-16.1,0.60249,41,-1.37,-16.14,0.39751,1,40,30.71,-16.67,1,1,40,10.23,-12.79,1,2,39,51.47,-16.45,0.70024,40,-16.4,-13.63,0.29976,2,38,58.54,-18.03,0.97899,39,-12.44,-17.61,0.02101,1,38,12.41,-12.95,1,1,37,20.24,-16.27,1,2,37,-18.89,-12.28,0.3955,64,-21.37,13.9,0.6045,2,37,-30.47,-11.76,0.16316,64,-16.18,24.26,0.83684,3,37,-40.38,-13.71,0.116,65,-46.87,53.87,0.00011,64,-13.93,34.11,0.88389],"edges":[0,130,0,2,2,4,4,6,6,8,8,10,10,12,12,14,14,16,16,18,18,20,20,22,22,24,24,26,26,28,28,30,30,32,32,34,34,36,36,38,38,40,40,42,42,44,44,46,46,48,48,50,50,52,52,54,54,56,56,58,58,60,60,62,62,64,64,66,66,68,68,70,70,72,72,74,74,76,76,78,78,80,80,82,82,84,84,86,86,88,88,90,90,92,92,94,94,96,96,98,98,100,100,102,102,104,104,106,106,108,108,110,110,112,112,114,114,116,116,118,118,120,120,122,122,124,124,126,126,128,128,130]}},"ys":{"ys":{"type":"mesh","hull":63,"width":330,"height":625,"uvs":[0.54409,0.00124,0.5645,0.00144,0.59091,0.02227,0.6364,0.07033,0.67048,0.11455,0.72613,0.20202,0.83297,0.34194,0.90516,0.4307,0.9486,0.49915,0.99372,0.55836,1,0.57675,1,0.59854,0.98314,0.64154,0.91311,0.68838,0.851,0.71537,0.81778,0.72701,0.76304,0.74018,0.68959,0.76947,0.61564,0.78727,0.59228,0.79591,0.43284,0.84153,0.36169,0.86904,0.38536,0.91328,0.38651,0.9259,0.38292,0.93799,0.35363,0.95581,0.2786,0.99384,0.2096,0.99885,0.16921,0.97767,0.11735,0.9587,0.06346,0.9161,0.0344,0.85799,0.0245,0.82262,0.01731,0.80886,0,0.79286,0,0.78857,0.00928,0.77506,0.01988,0.75025,0.04978,0.71347,0.09957,0.67677,0.12728,0.64925,0.16424,0.62712,0.21253,0.61351,0.23763,0.60246,0.30351,0.56747,0.36053,0.54947,0.50313,0.4883,0.5717,0.46737,0.52504,0.41634,0.52076,0.40753,0.46939,0.36321,0.38464,0.26367,0.36941,0.25355,0.31003,0.27679,0.27312,0.27701,0.25322,0.25987,0.24743,0.23436,0.25035,0.18189,0.27317,0.13686,0.29968,0.10842,0.4147,0.04187,0.49594,0.01132,0.52568,0.00453],"triangles":[21,32,33,21,31,32,30,31,21,21,29,30,21,22,25,23,25,22,23,24,25,21,28,29,25,28,21,26,28,25,27,28,26,14,47,13,15,47,14,16,46,47,16,45,46,47,15,16,17,45,16,18,45,17,44,45,18,19,43,44,33,34,35,18,19,44,33,36,37,33,35,36,33,37,21,20,43,19,42,43,20,40,41,42,42,39,40,20,39,42,38,39,20,20,37,38,21,37,20,59,4,52,58,59,52,57,58,52,56,57,52,2,62,0,2,0,1,61,62,2,3,60,61,3,61,2,60,4,59,53,55,56,52,5,51,60,3,4,5,52,4,52,53,56,54,55,53,50,51,5,50,5,6,49,50,6,48,49,6,47,48,6,7,47,6,9,10,11,8,9,47,11,13,9,8,47,7,11,12,13,9,13,47],"vertices":[1,72,-38.1,60.69,1,1,72,-34.97,66.66,1,1,72,-19.43,68.63,1,1,72,14.15,68.63,1,1,72,43.9,66.33,1,1,72,101.01,58.31,1,1,72,194.99,50.73,1,1,72,255.27,47.23,1,1,72,299.94,40.92,1,2,72,339.7,37.69,0.97771,73,-24.88,60,0.02229,2,72,350.91,34.4,0.94657,73,-18.96,70.07,0.05343,2,72,363.09,28.31,0.89425,73,-10.08,80.39,0.10575,2,72,384.64,11.31,0.75446,73,11.66,97.15,0.24554,2,72,400.49,-22.45,0.51063,73,48.27,104.28,0.48937,2,72,406.41,-48.33,0.34213,73,74.81,103.71,0.65787,2,72,408.01,-61.38,0.26972,73,87.86,102.08,0.73028,2,72,407.3,-81.22,0.16939,73,106.93,96.55,0.83061,3,72,412.83,-111.09,0.06997,73,137.24,94.63,0.92966,74,46.86,177.51,0.00037,3,72,411.87,-137.89,0.02674,73,163,87.16,0.96564,74,46.9,150.69,0.00762,3,72,413.25,-147.2,0.01737,73,172.36,86.23,0.96806,74,48.62,141.44,0.01457,3,72,415.22,-207.01,0.00006,73,230.85,73.56,0.7718,74,52.8,81.74,0.22814,2,73,259.86,71.29,0.36271,74,58.75,53.25,0.63729,2,73,271.96,97.35,0.06934,74,87.14,48.92,0.93066,2,73,276.82,103.58,0.04572,74,94.49,46,0.95428,2,73,282.64,108.54,0.03222,74,100.87,41.8,0.96778,2,73,297.23,110.68,0.01256,74,107.01,28.39,0.98744,1,74,118.4,-3.98,1,1,74,111.83,-26.01,1,1,74,94.27,-32.67,1,1,74,76.39,-43.34,1,1,74,44.8,-48.51,1,2,73,337.27,-4.35,0.08434,74,7.76,-42.22,0.91566,2,73,325.33,-23.25,0.43429,74,-13.72,-36.04,0.56571,2,73,321.53,-31.31,0.60749,74,-22.52,-34.64,0.39251,2,73,319.34,-42.62,0.74592,74,-33.99,-35.7,0.25408,2,73,317.59,-44.65,0.75938,74,-36.43,-34.6,0.24062,2,73,309.77,-49.06,0.83315,74,-42.85,-28.31,0.16685,2,73,297.01,-58.54,0.9404,74,-55.52,-18.71,0.0596,2,73,274.54,-69.54,0.99747,74,-72.37,-0.22,0.00253,1,73,247.13,-76.22,1,1,73,228.98,-83.31,1,1,73,210.72,-85.84,1,1,73,193.09,-81.91,1,1,73,182.3,-81.75,1,2,72,242.93,-168.58,0.00003,73,151.56,-84.16,0.99997,2,72,241.28,-146.72,0.00387,73,129.96,-80.42,0.99613,2,72,228.14,-87.53,0.16568,73,69.35,-78.74,0.83432,2,72,226.55,-61.44,0.50992,73,43.66,-73.91,0.49008,2,72,191.14,-60.95,0.90821,73,34.55,-108.14,0.09179,2,72,185.58,-59.75,0.9343,73,32.03,-113.23,0.0657,2,72,153.23,-62.53,0.99425,73,26.83,-145.29,0.00575,1,72,85.07,-59.72,1,1,72,77.17,-61.39,1,1,72,81.4,-85.41,1,1,72,76.07,-96.37,1,1,72,63.56,-97.45,1,1,72,48.44,-92.03,1,1,72,19.54,-76.5,1,1,72,-2.27,-57.18,1,1,72,-14.25,-41.41,1,1,72,-34.48,11.14,1,1,72,-39.57,43.66,1,1,72,-38.98,54.34,1],"edges":[0,124,0,2,2,4,4,6,6,8,8,10,10,12,12,14,14,16,16,18,18,20,20,22,22,24,24,26,26,28,28,30,30,32,32,34,34,36,36,38,38,40,40,42,42,44,44,46,46,48,48,50,50,52,52,54,54,56,56,58,58,60,60,62,62,64,64,66,66,68,68,70,70,72,72,74,74,76,76,78,78,80,80,82,82,84,84,86,86,88,88,90,90,92,92,94,94,96,96,98,98,100,100,102,102,104,104,106,106,108,108,110,110,112,112,114,114,116,116,118,118,120,120,122,122,124]}},"mm":{"mm":{"y":0.5,"width":190,"height":59}},"st":{"st":{"type":"mesh","hull":137,"width":645,"height":1653,"uvs":[0.65493,0,0.66838,0,0.67633,0.00059,0.67007,0.0219,0.67023,0.03593,0.6717,0.04111,0.6814,0.05305,0.6957,0.06274,0.70779,0.06905,0.73352,0.07598,0.73743,0.07615,0.75249,0.07583,0.75904,0.07829,0.82704,0.09094,0.87467,0.1033,0.92068,0.11244,0.95811,0.12216,0.98866,0.134,0.9987,0.1357,0.99952,0.13832,0.99351,0.15033,0.99376,0.15665,0.98626,0.16609,0.97268,0.17897,0.94774,0.19923,0.91829,0.21927,0.8915,0.23482,0.87525,0.24315,0.86219,0.26081,0.84112,0.28118,0.82697,0.29285,0.80118,0.31774,0.78445,0.33983,0.77373,0.36323,0.77154,0.38154,0.78408,0.39406,0.81808,0.43413,0.81979,0.47368,0.81209,0.50654,0.80656,0.52287,0.81122,0.54187,0.81464,0.55391,0.81312,0.58125,0.77721,0.6467,0.77454,0.6616,0.76965,0.67512,0.75894,0.69115,0.75263,0.70577,0.74398,0.72461,0.74178,0.73074,0.73199,0.75534,0.73047,0.76911,0.72614,0.77995,0.72923,0.77856,0.71782,0.83687,0.7071,0.85863,0.70742,0.87105,0.71873,0.87704,0.71461,0.87884,0.71634,0.8826,0.72714,0.89112,0.7215,0.90902,0.7245,0.9198,0.76983,0.9944,0.77109,1,0.4783,1,0.46659,0.97352,0.45882,0.95887,0.39643,0.88516,0.3731,0.88133,0.36763,0.88575,0.36751,0.90234,0.3767,0.9048,0.37496,0.915,0.3729,0.91813,0.37619,0.92915,0.37595,0.93379,0.37741,0.95156,0.3875,1,0.12789,1,0.12778,0.97346,0.12709,0.9432,0.12485,0.93291,0.09475,0.86435,0.07406,0.83172,0.04798,0.78801,0.03229,0.74548,0.02876,0.72638,0.02433,0.71721,0.00228,0.66504,0.00228,0.647,0,0.64383,0,0.61715,0.00215,0.57866,0.01475,0.52731,0.01128,0.52741,0.00958,0.5233,0.02117,0.50299,0.03294,0.48115,0.04284,0.46864,0.07646,0.42905,0.07555,0.42696,0.09419,0.40471,0.11966,0.38429,0.12688,0.38029,0.14003,0.36776,0.15144,0.35209,0.14447,0.34726,0.10255,0.33258,0.07441,0.31731,0.06429,0.31035,0.05415,0.29555,0.05259,0.28206,0.06106,0.26021,0.06636,0.25483,0.08629,0.23643,0.17365,0.18261,0.19007,0.17202,0.19521,0.1609,0.18767,0.15047,0.17908,0.12957,0.18384,0.10558,0.19081,0.09832,0.19632,0.0967,0.19919,0.09927,0.26964,0.08473,0.30368,0.07928,0.37855,0.07103,0.4472,0.07059,0.47773,0.06709,0.47679,0.05716,0.46821,0.04449,0.47505,0.0395,0.48959,0.03379,0.50801,0.02756,0.55195,0.01683,0.57423,0.01259,0.22305,0.18226,0.27179,0.17197,0.34163,0.17094,0.38249,0.17402,0.41807,0.18842,0.42202,0.20745,0.41148,0.22288,0.39435,0.23984,0.37722,0.25373,0.36931,0.27584,0.35877,0.30566,0.3614,0.32829,0.3614,0.35606,0.39698,0.36531,0.4352,0.37303,0.47473,0.37611,0.55908,0.3828,0.63683,0.38383,0.7014,0.37046,0.72644,0.35451,0.76202,0.33035,0.78706,0.30772,0.7897,0.2851,0.77256,0.25527,0.74884,0.22853,0.7238,0.20076,0.69086,0.18585,0.64869,0.17711,0.59334,0.17505,0.53535,0.17711,0.48132,0.18688,0.4576,0.19665,0.31264,0.35503,0.26652,0.35606,0.2059,0.354,0.21512,0.20128,0.17822,0.21876,0.14791,0.24036,0.13078,0.26658,0.13078,0.29898,0.15846,0.32315,0.32318,0.19716,0.31001,0.20385,0.25466,0.2311,0.2428,0.25373,0.23621,0.28047,0.23621,0.30206,0.24148,0.32418,0.25729,0.34217,0.37722,0.20488,0.33636,0.23007,0.32977,0.24756,0.31132,0.2707,0.31001,0.29384,0.31001,0.31441,0.32318,0.34217,0.52745,0.19871,0.48791,0.22339,0.47605,0.24036,0.46683,0.25733,0.45628,0.27995,0.44442,0.30104,0.43784,0.32366,0.44311,0.35451,0.62892,0.19716,0.58807,0.22133,0.57621,0.25013,0.56567,0.28664,0.56435,0.32109,0.56435,0.34937,0.57753,0.3684,0.69349,0.20899,0.70799,0.24242,0.71326,0.26915,0.70272,0.29435,0.68954,0.31955,0.67109,0.34834,0.64605,0.36737,0.64737,0.2203,0.64737,0.25116,0.64473,0.2779,0.63683,0.31646,0.63024,0.34629,0.25342,0.45778,0.26421,0.51111,0.26421,0.56725,0.26781,0.61918,0.29119,0.69216,0.31817,0.76164,0.35773,0.83813,0.1617,0.43088,0.25162,0.44351,0.33795,0.45684,0.42068,0.46246,0.55916,0.46947,0.68505,0.46456],"triangles":[105,106,171,171,104,105,171,170,104,170,227,104,169,150,228,228,170,169,191,147,148,192,191,148,149,192,148,149,148,200,169,192,149,150,149,200,150,169,149,184,183,191,177,183,184,185,184,191,185,191,192,107,108,177,171,106,107,171,177,184,171,184,185,171,107,177,169,185,192,170,185,169,171,185,170,230,151,152,230,152,153,232,35,36,35,232,154,231,153,154,231,154,232,232,36,37,156,213,212,157,156,212,156,157,32,33,156,32,214,219,213,207,219,214,155,213,156,214,213,155,151,150,200,152,200,206,152,206,207,151,200,152,33,155,156,34,155,33,153,152,207,154,207,214,153,207,154,229,150,151,155,154,214,155,35,154,35,155,34,22,20,21,164,165,8,12,163,164,201,165,164,201,164,163,193,167,166,15,23,162,22,23,15,162,163,14,162,14,15,24,162,23,208,163,162,25,162,24,165,193,166,161,162,25,26,161,25,19,20,17,19,17,18,20,22,16,20,16,17,8,165,129,9,164,8,9,12,164,22,15,16,10,11,12,9,10,12,13,163,12,14,163,13,166,129,165,128,129,166,167,140,166,27,161,26,122,123,124,121,122,124,124,120,121,139,119,120,119,138,118,125,126,139,120,124,125,120,125,139,139,138,119,139,127,140,139,126,127,140,127,128,140,128,166,141,140,167,230,229,151,230,153,231,38,232,37,39,232,38,41,232,40,229,230,221,231,222,230,231,232,42,40,232,39,41,42,232,43,231,42,222,231,43,223,222,43,43,44,46,43,224,223,44,45,46,46,224,43,47,224,46,48,224,47,48,225,224,48,49,225,50,225,49,51,225,50,51,52,225,52,226,225,54,52,53,54,226,52,55,226,54,58,56,57,55,68,226,56,68,55,61,59,60,67,68,61,56,59,68,58,59,56,61,68,59,67,61,62,66,67,62,66,62,63,65,66,63,65,63,64,82,74,75,76,82,75,81,82,76,81,76,77,80,81,77,78,79,80,78,80,77,83,84,226,68,69,226,70,83,226,69,70,226,70,82,83,73,71,72,74,71,73,71,82,70,82,71,74,86,224,225,85,86,225,84,85,225,84,225,226,223,91,92,90,91,223,89,90,223,224,89,223,88,89,224,87,88,224,86,87,224,230,222,221,94,221,222,93,94,222,92,93,223,223,93,222,227,100,101,103,104,227,102,103,227,227,101,102,228,227,170,229,220,228,228,150,229,221,220,229,94,96,97,99,100,227,95,96,94,220,99,227,220,227,228,99,220,221,98,99,221,97,98,221,94,97,221,201,163,208,215,201,208,193,165,201,202,201,215,202,193,201,193,168,167,194,193,202,194,168,193,142,168,194,143,142,194,208,162,161,195,143,194,144,143,195,209,208,161,215,208,209,203,194,202,195,194,203,216,215,209,202,215,216,203,202,216,160,161,27,209,161,160,196,144,195,196,195,203,145,144,196,28,160,27,210,209,160,216,209,210,217,203,216,217,216,210,197,145,196,146,145,197,29,160,28,159,160,29,210,160,159,204,196,203,204,203,217,197,196,204,30,159,29,211,217,210,211,210,159,198,146,197,147,146,198,158,211,159,158,159,30,218,204,217,218,217,211,31,158,30,212,218,211,212,211,158,204,198,197,205,204,218,205,198,204,199,147,198,199,198,205,148,147,199,157,212,158,157,158,31,32,157,31,219,205,218,213,219,218,212,213,218,206,205,219,199,205,206,200,199,206,148,199,200,207,206,219,137,117,118,138,137,118,116,117,137,178,138,139,172,116,137,179,138,178,137,138,179,172,137,179,140,178,139,186,140,141,186,178,140,142,141,168,186,141,142,173,116,172,143,186,142,186,179,178,187,186,143,187,179,186,180,172,179,180,179,187,173,172,180,115,116,173,144,187,143,174,115,173,188,180,187,188,187,144,180,174,173,181,180,188,181,174,180,145,188,144,175,115,174,175,174,181,114,115,175,113,114,175,189,181,188,189,188,145,146,189,145,182,175,181,182,181,189,112,113,175,190,182,189,190,189,146,176,111,112,176,175,182,176,112,175,183,176,182,183,182,190,147,190,146,110,111,176,191,190,147,183,190,191,109,110,176,177,176,183,109,176,177,108,109,177,168,141,167,3,1,2,130,132,133,131,132,130,134,129,130,0,1,3,136,0,3,4,135,136,135,5,134,3,4,136,134,130,133,134,5,129,135,4,5,6,129,5,7,129,6,8,129,7],"vertices":[2,6,107.27,-65.07,1,98,136.99,254.8,0,2,6,105.04,-73.45,1,98,145.53,253.29,0,2,6,102.77,-78.15,1,98,150.41,251.43,0,2,6,69.79,-65.17,0.99933,98,140.3,217.46,0.00067,3,5,140.32,-12.16,0.00403,6,47.35,-59.3,0.98599,98,136.37,194.61,0.00998,3,5,133.06,-16.8,0.0171,6,38.83,-58.01,0.9634,98,135.8,186.01,0.0195,3,5,118.13,-31.15,0.10847,6,18.15,-58.97,0.824,98,138.52,165.48,0.06752,3,5,107.85,-46.52,0.25413,6,0.29,-63.75,0.58942,98,144.81,148.1,0.15645,3,5,101.96,-58.13,0.33265,6,-11.79,-68.6,0.4185,98,150.68,136.48,0.24885,3,5,99.04,-78.09,0.35069,6,-27.14,-81.68,0.23412,98,165.03,122.3,0.41519,3,5,99.9,-80.48,0.34545,6,-28.07,-84.05,0.21693,98,167.46,121.57,0.43762,3,5,104.69,-88.95,0.32777,6,-30.05,-93.57,0.17333,98,177.12,120.41,0.4989,3,5,102.91,-94.53,0.31647,6,-35.06,-96.6,0.1551,98,180.57,115.68,0.52843,3,5,103.6,-143.12,0.15597,6,-66.57,-133.6,0.04573,98,220.12,87.44,0.7983,3,5,98.88,-179.71,0.05774,6,-94.23,-158.02,0.01309,98,246.81,61.97,0.92917,3,5,98.48,-213.01,0.01301,6,-116.48,-182.8,0.00218,98,273.4,41.92,0.98481,3,5,94.77,-241.77,0.00149,6,-138.23,-201.98,0.00007,98,294.37,21.89,0.99843,3,5,85.95,-268.11,0,96,-129.28,263.1,0.00162,98,310.36,-0.82,0.99838,3,96,-126.97,269.77,0.00195,98,316.25,-4.71,0.99805,99,394.86,402.78,0,2,96,-122.7,270.63,0.00215,98,316.02,-9.07,0.99785,3,96,-102.61,268.26,0.00891,98,308.74,-27.94,0.99106,99,390.52,378.76,0.00003,3,96,-92.19,269.21,0.01503,98,307.08,-38.26,0.98487,99,390.25,368.3,0.00011,3,96,-76.27,265.56,0.02842,98,299.6,-52.78,0.97121,99,384.77,352.92,0.00037,3,96,-54.39,258.44,0.05896,98,287.27,-72.21,0.9398,99,375.15,332.01,0.00125,3,96,-19.78,244.93,0.13943,98,265.59,-102.39,0.85583,99,357.7,299.21,0.00474,3,96,14.68,228.49,0.26123,98,241.11,-131.69,0.72576,99,337.35,266.9,0.01301,3,96,41.62,213.2,0.38051,98,219.62,-154,0.59349,99,319.03,241.92,0.026,3,96,56.15,203.79,0.45629,98,206.9,-165.74,0.50586,99,307.99,228.59,0.03785,3,96,85.89,197.59,0.56646,98,193.52,-193.01,0.36424,99,298.38,199.78,0.06929,3,96,120.49,186.59,0.64047,98,174.27,-223.8,0.23608,99,283.42,166.69,0.12345,3,96,140.42,178.94,0.6556,98,161.92,-241.21,0.17338,99,273.5,147.79,0.17102,3,96,182.7,165.47,0.58894,98,138.38,-278.82,0.07832,99,255.19,107.37,0.33274,3,96,219.93,157.47,0.41624,98,121.39,-312.9,0.03054,99,242.91,71.32,0.55321,3,96,259.02,153.49,0.15928,98,107.84,-349.78,0.00778,99,234.41,32.96,0.83293,5,96,289.31,154.37,0.01245,90,-288.79,192.23,0.00016,89,-114.19,178.05,0.00547,98,101.18,-379.35,0.00052,99,231.75,2.77,0.98141,3,90,-267.74,199.31,0.0018,89,-93.5,186.14,0.05307,99,238.99,-18.23,0.94513,3,90,-200.52,218.01,0.02073,89,-27.26,208.07,0.28894,99,258.17,-85.31,0.69034,3,90,-135.16,215.96,0.07336,89,38.12,209.17,0.49148,99,256.59,-150.69,0.43516,4,91,-256.11,208.78,0.00031,90,-81.15,208.37,0.1723,89,92.43,204.21,0.57589,99,249.39,-204.75,0.2515,4,91,-229.32,203.87,0.00244,90,-54.36,203.5,0.25356,89,119.43,200.64,0.56822,99,244.72,-231.58,0.17577,4,91,-197.8,205.3,0.00942,90,-22.84,204.98,0.36359,89,150.84,203.64,0.5166,99,246.43,-263.08,0.11039,4,91,-177.82,206.52,0.01705,90,-2.86,206.23,0.42864,89,170.73,205.85,0.47159,99,247.81,-283.05,0.08272,4,91,-132.74,203.28,0.049,90,42.23,203.07,0.55552,89,215.93,204.87,0.35318,99,244.98,-328.16,0.04229,4,91,-25.84,174.74,0.32296,90,149.17,174.7,0.59585,89,324.11,181.71,0.07839,99,217.39,-435.31,0.0028,5,92,-165.91,176.69,0.00058,91,-1.33,171.79,0.43402,90,173.69,171.79,0.51856,89,348.74,179.98,0.04595,99,214.65,-459.85,0.0009,5,92,-143.88,171.79,0.00342,91,20.83,167.53,0.53259,90,195.86,167.56,0.43677,89,371.09,176.83,0.02702,99,210.58,-482.04,0.00019,4,92,-118.01,162.8,0.01447,91,46.96,159.3,0.65044,90,221.99,159.38,0.32292,89,397.59,169.92,0.01218,4,92,-94.24,156.84,0.03785,91,70.89,154.03,0.73502,90,245.93,154.15,0.22253,89,421.76,165.85,0.00461,4,92,-63.63,148.82,0.09867,91,101.72,146.91,0.78137,90,276.78,147.07,0.1193,89,452.91,160.28,0.00067,4,92,-53.64,146.61,0.13004,91,111.78,144.99,0.77527,90,286.83,145.17,0.09443,89,463.04,158.86,0.00026,4,93,-146.02,148.38,0.00302,92,-13.6,137.1,0.31518,91,152.07,136.64,0.6541,90,327.14,136.89,0.0277,4,93,-123.69,143.93,0.01192,92,9,134.33,0.4493,91,174.75,134.53,0.52778,90,349.82,134.81,0.011,4,93,-106.41,138.43,0.02582,92,26.65,130.12,0.55868,91,192.5,130.84,0.4114,90,367.58,131.15,0.0041,4,93,-108.36,140.75,0.02304,92,24.52,132.29,0.54836,91,190.32,132.95,0.42412,90,365.4,133.26,0.00448,4,94,-120.91,132.31,0.00135,93,-14.24,118.74,0.33065,92,120.02,117.35,0.62708,91,286.2,120.79,0.04092,4,94,-87.92,116.38,0.02222,93,20.25,106.4,0.58532,92,155.33,107.61,0.38517,91,321.79,112.09,0.0073,4,94,-68.02,111.31,0.06384,93,40.57,103.47,0.71297,92,175.82,106.2,0.22189,91,342.31,111.27,0.0013,4,94,-56.58,115.82,0.09671,93,51.47,109.16,0.74511,92,186.26,112.69,0.15783,91,352.56,118.06,0.00035,4,94,-54.38,112.48,0.102,93,54.01,106.08,0.74755,92,189.02,109.81,0.15017,91,355.4,115.26,0.00028,4,94,-48.1,111.97,0.12783,93,60.31,106.23,0.75318,92,195.3,110.43,0.11893,91,361.65,116.06,0.00005,3,94,-32.7,115.08,0.18609,93,75.29,110.96,0.7418,92,209.88,116.26,0.07211,3,94,-5.04,103.96,0.36193,93,103.98,102.84,0.61583,92,239.1,110.3,0.02224,3,94,12.68,101.26,0.5218,93,121.89,102.03,0.47166,92,257.02,110.82,0.00654,2,94,139.37,97.83,0.99971,93,248.23,112.06,0.00029,1,94,148.52,96.24,1,2,94,100.01,-86.27,0.99871,93,228.62,-75.18,0.00129,3,87,246.1,139.39,0.00079,94,55.76,-82.33,0.92877,93,184.2,-75.95,0.07044,3,87,221.52,136.7,0.00468,94,31.08,-80.95,0.77809,93,159.51,-77.2,0.21723,6,86,283.37,102.88,0.00719,87,96.4,108.19,0.32861,88,-59.05,104.77,0.00541,94,-97.02,-88.53,0.00245,93,32.94,-98.33,0.52817,92,183.22,-95.6,0.12817,6,86,274.89,88.92,0.01026,87,88.68,93.81,0.54468,88,-65.88,89.94,0.02589,94,-107,-101.46,0.00007,93,24.38,-112.23,0.28803,92,175.73,-110.11,0.13108,5,86,281.59,84.36,0.00543,87,95.61,89.6,0.63479,88,-58.71,86.17,0.05799,93,31.06,-116.84,0.20376,92,182.73,-114.2,0.09803,5,86,308.71,80.22,0.00011,87,122.91,86.92,0.64664,88,-31.29,85.17,0.24183,93,58.15,-121.11,0.07768,92,210.06,-116.44,0.03374,5,86,313.61,85.48,0,87,127.52,92.44,0.62177,88,-27.03,90.96,0.28369,93,63.08,-115.87,0.06687,92,214.59,-110.86,0.02767,4,87,144.2,89.72,0.52847,88,-10.21,89.27,0.40912,93,79.57,-119.56,0.04581,92,231.31,-113.31,0.0166,5,86,335.04,79.8,0,87,149.23,87.91,0.48371,88,-5.09,87.77,0.4639,93,84.48,-121.66,0.03912,92,236.36,-115.04,0.01328,5,86,353.36,79.2,0,87,167.55,88.3,0.32244,88,13.18,89.27,0.64943,93,102.8,-122.35,0.02237,92,254.68,-114.36,0.00576,5,86,360.93,77.92,0,87,175.18,87.42,0.25996,88,20.85,88.86,0.71882,93,110.36,-123.68,0.01744,92,262.32,-115.12,0.00378,5,86,390.11,74.5,0,87,204.51,85.57,0.08203,88,50.23,88.81,0.91221,93,139.53,-127.24,0.00545,92,291.67,-116.5,0.00031,2,86,470.27,69.09,0,88,130.48,92.61,1,1,88,124.84,-74.73,1,2,87,225.29,-78.15,0.02747,88,81,-73.33,0.97253,2,87,175.44,-73.85,0.2862,88,30.98,-72.09,0.7138,2,87,158.37,-73.68,0.47337,88,13.94,-72.96,0.52663,2,86,220.57,-84.48,0.17552,87,43.71,-82.26,0.82448,2,86,165.25,-89.7,0.6526,87,-11.25,-90.43,0.3474,3,85,273.16,-94.94,0.01824,86,91.31,-95.64,0.9606,87,-84.76,-100.32,0.02116,2,85,202.14,-95.09,0.31734,86,20.29,-95.25,0.68266,2,85,170.54,-92.92,0.59025,86,-11.29,-92.83,0.40975,2,85,155.15,-93.62,0.72047,86,-26.69,-93.42,0.27953,3,84,250.05,-82.37,0.03224,85,67.76,-95.6,0.96468,86,-114.09,-94.72,0.00309,3,83,376.05,-42.05,0.0007,84,220.25,-83.38,0.13209,85,38.23,-91.41,0.86721,3,83,371.23,-44.6,0.00126,84,215.06,-85.02,0.16107,85,32.83,-92.13,0.83767,3,83,328.13,-53.89,0.01858,84,170.99,-86.52,0.50594,85,-10.82,-85.94,0.47548,3,83,265.64,-65.95,0.16581,84,107.35,-87.29,0.78817,85,-73.63,-75.65,0.04602,2,83,180.95,-75.9,0.86998,84,22.24,-82.04,0.13002,2,83,181.59,-78.05,0.87483,84,22.49,-84.27,0.12517,2,83,175.19,-80.56,0.90815,84,15.74,-85.6,0.09185,1,83,140.79,-80.33,1,1,83,103.89,-80.52,1,1,83,82.34,-78.64,1,2,83,13.8,-71.24,0.96057,100,152.54,128.42,0.03943,2,83,10.54,-72.54,0.95109,100,154.21,125.34,0.04891,2,83,-27.95,-68.54,0.75381,100,154.67,86.64,0.24619,2,83,-64.42,-59.6,0.41122,100,149.99,49.39,0.58878,2,83,-71.85,-56.44,0.32837,100,147.7,41.64,0.67163,2,83,-93.89,-52.52,0.11275,100,146.35,19.29,0.88725,3,95,274.49,90.4,0.0914,96,270.97,-248.13,0.0008,100,147.72,-7.6,0.9078,3,95,271.82,81.64,0.19718,96,263.35,-253.22,0.00181,100,154.55,-13.71,0.80101,3,95,272.94,45.34,0.54803,96,241.2,-282.01,0.00017,100,187.96,-27.97,0.45179,2,95,267.22,14.78,0.7815,100,213.27,-46.03,0.2185,2,95,263.41,2.11,0.85259,100,223.15,-54.81,0.14741,2,95,250.22,-19.51,0.95482,100,237.23,-75.87,0.04518,2,95,234.78,-35.64,0.99585,100,245.36,-96.66,0.00415,1,95,204.89,-56.62,1,1,95,196.1,-60.29,1,2,95,165.22,-71.99,0.99944,97,133.42,223.09,0.00056,2,95,61.96,-92.67,0.79539,97,131.07,117.81,0.20461,2,95,41.98,-97.09,0.63025,97,131.03,97.35,0.36975,2,95,26.39,-107.39,0.43232,97,137.69,79.89,0.56768,2,95,17.28,-122.81,0.26266,97,150.75,67.63,0.73734,2,95,-3.89,-150.67,0.07605,97,173.32,40.9,0.92395,4,4,-5.18,212.3,0.00009,5,-101.89,218.1,0.00003,95,-34.69,-175.83,0.00149,97,191.15,5.35,0.9984,4,4,7.48,214.27,0.00086,5,-89.14,219.38,0.00031,95,-46.47,-180.86,0.00003,97,193.5,-7.24,0.99881,3,4,11.56,212.49,0.00091,5,-85.16,217.38,0.00032,97,191.83,-11.37,0.99877,3,4,8.77,208.8,0.00131,5,-88.14,213.85,0.00046,97,188.06,-8.7,0.99823,4,4,52,180.98,0.0526,5,-46.48,183.75,0.01824,6,35.97,211.15,0.00126,97,161.54,-52.72,0.9279,4,4,70.62,166.27,0.10549,5,-28.67,168.05,0.0382,6,39.02,187.6,0.00557,97,147.38,-71.77,0.85074,4,4,106.19,130.88,0.24133,5,4.94,130.8,0.11343,6,39.75,137.44,0.03878,97,113.05,-108.37,0.60646,4,4,128.55,92.65,0.28774,5,25.21,91.43,0.23994,6,29.05,94.46,0.15562,97,75.5,-131.84,0.3167,4,4,143.26,78.33,0.18706,5,39.13,76.34,0.29011,6,29.57,73.94,0.37662,97,61.62,-146.97,0.14621,4,4,157.25,86.91,0.09357,5,53.57,84.15,0.20777,6,45.58,70.3,0.62761,97,70.61,-160.71,0.07105,4,4,172.8,102.01,0.04378,5,69.91,98.4,0.12443,6,67.25,70.25,0.79834,97,86.16,-175.8,0.03345,4,4,182.14,102.21,0.0365,5,79.24,98.09,0.10853,6,74.07,63.87,0.82695,97,86.63,-185.13,0.02802,4,4,194.97,98.67,0.02389,5,91.86,93.86,0.07606,6,80.78,52.37,0.8814,97,83.47,-198.06,0.01865,4,4,209.77,93.36,0.01133,5,106.35,87.77,0.03944,6,87.67,38.24,0.94006,97,78.61,-213.01,0.00917,4,4,239.14,77.37,0.0003,5,134.82,70.22,0.00124,6,97.51,6.28,0.99818,97,63.49,-242.84,0.00028,1,6,100.59,-9.41,1,2,95,39.54,-70.02,0.73424,97,104.08,100.87,0.26576,2,95,5.53,-59.02,0.57774,97,85.93,70.08,0.42226,2,95,-26.81,-27.61,0.48209,97,48.22,45.37,0.51791,4,4,-40.91,45.15,0.00329,95,-41.31,-5.03,0.38804,96,-33.78,-121.76,0.01125,97,23.02,36.14,0.59742,6,4,-50.39,13.47,0.06286,95,-39.95,28.01,0.43519,96,-11.78,-97.08,0.1199,97,-8.92,44.69,0.34764,98,-67.71,-25.28,0.03441,100,72.03,-319.11,0.00001,6,4,-76.55,-4.18,0.02929,95,-18.96,51.57,0.54806,96,19.39,-92.16,0.28332,97,-27.34,70.31,0.09745,98,-70.68,-56.69,0.03969,100,59.48,-290.15,0.0022,6,4,-102.11,-10.76,0.00831,95,4.18,64.26,0.59821,96,45.33,-97.02,0.35068,97,-34.67,95.66,0.02019,98,-81.82,-80.62,0.01331,100,57.71,-263.82,0.0093,6,4,-131.97,-14.89,0.00085,95,32.1,75.63,0.59808,96,74.13,-105.92,0.37081,97,-39.68,125.39,0.00014,98,-97.59,-106.32,0.00129,100,59.14,-233.71,0.02883,3,95,56.34,83.48,0.5792,96,97.85,-115.2,0.36017,100,62.21,-208.42,0.06063,4,95,86.3,105.03,0.46408,96,134.68,-117.53,0.3934,99,-20.28,188.02,0.00017,100,55.27,-172.18,0.14235,4,95,126.65,134.15,0.29566,96,184.35,-120.58,0.36471,99,-29.1,139.04,0.01227,100,45.83,-123.31,0.32736,4,95,152.53,161.21,0.15754,96,221.52,-116.06,0.3051,99,-28.94,101.6,0.05341,100,32.18,-88.45,0.48395,4,95,185.73,192.9,0.04349,96,267.29,-112.6,0.14071,99,-30.83,55.74,0.12441,100,17.4,-45,0.69139,4,95,180.95,220.07,0.01727,96,280.81,-88.56,0.13694,99,-8.53,39.51,0.38219,100,-9.26,-37.9,0.4636,4,95,173.16,246.7,0.00554,96,291.66,-63.01,0.11765,99,15.58,25.76,0.75001,100,-36.7,-33.77,0.12681,4,95,159.24,268.67,0.00147,96,294.82,-37.2,0.11836,99,40.85,19.61,0.85355,100,-62.48,-37.15,0.02661,2,96,301.73,17.88,0.03143,99,94.75,6.34,0.96857,3,96,299.64,68.01,0.00896,98,14.96,-367.92,0.00002,99,144.78,2.57,0.99102,3,96,274.45,107.88,0.09842,98,59.82,-353.42,0.0018,99,187.31,22.94,0.89979,3,96,246.96,121.99,0.25255,98,80.32,-330.28,0.00983,99,204.53,48.61,0.73762,3,96,205.39,141.86,0.49257,98,109.88,-294.94,0.04024,99,229.1,87.58,0.46719,3,96,166.88,155.13,0.62773,98,132.29,-260.93,0.09857,99,246.77,124.28,0.2737,3,96,129.45,154,0.6738,98,140.48,-224.4,0.17319,99,250.01,161.58,0.15301,3,96,81.13,139.26,0.64995,98,138.19,-173.93,0.28513,99,241,211.3,0.06491,3,96,38.21,120.67,0.57664,98,130.83,-127.74,0.39957,99,227.53,256.09,0.02379,3,96,-6.34,101.1,0.41439,98,122.92,-79.72,0.57982,99,213.28,302.61,0.00579,3,96,-29.31,78.04,0.31231,98,106.29,-51.75,0.6863,99,193.06,328.11,0.00139,3,96,-41.66,49.83,0.24632,98,82.02,-32.78,0.7535,99,166.48,343.67,0.00017,2,96,-42.36,13.97,0.25187,98,47.46,-23.21,0.74813,3,95,-105.71,69.82,0.00696,96,-36.14,-23.06,0.22686,98,10.04,-20.05,0.76617,5,4,-28.16,-20.83,0.13796,95,-69.96,55.76,0.12812,96,-17.41,-56.59,0.26396,97,-42.55,21.45,0.12748,98,-27.09,-29.88,0.34249,6,4,-49.74,-15.42,0.08399,95,-47.71,55.84,0.28851,96,-0.15,-70.63,0.31888,97,-37.78,43.17,0.1654,98,-44.97,-43.12,0.14298,100,43.5,-314.44,0.00025,4,95,206.22,168.98,0.05505,96,267.97,-144.08,0.07206,99,-62.18,58.73,0.01848,100,47.72,-36.48,0.85441,4,95,227.99,148.63,0.0474,96,271.91,-173.62,0.02814,99,-91.98,58.26,0.00031,100,75.34,-25.29,0.92414,3,95,252.53,118,0.04295,96,271.47,-212.87,0.00615,100,113.45,-15.92,0.95091,2,95,65.81,-52.01,0.90893,97,92.24,130.44,0.09107,2,95,103.15,-49.27,0.97463,97,97.71,167.48,0.02537,2,95,142.47,-38.76,0.99864,97,96.03,208.14,0.00136,1,95,181.46,-16.82,1,3,95,220.19,20.15,0.87026,96,184.44,-268.05,0.00237,100,188.61,-86.42,0.12737,3,95,236.77,60.65,0.49064,96,222.93,-247.23,0.00845,100,158.84,-54.35,0.50091,2,95,12.76,-6.28,0.98327,97,36.04,88.65,0.01673,2,95,26.63,-4.8,0.98987,97,37.62,102.5,0.01013,3,95,83.86,0.48,0.99924,96,66.53,-196.85,0.00051,100,149.09,-218.37,0.00024,3,95,116.2,20.77,0.9466,96,104.4,-201.65,0.02743,100,144.29,-180.5,0.02597,3,95,151.11,48.21,0.78517,96,148.79,-202.55,0.06256,100,134.08,-137.29,0.15227,3,95,176.93,72.86,0.57466,96,184.39,-199.86,0.07457,100,122.59,-103.49,0.35077,3,95,201.02,100.56,0.32102,96,220.58,-193.71,0.06497,100,107.6,-69.98,0.61402,4,95,215.5,128.48,0.13682,96,249.48,-181.29,0.05096,99,-96.98,81.43,0.00094,100,88.36,-45.1,0.81127,6,4,-87.02,23.09,0.00783,95,-2.08,27.73,0.8371,96,17.33,-121.3,0.11247,97,-0.39,81.58,0.03288,98,-98.4,-47.47,0.00799,100,88.21,-284.87,0.00173,5,4,-136.24,25.62,0.00005,95,46.25,37.43,0.86063,96,60.85,-144.43,0.12445,98,-131.6,-83.9,0.00009,100,99.75,-236.95,0.01477,3,95,70.09,54.31,0.77422,96,89.99,-146.49,0.17878,100,94.46,-208.22,0.047,3,95,105.97,72.11,0.6673,96,129.03,-155.46,0.19916,100,93.41,-168.18,0.13354,4,95,134.23,97.91,0.48607,96,167.24,-153.42,0.22371,99,-59.72,159.87,0.00094,100,81.9,-131.69,0.28927,4,95,158.82,121.38,0.31659,96,201.14,-150.85,0.20456,99,-61.12,125.9,0.00735,100,70.95,-99.5,0.47151,4,95,186.15,159.22,0.11027,96,246.27,-138.91,0.14625,99,-54.52,79.68,0.03042,100,48.12,-58.79,0.71307,5,4,-30.6,-56.34,0.01745,95,-76.36,90.78,0.05045,96,-0.16,-25.45,0.71241,97,-78.12,22.84,0.0159,98,-1.2,-54.31,0.2038,6,4,-78.66,-54.14,0.00954,95,-29.24,100.5,0.20892,96,42.45,-47.8,0.73072,97,-77.34,70.95,0.01964,98,-33.42,-90.05,0.02811,100,10.76,-278.89,0.00307,6,4,-106.86,-61.23,0.00152,95,-3.67,114.34,0.23881,96,71,-53.3,0.74225,97,-85.26,98.92,0.00346,98,-45.84,-116.33,0.00243,100,8.97,-249.87,0.01153,5,4,-134.22,-69.81,0.00004,95,20.73,129.4,0.22718,96,99.42,-57.12,0.74419,97,-94.64,126.02,0.00001,100,5.57,-221.4,0.02858,3,95,52.48,150.31,0.18632,96,137.22,-61.07,0.74259,100,-0.03,-183.8,0.0711,4,95,82.97,168.84,0.14571,96,172.55,-66.07,0.70814,99,26.41,144.41,0.00851,100,-4.01,-148.35,0.13764,4,95,112.96,191.59,0.08805,96,210.17,-67.48,0.62662,99,20.63,107.22,0.07186,100,-12.03,-111.57,0.21346,4,95,147.5,229.26,0.02126,96,260.76,-60.24,0.36641,99,21.93,56.12,0.40735,100,-31.67,-64.38,0.20498,3,96,-7.65,39.62,0.65123,98,63.69,-63.2,0.34811,99,152.37,311.07,0.00065,3,96,34.18,16.36,0.97695,98,30.78,-97.95,0.02241,99,124.4,272.24,0.00064,3,96,82.22,12.33,0.99194,98,14.96,-143.49,0.00639,99,114.8,225,0.00167,3,96,142.91,10.11,0.99328,98,-2.25,-201.73,0.00191,99,105.53,164.98,0.00481,3,96,199.76,13.56,0.97944,98,-13.01,-257.66,0.00066,99,102.34,108.11,0.01989,2,96,246.38,17.1,0.72602,99,100.41,61.4,0.27398,2,96,277.1,27.95,0.26006,99,107.61,29.63,0.73994,3,96,8.7,82.63,0.56963,98,101.3,-89.71,0.42407,99,193.18,289.83,0.0063,3,96,63.09,96.13,0.73808,98,100.88,-145.74,0.23128,99,200.26,234.24,0.03064,3,96,106.9,102.85,0.77985,98,96.53,-189.86,0.1406,99,201.83,189.94,0.07955,3,96,148.95,99.22,0.7675,98,82.58,-229.69,0.07071,99,193.33,148.6,0.16179,3,96,191.12,93.89,0.6647,98,66.95,-269.22,0.02874,99,183.12,107.34,0.30656,3,96,239.48,85.62,0.40213,98,46.94,-314.02,0.00648,99,169.28,60.27,0.59139,3,96,272.06,71.89,0.18427,98,25.56,-342.18,0.00079,99,151.85,29.51,0.81495,3,96,29.6,54.38,0.81173,98,68.75,-102.94,0.1831,99,162.69,272.37,0.00517,3,96,80.45,58.23,0.89479,98,59.86,-153.16,0.08493,99,160.59,221.41,0.02028,3,96,124.65,59.87,0.90261,98,50.49,-196.39,0.04464,99,157.08,177.32,0.05275,3,96,188.6,59.6,0.81338,98,34.36,-258.28,0.01308,99,149.36,113.83,0.17354,3,96,238.08,59.09,0.54,98,21.58,-306.08,0.00288,99,143.09,64.75,0.45713,5,83,36.14,50.35,0.69075,84,-97.84,67.92,0.10435,89,11.83,-156.14,0.15323,99,-107.33,-109.39,0.00774,100,29.19,136.61,0.04392,5,83,120.85,75.74,0.13302,84,-9.97,77.86,0.60411,90,-90.69,-144.96,0.01757,89,99.99,-149.18,0.24504,100,-5.79,217.84,0.00027,4,84,82.78,81.01,0.68094,85,-68.58,94.36,0.03746,90,2.01,-149.45,0.15161,89,192.79,-149.18,0.12999,5,84,168.49,86.23,0.30239,85,16.74,84.61,0.39814,91,-87.68,-151.14,0.01811,90,87.86,-151.28,0.264,89,278.63,-146.86,0.01736,6,84,288.55,105.39,0.00248,85,138.3,82.61,0.55071,86,-42.18,82.94,0.1094,92,-140.16,-138.08,0.00054,91,33.56,-142.1,0.23539,90,209.09,-142.05,0.10148,6,85,254.45,83.73,0.03265,86,73.97,83.16,0.59622,87,-111.64,77.29,0.00379,92,-24.31,-129.81,0.11724,91,149.13,-130.46,0.24978,90,324.63,-130.22,0.00032,5,86,202.8,89.69,0.17044,87,16.65,90.71,0.40195,93,-47.71,-111.11,0.09361,92,103.76,-114.35,0.32465,91,276.69,-111.28,0.00935,2,83,5.15,-16.86,0.98916,100,99.52,113.57,0.01084,5,83,13.34,44.24,0.73246,84,-121.37,65.96,0.04831,89,-11.76,-157.3,0.11311,99,-107.52,-85.78,0.01053,100,37.88,114.66,0.09559,5,83,23.14,103.32,0.31825,84,-101.23,122.36,0.10763,89,10.28,-101.62,0.43486,99,-52.79,-110.09,0.04456,100,-21.93,117.6,0.0947,5,83,20.96,157.43,0.08937,84,-93.76,176,0.05018,89,19.56,-48.26,0.80006,99,0.14,-121.56,0.02891,100,-75.44,109.2,0.03148,3,90,-150.23,48.38,0.00463,89,31.16,41.06,0.90496,99,88.91,-136.82,0.09041,3,90,-154.42,129.88,0.03582,89,23.04,122.26,0.56926,99,170.37,-132.05,0.39492],"edges":[0,272,0,2,2,4,4,6,6,8,8,10,10,12,12,14,14,16,16,18,18,20,20,22,22,24,24,26,26,28,28,30,30,32,32,34,34,36,36,38,38,40,40,42,42,44,44,46,46,48,48,50,50,52,52,54,54,56,56,58,58,60,60,62,62,64,64,66,66,68,68,70,70,72,72,74,74,76,76,78,78,80,80,82,82,84,84,86,86,88,88,90,90,92,92,94,94,96,96,98,98,100,100,102,102,104,104,106,106,108,108,110,110,112,112,114,114,116,116,118,118,120,120,122,122,124,124,126,126,128,128,130,130,132,132,134,134,136,136,138,138,140,140,142,142,144,144,146,146,148,148,150,150,152,152,154,154,156,156,158,158,160,160,162,162,164,164,166,166,168,168,170,170,172,172,174,174,176,176,178,178,180,180,182,182,184,184,186,186,188,188,190,190,192,192,194,194,196,196,198,198,200,200,202,202,204,204,206,206,208,208,210,210,212,212,214,214,216,216,218,218,220,220,222,222,224,224,226,226,228,228,230,230,232,232,234,234,236,236,238,238,240,240,242,242,244,244,246,246,248,248,250,250,252,252,254,254,256,256,258,258,260,260,262,262,264,264,266,266,268,268,270,270,272,356,358]}},"tf_s":{"tf_s":{"type":"mesh","hull":60,"width":409,"height":408,"uvs":[0.50456,0,0.55889,0,0.68575,0.02159,0.7555,0.05019,0.8125,0.08586,0.84933,0.11528,0.89403,0.16108,0.94035,0.22754,0.96118,0.25899,0.97555,0.28927,0.95893,0.28935,0.93837,0.28689,0.90374,0.30591,0.95124,0.44464,0.96638,0.49903,0.96597,0.53476,0.96102,0.57727,0.91467,0.75004,0.86726,0.83433,0.84174,0.87101,0.83384,0.86895,0.8331,0.85227,0.85554,0.7848,0.85563,0.73284,0.84724,0.67315,0.83688,0.64405,0.81623,0.60783,0.79458,0.58603,0.73494,0.54523,0.57247,0.48929,0.41554,0.42131,0.42679,0.44245,0.41294,0.45714,0.37884,0.42014,0.33304,0.33878,0.31329,0.41798,0.2853,0.52236,0.28192,0.53877,0.24164,0.72154,0.23992,0.73648,0.23965,0.81391,0.25408,0.88366,0.25558,0.88841,0.2907,0.9828,0.29547,1,0.29403,1,0.20336,0.9287,0.14904,0.89351,0.09048,0.83783,0.0468,0.76095,0.01676,0.6875,0,0.58563,0,0.44739,0.06406,0.25172,0.12475,0.15489,0.14855,0.13247,0.20425,0.09421,0.27575,0.05637,0.35482,0.01682,0.46031,0.00089],"triangles":[29,30,2,32,30,31,32,33,30,34,0,30,30,33,34,35,53,34,59,0,34,59,34,58,18,19,21,19,20,21,21,22,18,18,22,17,22,23,17,16,17,24,17,23,24,24,25,16,25,26,16,16,26,15,15,26,27,14,15,27,13,14,27,13,28,12,13,27,28,28,29,12,12,5,6,12,29,4,11,12,7,9,10,8,10,11,8,11,7,8,7,12,6,30,0,1,5,12,4,29,3,4,29,2,3,2,30,1,46,43,45,44,45,43,46,42,43,46,41,42,46,47,41,47,40,41,47,48,40,40,48,39,39,48,49,39,49,38,38,49,50,38,50,51,37,38,51,51,52,37,37,52,36,36,52,35,52,53,35,53,54,34,54,55,34,55,56,34,56,57,34,34,57,58],"vertices":[2,19,-69.58,12.13,0.41287,23,-45.47,41.78,0.58713,2,19,-52.72,26.61,0.63151,23,-48.3,63.81,0.36849,2,19,-7.61,53.73,0.97429,23,-46.16,116.4,0.02571,2,19,21.63,63.45,0.97387,20,-71.81,42.15,0.02613,2,19,48.8,67.6,0.84079,20,-47.53,55.01,0.15921,2,19,68.05,68.31,0.66234,20,-29.59,62.02,0.33766,2,19,94.09,66.04,0.35801,20,-4.25,68.46,0.64199,2,19,126.13,57.8,0.07206,20,28.71,71.24,0.92794,2,19,140.96,53.62,0.01921,20,44.09,72.18,0.98079,2,19,153.46,48.08,0.00789,20,57.72,71.06,0.99211,3,19,148.32,43.62,0.00978,20,54.34,65.16,0.99003,21,-27.15,60.56,0.00018,3,19,141.29,38.9,0.01461,20,49.25,58.39,0.98012,21,-30.55,52.81,0.00527,3,19,135.6,23.79,0.00547,20,48.86,42.25,0.92769,21,-27.25,37,0.06684,2,20,107.57,30.65,0.0173,21,32.56,39.13,0.9827,2,21,55.59,38.6,0.97039,22,-32.36,29.06,0.02961,2,21,69.49,34.2,0.8336,22,-17.8,29.84,0.1664,2,21,85.49,27.22,0.4587,22,-0.37,28.94,0.5413,1,22,71.2,14.58,1,1,22,106.78,-2.55,1,1,22,122.38,-12,1,1,22,121.75,-15.28,1,1,22,114.98,-16.02,1,1,22,86.92,-8.64,1,1,22,65.76,-9.97,1,3,21,109.39,-28.69,0.00071,22,41.68,-14.97,0.99922,26,187.98,129.81,0.00007,4,20,154.48,-50.62,0.00071,21,96.8,-29.29,0.04556,22,30.11,-19.97,0.95273,26,175.39,130.37,0.00099,4,20,137.46,-50.52,0.01047,21,80.2,-33.07,0.35064,22,15.91,-29.35,0.63182,26,158.52,128.12,0.00707,5,19,176.18,-92.01,0.00035,20,125.32,-53.71,0.0366,21,69.11,-38.96,0.62155,22,7.6,-38.76,0.32162,26,146.94,123.27,0.01988,5,19,146.82,-95.27,0.01281,20,98.68,-66.46,0.17876,21,46.09,-57.45,0.68312,22,-7.43,-64.18,0.03763,26,122.32,106.96,0.08768,6,19,81.54,-121.24,0.11159,20,45.6,-112.49,0.26165,21,4.93,-114.39,0.18248,24,116.88,88.58,0.0081,25,93.33,72.92,0.00035,26,76.11,54.04,0.43585,6,19,14.78,-142,0.00708,20,-10.59,-154.1,0.00678,21,-40.28,-167.73,0.00288,24,93.96,22.52,0.00164,25,58.86,12.09,0.00477,26,26.21,5.06,0.97686,4,15,69.94,124.68,0,16,30.94,121.76,0,17,-2.44,127.16,0,26,35.94,6.07,1,4,15,78.12,123.64,0,16,38.18,117.82,0,17,3.47,121.42,0,26,39.35,-1.44,1,5,19,3.08,-151.42,0,20,-18.54,-166.84,0,21,-45.1,-181.96,0,24,94.6,7.52,0,26,20.11,-8.66,0.99999,5,15,58.42,68.76,0.06836,16,-0.11,73.85,0.10825,17,-45.29,89.44,0.01927,24,62.87,-13.62,0.01721,25,21.75,-17.84,0.78691,5,15,89.28,81.31,0.04014,16,33.2,74.33,0.378,17,-13.1,80.89,0.16966,18,-62.79,106.08,0.00025,25,53.01,-29.34,0.41195,5,15,130.41,97.2,0.00022,16,77.29,74.19,0.24449,17,29.32,68.83,0.55321,18,-26.33,81.26,0.04472,25,94.12,-45.3,0.15736,4,16,84.12,74.58,0.19974,17,35.99,67.35,0.60082,18,-20.46,77.75,0.06952,25,100.63,-47.4,0.12993,4,16,160.42,77.79,0.00032,17,110.32,49.79,0.09461,18,44.54,37.68,0.90193,25,173,-71.79,0.00314,3,17,116.4,49,0.05389,18,50.07,35.01,0.94444,25,178.98,-73.15,0.00167,1,18,79.87,24.52,1,1,18,108.69,20.74,1,1,18,110.72,20.68,1,1,18,151.81,21.59,1,1,18,159.08,21.13,1,1,18,158.89,20.57,1,1,18,119.22,-4.89,1,1,18,98.36,-21.15,1,1,18,69.03,-36.3,1,2,17,125.24,-30.12,0.02532,18,33.53,-42.86,0.97468,2,17,95.09,-41.97,0.38661,18,1.19,-44.62,0.61339,3,16,132.19,-31.96,0.00014,17,53.44,-48.22,0.94915,18,-40.31,-37.43,0.05071,2,16,77.67,-46.44,0.43995,17,-2.96,-47.4,0.56005,2,15,94.67,-41.01,0.46737,16,-6.21,-41.6,0.53263,2,15,48.13,-44.29,0.99184,16,-50.76,-27.74,0.00816,1,15,35,-41.83,1,1,15,8.96,-32.65,1,2,15,-20.77,-18.16,0.79425,23,-10.76,-48.12,0.20575,3,15,-52.87,-1.57,0.18669,19,-111.57,-32.97,0.00988,23,-30.87,-18.1,0.80343,3,15,-83.59,29.42,0.00009,19,-83.07,0.07,0.2472,23,-42.81,23.87,0.7527],"edges":[0,118,0,2,2,4,4,6,6,8,8,10,10,12,12,14,14,16,16,18,18,20,20,22,22,24,24,26,26,28,28,30,30,32,32,34,34,36,36,38,38,40,40,42,42,44,44,46,46,48,48,50,50,52,52,54,54,56,56,58,58,60,60,62,62,64,64,66,66,68,68,70,70,72,72,74,74,76,76,78,78,80,80,82,82,84,84,86,86,88,88,90,90,92,92,94,94,96,96,98,98,100,100,102,102,104,104,106,106,108,108,110,110,112,112,114,114,116,116,118]}},"zb":{"zb":{"width":74,"height":44}},"tf_x":{"tf_x":{"type":"mesh","hull":64,"width":441,"height":482,"uvs":[0.52623,0,0.63234,0.01935,0.6638,0.02792,0.70938,0.04791,0.75433,0.07251,0.81314,0.11768,0.88148,0.20251,0.91877,0.26112,0.95592,0.32971,0.96846,0.34446,0.99594,0.45288,0.99552,0.53637,0.99106,0.55053,0.99096,0.56937,0.99791,0.58636,0.99129,0.60056,0.96914,0.69465,0.96269,0.72121,0.97496,0.72861,0.95827,0.73506,0.94808,0.76326,0.89802,0.83951,0.90297,0.84199,0.90206,0.85528,0.89085,0.84274,0.87164,0.86323,0.84732,0.88407,0.83281,0.89514,0.83711,0.94556,0.83289,0.96676,0.80793,0.9864,0.74541,1,0.67587,1,0.62837,0.98567,0.56545,0.95085,0.53199,0.94817,0.42507,0.92651,0.37448,0.90253,0.3523,0.89631,0.32301,0.89712,0.2619,0.88786,0.24292,0.88109,0.20256,0.83653,0.17393,0.80151,0.1561,0.77204,0.14347,0.75789,0.10395,0.72817,0.0757,0.69439,0.05604,0.66551,0.03382,0.62218,0.01024,0.56335,0.00012,0.48845,0,0.47757,0,0.37977,0.03138,0.29123,0.05975,0.21321,0.11118,0.13715,0.13313,0.11635,0.17382,0.08891,0.23961,0.05524,0.31877,0.01892,0.36621,0.0098,0.43018,0.00006,0.45236,0],"triangles":[15,13,14,13,16,12,16,13,15,17,19,16,19,17,18,19,20,16,16,26,42,16,20,24,20,21,24,22,24,21,23,24,22,16,24,26,26,24,25,37,35,36,37,26,35,27,35,26,27,34,35,27,33,34,27,28,33,33,28,32,29,30,28,28,31,32,30,31,28,16,43,8,59,44,45,63,43,44,42,43,16,42,40,41,40,42,39,42,26,38,26,37,38,38,39,42,52,53,54,49,50,51,51,52,49,54,48,52,48,49,52,54,47,48,47,45,46,47,54,45,9,10,8,11,12,10,8,10,12,8,43,7,12,16,8,4,5,6,7,43,6,55,58,54,58,56,57,56,58,55,54,59,45,63,0,1,61,62,63,63,59,61,59,60,61,59,63,44,63,1,4,3,1,2,54,58,59,3,4,1,43,63,6,4,6,63],"vertices":[4,77,-39.19,95.19,0.7628,78,-93.13,115.93,0.2269,80,-242.85,179.3,0.00975,81,-281.82,267.07,0.00055,4,77,-31.17,142.22,0.61531,78,-75.95,160.44,0.35645,80,-212.56,216.17,0.02414,81,-242.57,294.2,0.0041,4,77,-27.42,156.21,0.57788,78,-69.5,173.41,0.38666,80,-202.38,226.46,0.02953,81,-229.95,301.29,0.00592,5,77,-18.35,176.57,0.5227,78,-56.58,191.57,0.42809,79,-93.59,213.59,0.00013,80,-184.4,239.65,0.03933,81,-209.04,309.02,0.00975,5,77,-7.05,196.71,0.46928,78,-41.51,209.07,0.46312,79,-75.52,227.96,0.00115,80,-164.61,251.54,0.05131,81,-186.74,315.02,0.01514,5,77,14,223.24,0.39696,78,-15.63,230.91,0.49927,79,-46,244.56,0.00499,80,-133.18,264.15,0.07248,81,-153.06,318.5,0.0263,5,77,54.03,254.5,0.29346,78,29.81,253.62,0.5196,79,2.89,258.35,0.01604,80,-82.91,271.45,0.11589,81,-102.72,311.7,0.05501,5,77,81.81,271.72,0.23409,78,60.45,265,0.50879,79,35.12,263.78,0.02413,80,-50.25,272.64,0.14981,81,-70.99,303.87,0.08319,5,77,114.41,289.02,0.17564,78,95.83,275.5,0.47612,79,71.84,267.46,0.03118,80,-13.36,271.51,0.1907,81,-35.84,292.63,0.12636,5,77,121.36,294.74,0.16487,78,103.77,279.73,0.46722,79,80.44,270.12,0.03213,80,-4.49,273.03,0.19899,81,-26.89,291.66,0.13679,5,77,173.26,308.31,0.10764,78,157.33,282.75,0.39613,79,133.62,263.04,0.03416,80,47.31,259.09,0.24524,81,19.09,264.01,0.21683,5,77,213.49,309.24,0.07334,78,196.95,275.69,0.32841,79,171.21,248.68,0.0303,80,82.71,239.95,0.26879,81,47.87,235.88,0.29917,5,77,220.37,307.47,0.06767,78,203.34,272.59,0.31482,79,176.9,244.44,0.02911,80,87.81,235,0.27149,81,51.4,229.73,0.31692,5,77,229.45,307.67,0.0598,78,212.28,270.99,0.29479,79,185.38,241.19,0.02697,80,95.79,230.68,0.27408,81,57.89,223.38,0.34436,5,77,237.55,310.96,0.05479,78,220.87,272.62,0.2812,79,194.13,241.17,0.02527,80,104.46,229.53,0.27477,81,65.91,219.88,0.36398,5,77,244.47,308.24,0.05112,78,227.12,268.57,0.27055,79,199.5,236.03,0.02399,80,109.12,223.73,0.27472,81,68.79,213.02,0.37962,5,77,290.08,299.73,0.02609,78,270.13,251.2,0.18331,79,238.5,210.9,0.01204,80,144.51,193.73,0.25195,81,94.58,174.45,0.52661,5,77,302.95,297.24,0.02078,78,282.26,246.21,0.16041,79,249.48,203.73,0.0087,80,154.46,185.19,0.23777,81,101.79,163.5,0.57234,5,77,306.37,302.75,0.02024,78,286.7,250.93,0.15811,79,254.73,207.53,0.00831,80,160.16,188.28,0.23609,81,108.12,164.91,0.57725,5,77,309.68,295.48,0.01905,78,288.51,243.15,0.15235,79,255.04,199.55,0.00762,80,159.43,180.32,0.2319,81,105.23,157.46,0.58908,5,77,323.39,291.37,0.01489,78,301.14,236.4,0.13127,79,266.18,190.55,0.00508,80,169.3,169.95,0.21405,81,111.87,144.78,0.63471,5,77,360.75,270.32,0.00608,78,333.58,208.37,0.07473,79,292.79,156.93,0.00048,80,191.31,133.16,0.14348,81,122.92,103.35,0.77523,5,77,361.88,272.53,0.00592,78,335.13,210.32,0.07354,79,294.68,158.56,0.00041,80,193.39,134.52,0.14154,81,125.3,104.08,0.77859,5,77,368.29,272.31,0.00596,78,341.37,208.83,0.07404,79,300.53,155.92,0.00037,80,198.85,131.15,0.14224,81,129.62,99.34,0.77738,5,77,362.39,267.2,0.00579,78,334.57,204.99,0.07228,79,293.13,153.43,0.0004,80,191.19,129.64,0.1396,81,121.84,100,0.78193,5,77,372.49,259.01,0.00401,78,342.85,194.96,0.05628,79,299.38,142.02,0.00005,80,195.91,117.51,0.1127,81,123.04,87.04,0.82696,4,77,382.84,248.57,0.00235,78,350.92,182.68,0.0387,80,199.71,103.32,0.07977,81,122.79,72.35,0.87918,4,77,388.35,242.32,0.0014,78,355.08,175.46,0.02699,80,201.4,95.16,0.05564,81,122.17,64.04,0.91597,4,77,412.59,244.89,0.0002,78,379.35,173.18,0.00892,80,223.73,85.38,0.01471,81,140.95,48.49,0.97617,4,77,422.85,243.31,0.00007,78,389.1,169.6,0.00643,80,231.86,78.92,0.0092,81,147,40.05,0.9843,4,77,432.62,232.57,0,78,396.55,157.14,0.00408,80,235.02,64.75,0.00461,81,146.14,25.56,0.9913,3,78,398.3,128.85,0.00064,80,227.81,37.34,0.00012,81,131.67,1.19,0.99924,1,81,110.33,-20.84,1,1,81,90.8,-31.08,1,2,80,169.5,-21.48,0.00941,81,59.44,-39.34,0.99059,2,80,161.41,-33.89,0.05362,81,48.24,-49.04,0.94638,3,79,258.5,-53.03,0.01094,80,129.97,-70.55,0.46559,81,7.94,-75.65,0.52346,3,79,239.82,-69.83,0.04446,80,109.26,-84.78,0.67675,81,-15.88,-83.64,0.27879,3,79,233.57,-77.93,0.07028,80,102.01,-91.99,0.7362,81,-24.84,-88.58,0.19351,3,79,229.38,-90.15,0.10356,80,96.27,-103.57,0.77222,81,-33.54,-98.13,0.12422,3,79,215.7,-113.8,0.1692,80,79.63,-125.23,0.77917,81,-55.5,-114.38,0.05162,3,79,209.69,-120.48,0.18725,80,72.8,-131.08,0.77144,81,-63.67,-118.12,0.04131,3,79,183.32,-129.57,0.2774,80,45.47,-136.65,0.70729,81,-91.48,-115.97,0.01531,3,79,163.08,-135.43,0.37352,80,24.63,-139.83,0.62208,81,-112.39,-113.3,0.0044,3,79,147.01,-137.78,0.46395,80,8.4,-140.07,0.53516,81,-128.06,-109.07,0.0009,3,79,138.66,-140.59,0.51918,80,-0.24,-141.76,0.48062,81,-136.83,-108.32,0.00019,2,79,119.11,-151.85,0.63142,80,-21.09,-150.38,0.36858,2,79,99.49,-157.77,0.70933,80,-41.32,-153.69,0.29067,2,79,83.4,-160.97,0.76393,80,-57.69,-154.78,0.23607,2,79,60.41,-162.78,0.83009,80,-80.72,-153.58,0.16991,4,77,238.56,-124.74,0.00066,78,135.56,-154.65,0.00025,79,30.21,-162.51,0.89557,80,-110.63,-149.38,0.10352,4,77,202.59,-130.2,0.01102,78,99.22,-152.88,0.0106,79,-5.16,-153.96,0.92961,80,-144.58,-136.3,0.04877,4,77,197.35,-130.4,0.01412,78,94.05,-152.04,0.01397,79,-10.08,-152.17,0.92888,80,-149.23,-133.88,0.04303,4,77,150.23,-131.71,0.07454,78,47.6,-143.99,0.07367,79,-54.19,-135.55,0.84333,80,-190.8,-111.66,0.00846,4,77,107.19,-119.06,0.23021,78,7.91,-123.07,0.15854,79,-89.25,-107.55,0.61099,80,-221.92,-79.33,0.00026,3,77,69.25,-107.6,0.47528,78,-27,-104.32,0.17002,79,-120.03,-82.59,0.35469,3,77,31.97,-85.94,0.77482,78,-59.25,-75.71,0.08045,79,-146.34,-48.44,0.14472,3,77,21.68,-76.54,0.84705,78,-67.48,-64.46,0.05083,79,-152.31,-35.85,0.10212,3,77,7.97,-58.97,0.93779,78,-77.44,-44.52,0.01391,79,-158.36,-14.39,0.0483,2,77,-9.07,-30.43,0.99327,79,-163.32,18.48,0.00673,3,77,-27.53,3.99,0.9934,78,-99.76,24.23,0.00656,80,-277.93,94.31,0.00004,3,77,-32.51,24.78,0.96546,78,-100.52,45.59,0.03397,80,-271.95,114.83,0.00057,3,77,-37.99,52.85,0.89534,78,-100.33,74.19,0.10194,80,-262.79,141.93,0.00273,4,77,-38.29,62.62,0.86709,78,-98.69,83.83,0.12901,80,-258.2,150.57,0.00389,81,-304.49,243.67,0.00001],"edges":[0,126,0,2,2,4,4,6,6,8,8,10,10,12,12,14,14,16,16,18,18,20,20,22,22,24,24,26,26,28,28,30,30,32,32,34,34,36,36,38,38,40,40,42,42,44,44,46,46,48,48,50,50,52,52,54,54,56,56,58,58,60,60,62,62,64,64,66,66,68,68,70,70,72,72,74,74,76,76,78,78,80,80,82,82,84,84,86,86,88,88,90,90,92,92,94,94,96,96,98,98,100,100,102,102,104,104,106,106,108,108,110,110,112,112,114,114,116,116,118,118,120,120,122,122,124,124,126]}},"mz":{"mz":{"type":"mesh","hull":45,"width":438,"height":280,"uvs":[0.4345,0,0.51645,0,0.62379,0.0042,0.7027,0.03651,0.77038,0.1549,0.7823,0.16295,0.84639,0.26275,0.91243,0.46383,0.94097,0.52633,0.99328,0.61392,0.99484,0.63214,0.98975,0.66475,0.95505,0.77702,0.89624,0.88213,0.88791,0.90802,0.86609,0.99786,0.8612,1,0.84548,0.8596,0.84437,0.85247,0.82381,0.76778,0.81733,0.74781,0.76162,0.58532,0.69939,0.42923,0.67018,0.36581,0.6446,0.32328,0.58484,0.25799,0.55202,0.23427,0.47929,0.19778,0.45906,0.1894,0.38605,0.17037,0.37273,0.16797,0.28063,0.17751,0.16874,0.21108,0.09537,0.25869,0.07613,0.27406,0,0.37016,0,0.36484,0.0051,0.33935,0.01811,0.31695,0.04556,0.24782,0.0449,0.22464,0.12558,0.11994,0.15882,0.08857,0.23752,0.04527,0.34979,0.01375],"triangles":[35,38,34,35,37,38,38,39,34,35,36,37,33,34,40,41,32,33,40,34,39,33,40,41,41,42,32,32,42,43,32,43,31,31,43,44,29,0,28,31,44,30,0,29,44,29,30,44,27,1,26,27,28,1,28,0,1,25,2,3,25,26,2,26,1,2,15,16,14,14,16,17,14,17,13,12,13,18,13,17,18,18,19,12,11,12,20,12,19,20,20,8,11,11,9,10,11,8,9,8,21,7,8,20,21,21,22,7,22,6,7,23,6,22,6,23,5,5,23,4,23,24,4,4,24,3,24,25,3],"vertices":[2,32,45.69,-22.29,0.47569,33,-0.96,-22.36,0.52431,2,31,61.06,-20.72,0.13296,32,9.84,-24.06,0.86704,2,27,-47.35,19.53,0.02921,31,15.92,-33.93,0.97079,2,27,-16.75,37.96,0.51999,31,-19.75,-35.85,0.48001,3,27,27.68,36.03,0.90402,28,-25.89,32.82,0.09274,31,-58.09,-13.31,0.00323,3,27,32.94,38.2,0.84135,28,-20.97,35.68,0.1585,31,-63.75,-12.75,0.00015,3,27,72.55,38.79,0.14403,28,18.19,41.64,0.8498,29,-43.11,31.47,0.00616,3,28,80.65,31.41,0.0832,29,19.86,37.91,0.86097,30,-37.62,31.51,0.05582,3,28,102.16,31.06,0.00121,29,40.71,43.18,0.65463,30,-18.1,40.54,0.34417,2,29,71.9,55.6,0.20233,30,10.25,58.5,0.79767,2,29,76.9,54.37,0.18158,30,15.39,58.21,0.81842,2,29,84.59,48.97,0.13214,30,23.95,54.33,0.86786,2,29,108.33,23.37,0.00266,30,52.01,33.55,0.99734,1,30,76.14,2.77,1,1,30,82.59,-2.16,1,1,30,105.53,-16.23,1,1,30,105.72,-18.44,1,1,30,65.81,-17.9,1,1,30,63.76,-18.01,1,2,29,84.99,-29.22,0.00453,30,38.78,-22.45,0.99547,2,29,78.75,-29.83,0.02186,30,32.76,-24.2,0.97814,3,28,68.73,-41.92,0.12628,29,27.5,-35.99,0.80071,30,-16.48,-39.72,0.073,3,27,60.96,-39.86,0.15767,28,17.38,-37.85,0.77012,29,-23.13,-45.46,0.07221,4,27,39.32,-36.62,0.59201,28,-4.51,-37.58,0.39204,29,-44.33,-50.92,0.00303,31,-34.29,56.31,0.01292,3,27,22.97,-36.32,0.78744,28,-20.74,-39.5,0.11471,31,-19.99,48.38,0.09785,4,27,-8.39,-42.3,0.34668,28,-51.01,-49.68,0.0006,31,10.52,38.95,0.61702,32,-23.65,46.6,0.0357,3,27,-23.19,-47.95,0.11224,31,26.23,37.01,0.70688,32,-8.96,40.68,0.18088,4,27,-52.74,-63.62,0.00089,31,59.69,36.98,0.14852,32,23.36,32.05,0.77558,33,-15.91,34.46,0.07502,3,31,68.84,37.45,0.0534,32,32.33,30.15,0.73582,33,-7.27,31.38,0.21077,3,32,64.53,26.41,0.05076,33,24.15,23.42,0.94232,34,-21.22,24.74,0.00692,3,32,70.39,26.02,0.01364,33,29.91,22.26,0.94433,34,-15.54,23.24,0.04203,3,33,70.33,21.58,0.00599,34,24.77,20.12,0.95132,35,-15.72,24.15,0.04269,2,35,33.42,15.49,0.7117,36,-0.86,16.38,0.2883,1,36,32.82,7.63,1,1,36,42.13,5.98,1,1,36,84.96,7.32,1,1,36,84.06,6.13,1,1,36,77.97,1.79,1,1,36,69.64,0.23,1,1,36,48.38,-7.96,1,1,36,44.69,-13.31,1,2,35,42,-15.09,0.46025,36,-1.18,-15.37,0.53975,2,35,25.27,-18.11,0.98145,36,-18.09,-13.59,0.01855,2,34,38.17,-19.22,0.87151,35,-11.26,-17.17,0.12849,2,33,36.34,-21.6,0.88621,34,-11.76,-20.94,0.11379],"edges":[0,88,0,2,2,4,4,6,6,8,8,10,10,12,12,14,14,16,16,18,18,20,20,22,22,24,24,26,26,28,28,30,30,32,32,34,34,36,36,38,38,40,40,42,42,44,44,46,46,48,48,50,50,52,52,54,54,56,56,58,58,60,60,62,62,64,64,66,66,68,68,70,70,72,72,74,74,76,76,78,78,80,80,82,82,84,84,86,86,88]}},"t":{"t":{"x":0.5,"width":329,"height":386}},"zs":{"zs":{"type":"mesh","hull":49,"width":191,"height":570,"uvs":[0.90289,0.00256,0.90789,0.00696,0.94389,0.00869,0.93302,0.08112,0.93508,0.09253,0.96973,0.15529,0.98188,0.16851,0.99599,0.17787,1,0.18518,1,0.19847,0.56628,0.60081,0.5655,0.62162,0.60712,0.64795,0.62274,0.65429,0.67202,0.6786,0.75341,0.70844,0.77162,0.72595,0.82548,0.77147,0.76536,0.80461,0.66655,0.87145,0.57919,0.94634,0.55713,0.97113,0.51985,1,0.5115,1,0.46358,0.99015,0.26688,0.92502,0.18259,0.88127,0.11168,0.82969,0.05792,0.7768,0,0.72195,0,0.70597,0.00024,0.70148,0.04781,0.65284,0.04016,0.59977,0.09187,0.54772,0.17876,0.4734,0.29362,0.39857,0.39489,0.33703,0.42382,0.31732,0.41804,0.30759,0.44304,0.28648,0.46699,0.29026,0.50984,0.24698,0.55229,0.2363,0.74359,0.09527,0.78074,0.05877,0.82291,0.04628,0.86728,0.0253,0.85595,0.01842],"triangles":[22,23,21,23,24,21,21,24,20,20,24,25,20,25,19,25,26,19,26,27,19,16,18,14,14,18,27,18,19,27,14,28,13,13,28,12,28,14,27,18,16,17,16,14,15,28,29,12,30,32,12,12,32,11,31,32,30,12,29,30,32,33,11,11,33,10,33,34,10,34,35,10,35,36,10,36,37,10,10,37,9,9,37,38,41,9,38,41,42,43,9,41,43,8,9,6,9,43,6,43,5,6,38,39,41,39,40,41,43,44,5,44,4,5,44,3,4,44,45,3,45,46,3,6,7,8,46,47,3,3,47,2,2,47,1,47,48,1,48,0,1],"vertices":[1,75,-83.12,-18.16,1,1,75,-81.13,-16.35,1,1,75,-82.73,-9.59,1,1,75,-43.55,3.58,1,1,75,-37.64,6.32,1,1,75,-6.77,25.57,1,1,75,-0.6,30.49,1,1,75,3.38,34.94,1,1,75,6.97,37.18,1,1,75,14.02,39.95,1,2,75,257.77,46.74,0.4985,76,22.25,42.57,0.5015,2,75,268.86,50.94,0.21518,76,33.55,38.95,0.78482,2,75,279.92,63.83,0.03686,76,50.23,42.13,0.96314,2,75,282.19,67.93,0.0201,76,54.56,43.92,0.9799,2,75,291.65,81.76,0.00067,76,70.58,48.85,0.99933,1,76,91.4,58.71,1,1,76,101.96,59.1,1,1,76,129.78,61.31,1,1,76,144.47,44.78,1,1,76,175.34,15.54,1,1,76,211.24,-12.95,1,1,76,223.51,-21.13,1,1,76,237.14,-32.77,1,1,76,236.67,-34.3,1,1,76,228.62,-41.4,1,2,75,450.68,61.12,0.00053,76,182.09,-66.39,0.99947,2,75,433.36,37.01,0.00602,76,153.52,-74.46,0.99398,2,75,410.95,13.65,0.02848,76,121.44,-78.76,0.97152,2,75,386.64,-6.93,0.0873,76,89.6,-79.72,0.9127,2,75,361.59,-28.67,0.19524,76,56.47,-81.1,0.80476,2,75,353.12,-32,0.22508,76,47.76,-78.43,0.77492,2,75,350.72,-32.89,0.23338,76,45.33,-77.63,0.76662,2,75,321.59,-34.58,0.3983,76,21.5,-60.8,0.6017,2,75,293.97,-47,0.50125,76,-7.84,-53.3,0.49875,2,75,262.75,-48.66,0.36936,76,-33.3,-35.15,0.63064,2,75,217.25,-48.71,0.74566,76,-68.92,-6.83,0.25434,2,75,169.53,-43.89,0.98228,76,-103.23,26.67,0.01772,1,75,129.81,-38.72,1,1,75,117.33,-37.69,1,1,75,112.57,-40.75,1,1,75,99.63,-40.7,1,1,75,99.96,-35.66,1,1,75,74,-37.06,1,1,75,65.37,-31.75,1,1,75,-22.81,-27.14,1,1,75,-44.77,-28.15,1,1,75,-54.34,-23.26,1,1,75,-68.57,-19.75,1,1,75,-71.43,-23.19,1],"edges":[0,96,0,2,2,4,4,6,6,8,8,10,10,12,12,14,14,16,16,18,18,20,20,22,22,24,24,26,26,28,28,30,30,32,32,34,34,36,36,38,38,40,40,42,42,44,44,46,46,48,48,50,50,52,52,54,54,56,56,58,58,60,60,62,62,64,64,66,66,68,68,70,70,72,72,74,74,76,76,78,78,80,80,82,82,84,84,86,86,88,88,90,90,92,92,94,94,96]}}}}],"animations":{"animation":{"bones":{"st":{"translate":[{},{"time":1,"y":-7.11},{"time":2},{"time":3,"y":-7.11},{"time":4}]},"ys":{"rotate":[{},{"time":1.5,"angle":3.13},{"time":2},{"time":3.5,"angle":3.13},{"time":4}],"translate":[{},{"time":0.5,"x":-3.38,"y":-5.92},{"time":1,"x":5.92,"y":-5.92},{"time":1.5,"x":3.95,"y":-7.89},{"time":2},{"time":2.5,"x":-3.38,"y":-5.92},{"time":3,"x":5.92,"y":-5.92},{"time":3.5,"x":3.95,"y":-7.89},{"time":4}]},"yj":{"scale":[{"time":1.8333},{"time":2,"y":0.282},{"time":2.1667}]},"zb":{"scale":[{},{"time":1,"y":0.818},{"time":2},{"time":3,"y":0.818},{"time":4}]},"mm":{"translate":[{"time":1.8333},{"time":2,"x":8.11,"y":-18.96},{"time":2.1667}]},"tf_s4":{"rotate":[{},{"time":0.5,"angle":7.54},{"time":1.5,"angle":-6.34},{"time":2},{"time":2.5,"angle":7.54},{"time":3.5,"angle":-6.34},{"time":4}]},"tf_s12":{"rotate":[{},{"time":1,"angle":11.61},{"time":2},{"time":3,"angle":11.61},{"time":4}]},"mz2":{"rotate":[{},{"time":0.5,"angle":-3.19},{"time":1.1667,"angle":3.46},{"time":2},{"time":2.5,"angle":-3.19},{"time":3.1667,"angle":3.46},{"time":4}],"scale":[{},{"time":0.5,"y":0.854},{"time":1.1667,"y":1.148},{"time":2},{"time":2.5,"y":0.854},{"time":3.1667,"y":1.148},{"time":4}]},"wj2":{"rotate":[{},{"time":0.5,"angle":-3.85},{"time":1,"angle":-0.82},{"time":1.5,"angle":1.8},{"time":2},{"time":2.5,"angle":-3.85},{"time":3,"angle":-0.82},{"time":3.5,"angle":1.8},{"time":4}]},"wj5":{"rotate":[{},{"time":0.6667,"angle":-4},{"time":1.3333,"angle":3.16},{"time":2},{"time":2.6667,"angle":-4},{"time":3.3333,"angle":3.16},{"time":4}]},"wj11":{"rotate":[{},{"time":0.5,"angle":-2.03},{"time":1.5,"angle":5.17},{"time":2},{"time":2.5,"angle":-2.03},{"time":3.5,"angle":5.17},{"time":4}]},"wj14":{"rotate":[{},{"time":0.6667,"angle":-6.83},{"time":1.5,"angle":0.46},{"time":2},{"time":2.6667,"angle":-6.83},{"time":3.5,"angle":0.46},{"time":4}]},"wj17":{"rotate":[{},{"time":0.8333,"angle":-4.42},{"time":1.6667,"angle":3.33},{"time":2},{"time":2.8333,"angle":-4.42},{"time":3.6667,"angle":3.33},{"time":4}]},"wj21":{"translate":[{},{"time":0.5,"x":-29.49,"y":-43.59},{"time":1,"x":-8.74,"y":-2.09},{"time":1.5,"x":23.18,"y":9.61},{"time":2},{"time":2.5,"x":-29.49,"y":-43.59},{"time":3,"x":-8.74,"y":-2.09},{"time":3.5,"x":23.18,"y":9.61},{"time":4}]},"wj22":{"translate":[{},{"time":0.6667,"x":-7.98,"y":-61.38},{"time":1.5,"x":42.41,"y":25.95},{"time":2},{"time":2.6667,"x":-7.98,"y":-61.38},{"time":3.5,"x":42.41,"y":25.95},{"time":4}]},"wj23":{"translate":[{},{"time":0.6667,"x":-14.1,"y":-25.38},{"time":1.3333,"x":24.55,"y":17.43},{"time":2},{"time":2.6667,"x":-14.1,"y":-25.38},{"time":3.3333,"x":24.55,"y":17.43},{"time":4}]},"wj24":{"translate":[{},{"time":0.8333,"x":1.88,"y":-17.86},{"time":1.5,"x":15.98,"y":14.57},{"time":2},{"time":2.8333,"x":1.88,"y":-17.86},{"time":3.5,"x":15.98,"y":14.57},{"time":4}]},"wj25":{"translate":[{},{"time":1,"x":13.66,"y":-21.38},{"time":1.6667,"x":21.38,"y":8.91},{"time":2},{"time":3,"x":13.66,"y":-21.38},{"time":3.6667,"x":21.38,"y":8.91},{"time":4}]},"wj26":{"translate":[{},{"time":0.5,"x":7.72,"y":-24.95},{"time":1.3333,"x":28.51,"y":-4.16},{"time":2},{"time":2.5,"x":7.72,"y":-24.95},{"time":3.3333,"x":28.51,"y":-4.16},{"time":4}]},"wj27":{"translate":[{},{"time":1,"x":9.5,"y":-21.38},{"time":1.6667,"x":6.53,"y":16.63},{"time":2},{"time":3,"x":9.5,"y":-21.38},{"time":3.6667,"x":6.53,"y":16.63},{"time":4}]},"wj28":{"translate":[{},{"time":0.5,"x":-38.58,"y":-11.57},{"time":1,"x":-21.86,"y":-6.43},{"time":1.5,"x":52.73,"y":6.43},{"time":2},{"time":2.5,"x":-38.58,"y":-11.57},{"time":3,"x":-21.86,"y":-6.43},{"time":3.5,"x":52.73,"y":6.43},{"time":4}]},"ys2":{"rotate":[{},{"time":1,"angle":-1.18},{"time":2},{"time":3,"angle":-1.18},{"time":4}]},"ys3":{"rotate":[{},{"time":1,"angle":-4.4},{"time":2},{"time":3,"angle":-4.4},{"time":4}]},"ys4":{"rotate":[{},{"time":1,"angle":16.3},{"time":2},{"time":3,"angle":16.3},{"time":4}]},"zs2":{"rotate":[{},{"time":1,"angle":2.73},{"time":2},{"time":3,"angle":2.73},{"time":4}],"translate":[{},{"time":1,"x":4.2},{"time":2},{"time":3,"x":4.2},{"time":4}]},"st3":{"translate":[{},{"time":1,"x":-6.6,"y":-29.69},{"time":1.9667,"curve":"stepped"},{"time":2},{"time":3,"x":-6.6,"y":-29.69},{"time":3.9667}]},"st7":{"rotate":[{},{"time":1,"angle":6.57},{"time":2},{"time":3,"angle":6.57},{"time":4}]},"st13":{"translate":[{},{"time":1,"x":3.8,"y":-13.24},{"time":2},{"time":3,"x":3.8,"y":-13.24},{"time":4}]},"st17":{"rotate":[{},{"time":1,"angle":3.52},{"time":2},{"time":3,"angle":3.52},{"time":4}]},"st18":{"rotate":[{},{"time":1,"angle":-11.07},{"time":2},{"time":3,"angle":-11.07},{"time":4}],"translate":[{},{"time":0.5,"x":-12.5,"y":2.36},{"time":1.5,"x":13.99,"y":-10.19},{"time":2},{"time":2.5,"x":-12.5,"y":2.36},{"time":3.5,"x":13.99,"y":-10.19},{"time":4}],"scale":[{},{"time":1,"x":0.923},{"time":2},{"time":3,"x":0.923},{"time":4}]},"st19":{"translate":[{},{"time":0.5,"x":-9.99,"y":-24.74},{"time":1.5,"x":20.68,"y":-34.49},{"time":2},{"time":2.5,"x":-9.99,"y":-24.74},{"time":3.5,"x":20.68,"y":-34.49},{"time":4}],"scale":[{},{"time":1,"x":0.8},{"time":2},{"time":3,"x":0.8},{"time":4}]},"st20":{"rotate":[{},{"time":1,"angle":4.19},{"time":2},{"time":3,"angle":4.19},{"time":4}],"translate":[{},{"time":1,"x":-6.06,"y":-3.03},{"time":2},{"time":3,"x":-6.06,"y":-3.03},{"time":4}]},"st21":{"rotate":[{},{"time":1,"angle":-2.4},{"time":2},{"time":3,"angle":-2.4},{"time":4}],"translate":[{},{"time":1,"x":4.55,"y":3.03},{"time":2},{"time":3,"x":4.55,"y":3.03},{"time":4}]}}}}},[0]]],0,0,[0],[-1],[0]]