{"paths":{"0":["animation/action/gz_1",0],"1":["animation/action/gz_2",0],"2":["animation/action/xx_1",0],"3":["animation/action/xx_2",0],"4":["animation/action/xx_3",0],"5":["animation/role/1/qtn_dj",2],"6":["animation/role/1/qtn_dj",0],"7":["animation/role/2/skeleton",2],"8":["animation/role/2/skeleton",0],"9":["animation/role/3/skeleton",2],"10":["animation/role/3/skeleton",0],"11":["animation/role/4/skeleton",2],"12":["animation/role/4/skeleton",0],"13":["animation/sex/1/zhongchu/skeleton",2],"14":["animation/sex/1/zhongchu/skeleton",0],"15":["animation/sex/1/zhongchu/skeleton2",0],"16":["animation/sex/post/role1/houru/skeleton",2],"17":["animation/sex/post/role1/houru/skeleton",0],"18":["animation/sex/post/role1/koujiao/skeleton",2],"19":["animation/sex/post/role1/koujiao/skeleton",0],"20":["animation/sex/post/role1/qinglv/skeleton",2],"21":["animation/sex/post/role1/qinglv/skeleton",0],"22":["animation/sex/post/role2/houru/skeleton",2],"23":["animation/sex/post/role2/houru/skeleton",0],"24":["animation/sex/post/role2/koujiao/skeleton",2],"25":["animation/sex/post/role2/koujiao/skeleton",0],"26":["animation/sex/post/role2/qinglv/skeleton",2],"27":["animation/sex/post/role2/qinglv/skeleton",0],"28":["animation/sex/post/role2/rujiao/skeleton",2],"29":["animation/sex/post/role2/rujiao/skeleton",0],"30":["animation/sex/post/role3/houru/skeleton",2],"31":["animation/sex/post/role3/houru/skeleton",0],"32":["animation/sex/post/role3/qinglv/skeleton",2],"33":["animation/sex/post/role3/qinglv/skeleton",0],"34":["animation/sex/post/role3/shangwei/skeleton",2],"35":["animation/sex/post/role3/shangwei/skeleton",0],"36":["animation/sex/post/role4/houru/skeleton",2],"37":["animation/sex/post/role4/houru/skeleton",0],"38":["audio/1_breath",4],"39":["audio/1_houru",4],"40":["audio/1_jiewen",4],"41":["audio/1_koujiaogaocao",4],"42":["audio/1_shejing",4],"43":["audio/2_gaocao",4],"44":["audio/2_jiewen",4],"45":["audio/2_rujiao",4],"46":["audio/2_shejing",4],"47":["audio/2_zuoai",4],"48":["audio/ambulance",4],"49":["audio/buy_prop",4],"50":["audio/Chuanxi-1-low",4],"51":["audio/Chuanxi-2-mid",4],"52":["audio/click",4],"53":["audio/Gaochao-2-mid",4],"54":["audio/Gaochao1-low",4],"55":["audio/give_prop",4],"56":["audio/hand_hit",4],"57":["audio/Kiss-2-mid",4],"58":["audio/Koujiao-1-low",4],"59":["audio/Koujiao-2-mid",4],"60":["audio/main_bgm",4],"61":["audio/rest",4],"62":["audio/second_bgm",4],"63":["audio/sell_prop",4],"64":["audio/shoot_sperm",4],"65":["audio/sleep",4],"66":["audio/use_prop",4],"67":["audio/work",4],"68":["textures/bg/bianlidian",0],"69":["textures/bg/scene2_1",0],"70":["textures/bg/scene2_2",0],"71":["textures/bg/scene2_3",0],"72":["textures/bg/scene2_4",0],"73":["textures/bg/scene2_5",0],"74":["textures/bg/scene2_6",0],"75":["textures/bg/scene2_7",0],"76":["textures/bg/scene4_1",0],"77":["textures/map/d_4s",0],"78":["textures/map/d_711",0],"79":["textures/map/d_canting",0],"80":["textures/map/d_falang",0],"81":["textures/map/d_gongsi",0],"82":["textures/map/d_gongyuan",0],"83":["textures/map/d_jia",0],"84":["textures/map/d_jianshen",0],"85":["textures/map/d_shuiliao",0],"86":["textures/other/bar_green",0],"87":["textures/other/bar_red",0],"88":["textures/other/bar_yellow",0],"89":["textures/plot/bg1",0],"90":["textures/plot/bg2",0],"91":["textures/plot/icon1",0],"92":["textures/plot/icon2",0],"93":["textures/plot/icon3",0],"94":["textures/props/baobao",0],"95":["textures/props/baoma",0],"96":["textures/props/dihuangwan",0],"97":["textures/props/piaoju",0],"98":["textures/props/qiaokeli",0],"99":["textures/props/shouji",0],"100":["textures/props/xianglian",0],"101":["textures/props/xiangshui",0],"102":["textures/props/yiliao",0],"103":["textures/props/zuanshi",0],"104":["textures/role/1_1",0],"105":["textures/role/2_1",0],"106":["textures/role/2_2",0],"107":["textures/role/3_1",0],"108":["textures/role/4_1",0],"109":["textures/role/5_1",0],"110":["textures/role/6_1",0],"111":["textures/role/big_1",0],"112":["textures/role/big_3",0],"113":["textures/sex/sexPost1",0],"114":["textures/sex/sexPost2",0],"115":["textures/sex/sexPost3",0],"116":["textures/sex/sexPost4",0],"117":["textures/sex/sexPost5",0],"118":["textures/sex/sexPost6",0],"119":["textures/singleColor",0],"120":["animation/action/gz_1",1,1],"121":["animation/action/gz_2",1,1],"122":["animation/action/xx_1",1,1],"123":["animation/action/xx_2",1,1],"124":["animation/action/xx_3",1,1],"125":["animation/role/1/qtn_dj",3],"126":["animation/role/1/qtn_dj",1,1],"127":["animation/role/2/skeleton",3],"128":["animation/role/2/skeleton",1,1],"129":["animation/role/3/skeleton",3],"130":["animation/role/3/skeleton",1,1],"131":["animation/role/4/skeleton",3],"132":["animation/role/4/skeleton",1,1],"133":["animation/sex/1/zhongchu/skeleton",3],"134":["animation/sex/1/zhongchu/skeleton",1,1],"135":["animation/sex/1/zhongchu/skeleton2",1,1],"136":["animation/sex/post/role1/houru/skeleton",3],"137":["animation/sex/post/role1/houru/skeleton",1,1],"138":["animation/sex/post/role1/koujiao/skeleton",3],"139":["animation/sex/post/role1/koujiao/skeleton",1,1],"140":["animation/sex/post/role1/qinglv/skeleton",3],"141":["animation/sex/post/role1/qinglv/skeleton",1,1],"142":["animation/sex/post/role2/houru/skeleton",3],"143":["animation/sex/post/role2/houru/skeleton",1,1],"144":["animation/sex/post/role2/koujiao/skeleton",3],"145":["animation/sex/post/role2/koujiao/skeleton",1,1],"146":["animation/sex/post/role2/qinglv/skeleton",3],"147":["animation/sex/post/role2/qinglv/skeleton",1,1],"148":["animation/sex/post/role2/rujiao/skeleton",3],"149":["animation/sex/post/role2/rujiao/skeleton",1,1],"150":["animation/sex/post/role3/houru/skeleton",3],"151":["animation/sex/post/role3/houru/skeleton",1,1],"152":["animation/sex/post/role3/qinglv/skeleton",3],"153":["animation/sex/post/role3/qinglv/skeleton",1,1],"154":["animation/sex/post/role3/shangwei/skeleton",3],"155":["animation/sex/post/role3/shangwei/skeleton",1,1],"156":["animation/sex/post/role4/houru/skeleton",3],"157":["animation/sex/post/role4/houru/skeleton",1,1],"158":["prefabs/game/action/Action",5],"159":["prefabs/game/action/Ambulance",5],"160":["prefabs/game/action/Shady",5],"161":["prefabs/game/action/Sleep",5],"162":["prefabs/game/guide/Guide",5],"163":["prefabs/game/guide/GuideStory",5],"164":["prefabs/game/guide/StoryLabel",5],"165":["prefabs/game/hairsalon/HairSalonSexRoom",5],"166":["prefabs/game/hairsalon/HairSalonWorkRoom",5],"167":["prefabs/game/home/HomeRoom",5],"168":["prefabs/game/offices/AccountRoom",5],"169":["prefabs/game/offices/FemaleBathRoom",5],"170":["prefabs/game/offices/MaleBathRoom",5],"171":["prefabs/game/offices/OfficeRoom",5],"172":["prefabs/game/offices/ReceptionRoom",5],"173":["prefabs/game/offices/SundryRoom",5],"174":["prefabs/game/park/ParkGateRoom",5],"175":["prefabs/game/park/ParkInternalRoom",5],"176":["prefabs/game/plot/Plot",5],"177":["prefabs/game/plot/PlotItem1",5],"178":["prefabs/game/plot/PlotItem2",5],"179":["prefabs/game/plot/PlotItem3",5],"180":["prefabs/game/role/RoleItem",5],"181":["prefabs/game/sex/SexItem",5],"182":["prefabs/other/TimeNodeTiitle",5],"183":["prefabs/other/TipsItem",5],"184":["prefabs/scenes/HairSalonScene",5],"185":["prefabs/scenes/HomeScene",5],"186":["prefabs/scenes/MapScene",5],"187":["prefabs/scenes/OfficeScene",5],"188":["prefabs/scenes/ParkScene",5],"189":["prefabs/ui/UiArchive",5],"190":["prefabs/ui/UiBattle",5],"191":["prefabs/ui/UiHelp",5],"192":["prefabs/ui/UiIntelligence",5],"193":["prefabs/ui/UiKnapsack",5],"194":["prefabs/ui/UiMain",5],"195":["prefabs/ui/UiMemoir",5],"196":["prefabs/ui/UiRoleTalk",5],"197":["prefabs/ui/UiSetting",5],"198":["prefabs/ui/UiSexControl",5],"199":["prefabs/ui/UiShop",5],"200":["prefabs/ui/UiShopTalk",5],"201":["textures/bg/bianlidian",1,1],"202":["textures/bg/scene2_1",1,1],"203":["textures/bg/scene2_2",1,1],"204":["textures/bg/scene2_3",1,1],"205":["textures/bg/scene2_4",1,1],"206":["textures/bg/scene2_5",1,1],"207":["textures/bg/scene2_6",1,1],"208":["textures/bg/scene2_7",1,1],"209":["textures/bg/scene4_1",1,1],"210":["textures/map/d_4s",1,1],"211":["textures/map/d_711",1,1],"212":["textures/map/d_canting",1,1],"213":["textures/map/d_falang",1,1],"214":["textures/map/d_gongsi",1,1],"215":["textures/map/d_gongyuan",1,1],"216":["textures/map/d_jia",1,1],"217":["textures/map/d_jianshen",1,1],"218":["textures/map/d_shuiliao",1,1],"219":["textures/other/bar_green",1,1],"220":["textures/other/bar_red",1,1],"221":["textures/other/bar_yellow",1,1],"222":["textures/plot/bg1",1,1],"223":["textures/plot/bg2",1,1],"224":["textures/plot/icon1",1,1],"225":["textures/plot/icon2",1,1],"226":["textures/plot/icon3",1,1],"227":["textures/props/baobao",1,1],"228":["textures/props/baoma",1,1],"229":["textures/props/dihuangwan",1,1],"230":["textures/props/piaoju",1,1],"231":["textures/props/qiaokeli",1,1],"232":["textures/props/shouji",1,1],"233":["textures/props/xianglian",1,1],"234":["textures/props/xiangshui",1,1],"235":["textures/props/yiliao",1,1],"236":["textures/props/zuanshi",1,1],"237":["textures/role/1_1",1,1],"238":["textures/role/2_1",1,1],"239":["textures/role/2_2",1,1],"240":["textures/role/3_1",1,1],"241":["textures/role/4_1",1,1],"242":["textures/role/5_1",1,1],"243":["textures/role/6_1",1,1],"244":["textures/role/big_1",1,1],"245":["textures/role/big_3",1,1],"246":["textures/sex/sexPost1",1,1],"247":["textures/sex/sexPost2",1,1],"248":["textures/sex/sexPost3",1,1],"249":["textures/sex/sexPost4",1,1],"250":["textures/sex/sexPost5",1,1],"251":["textures/sex/sexPost6",1,1],"252":["textures/singleColor",1,1]},"types":["cc.Texture2D","cc.SpriteFrame","cc.Asset","sp.SkeletonData","cc.AudioClip","cc.Prefab"],"uuids":["4ejwN4Zo1Jg4OBd986ts8g","d3zffbSZ5C04/U7fwDLRrO","5cyqnN6wpL9r3vHctljlK2","bfXgNv9g5L6LPR4cqVPUll","39z098cxNGSJtwWL4/pwDu","458VQgvgtMcqD0x0RVP7wm","4623uP+X1K6L3Yv724Gded","40u/j/MqtL2r6qqHSOjk7t","e0ZY2ezoxI9LPxXl7gU6qD","a8z3Fp7alGpburUaRVvW0A","fco5ihjJNJfYYS+KWeXuOM","07fDsyB71ATIjh8uHi2Wil","9eAxoaI+5EfKQJebjZnUjN","15W8JsGxVAroPgjEsTVMQf","0bSbvqxg1LqaHG0pNRh/Iy","e52AzpojFKQ6Z3Ydy3IJoA","19hp6qUd5IeZEBUgONRn3S","69AeGyw+BHjpMccfF9U1SW","4figrfUQFPi5L47PF/fSG2","1eE5OVYwtIdJrahgVjKBj8","edNRxqrd9ExrPnJaXrVoC0","c5pFjnCH5A+bHClDVBq2Il","ccOGO2gVtF9q+q0qnBzly1","01T+M9VYVKkbaJhU7nKm6y","08osLVTzdADK50zaR8OMzL","f9nNSGvCJPuYUCZXTucftP","11Gw9jg1BB/LRhjPKlVHc7","a5L5xSkdBMiYCnjt8ZeNA2","c9f6fDuHdC95sl+wPr9Zsn","0cnX+AveVNUbocv+gKBWOy","6e4A7uaLNIbIV7oUzReG1n","1etDf1WYpNcIye1yeDZWg1","51euSqa9JPUK3FD5O12zu1","c5NvyXhxlO6YnD/sMDOga/","11zLjxPR1Nr5LWDQzr+UdS","c9PUnQ1IxLb62uGoOnJ/x+","62fc7yYyxFE7j+3+dyt+b7","8ff4UKQnZJfINve5P77boZ","05AN3+C9xG6prW8OvHeBCK","121TR0b+RPW7c2uZwwyljh","29yYcEwaZIQYKx4u3Cuxqz","72mJOcrYREBaDefcuZ7jfE","d3ev2mP0ZGdbPR7empxAip","f9EN9MDgtDO6SHx6YNn1gq","62ylTeCfhPlZg6XJGW/g47","fbqNqD/p5CRa730W2mKwQX","4e6vT4ObNI15azyO2Qayb6","c6Pv3zaXhEjb+U3j3E3R9W","4eqxWXaaRAXpxA4ys+5YEC","c1C+vpHqtANrgD16zaiYPo","b9dG1BYc1LIJRQksZeMj5r","13G9o8TJNGBZ1wFwLWnsXs","df+f7FLmZKeoPp8Y9hLfXi","f53RxUccdM4pB0/QlMxd/K","baYESwhwFGu4tz0vujgA7v","fcYPhmuHRPr4K94CJaEDpa","6fSKATEa5B6YjTnEZE7l7A","77m4+yR/hMfpu4wvibboX0","fcFvz4mr5BCbZYDtSw85t1","e1O4xPc3hBXYnB8D1ukHRk","72fwskYCVJO5uOJfjoFi8q","bbzZc45olA+pOk+VfVlljv","74YIDg3xJLsbQLjwTaF1L1","68+y8RrNdPgpq+hpZKCbZG","3bW4km1wtInqZOfCs4wh36","2eS1bmN6tCQb+xDMrtjFcp","b3q4+3x1tCXZXBXdLuR2Hd","21v3HIQkpFsI6LQACxUQ9+","2620W9UXFBF6/wXZf2Rsj4","dbtfbV3ktFDaf3IpKbNVY8","9efTFrYa1Ij4jqNfkH/S/1","ffdncybz1AJYTm2X6XY7tk","21HlPe0exMD65IJeEN/A/a","11UfGsG6JOSoeeoHi2tlBv","43tNzf9LFDhrOtqwAtAU+K","0fxN/VEzlDIaYMBGPDImNJ","a6IJDnBBFKYpNS5ti/3KU2","4088hYRnFP7Y/tbus+olT7","31sN6PGrpDrrCu4IEhdj7J","aaLklIAaBHwYSAnVD3gJKP","1eHdm8Qd1HE5fZtpxpl8eQ","d5adVZjcJFu55ZkCPznepU","83erT9MilMToc/ATB9ZXhp","f4HA626gdAAJAZaRxjcKKx","0eRn9iYRhCmLLoEYdLX/LO","47TkTUOJZKb46lnWGLl0t5","bfVSc1UU1CHZLr7UCU+9wj","93mHM+7+pD7agDETQeD2du","a0RL7HbCBJQ5ucFq/yVALd","41IweP/j9LQpBTM6Ux1S5w","f43SPJuKNJwYaeCxD63CJe","9czNS8wVhG7bcYZTU8Jei3","69oUfrHkFKI5oAAZc47Bx1","37ST8JgyZG9I6josbnkt8c","b5pIS/P8lJjL57TzOJ32LJ","0djzwaO65EkLIHPJVlmafI","8am8JyQYlBJJlEw36k4WoT","23ie99rbRKUokYHLwzalAY","b7pvlmMwBAOpJ3baGlLSfQ","82HZ4N6+5ESre9ga0v/+B9","9fFZGn15NP0YM3hfAOqbIZ","35PcPTOZpOrbPrT1NbNNSB","6fr1Vfes1Ga7VfRgkkwlt9","28Hn7Ey0VF1pcNjIfK7xUB","9aiWGnALpM+KalU1FwUG3D","9cEUhSTeBKvquNVgTTE+14","90AURpBJJEZIhoSjsg9HP2","deFeFXaoNOPoQEzaV3NBFz","e5md7sVdZG/Yw1VUg6+Kk8","09WdnUnXBLc6Mmo9EQ8ey8","9dI34WImxD5ZcOev3Ew2t7","00FOBvgF5B6Ko9+gxa/HGG","91CiIzV4hIFILf6wuueD/P","5cUYzlKm5ObK72nVlM4/5q","03nUYq8SVHhbw1GMI4R5hU","bfstsYrlJNSJMZFQIUAGLx","8bUf36WYlDpL0IryvbwlGp","3c6nZ37+lNYYkIWQK9vMA3","a7DpuxLn1Gwa2KqH14OapZ","8951TwET1HjbjNp0h+6YF/","27YNQzPHZNboeoMrMcZaaw","d90E3k2T9J7aZuOvEkgz5H","f0e3kmgZZP+raAb5V0CgfN","66Mvd8d5FHjoi33BySx+Ak","e2vWol7WdPdbbYfQpRjbw1","25aCikT59OkqEf5H+giesT","5dR8YcImhPoJFI7cYA5t4V","5bbShKs01EW46aJf3sBMcl","e5ayHNKeNJLYSbkYFO4E+J","e8omJOFkdELro5KcahW6qa","b4yuwOHslNSZIQZw6dxmvq","7b+7ScY5VGC4bRqpiARKSw","589y/DXxxC8bLZaIOeUiyH","e95vAFWBZAI76PTDClI5qx","abJ0RLMPVP1L33nX0W1h3L","6fQyOlTotInZihBi3P1sf5","67u5C/JhZG0LsmuwVOB32/","9f1ddI/jVN7J/KtvtTyyXl","814wJuyhNLUKFc/oVt8COp","00SpfNFOpAD4p6DYHEVRHg","06zHI2t0tA/a8BAnWi/7/O","daS2W3ArNBnJvTFe5YiGdJ","e8f+XTYrJAGpSBZoEqWI/y","6aqy0bjGxAeoQ+oiXG/p1s","cbIQvFYMpG/LDqr9bBzdh2","deZJTmI9dPmIevf1/zQTO+","15+c8yyl1MGZF2E9xO2Nfo","79nvyrS1pICJyUvQNRzk1c","aeQXaETltAVI8RKGhaSwUF","85qIMpZYRGQoPUgUOA99bV","a35mN2CLJIB78hGFhKdXQm","733kXpwEdLhZNgcs2rhHQn","02FFt8AbpL/r9V3ANZihe0","0ekE7ZtGxHqonhBd5nAbZe","b2m4K4jY5NQYFm9/YiVZ7g","94qAjAF9VDx410PWvKAJBV","dbOFgfoL9Js71tuszFL6w+","a35OVgA+hCOJlH25wm5jjn","22aThWm7JER5s2VEuyKT3q","5fcW4/8fxFP50W5VgdHtAx","78rDxX8U9HF6huxAoLnxV9","f76jU2WvtMZLhYxYNXOfDr","21HWCv/sZEhpOVH95BIjYS","d6rLNHKjlHdqObJY68LUax","eeGN+7/U9LjIuSQEEjmll5","87ZLUFRupIubdeGF+ASqHn","97Sz2v9ylHS4y+G9hNMJoE","a7CHw/FX1NV6K+n/ZNGiDs","d7nvkywM1Jlo8v9FFV0j5y","2b5yUHa8tN9qH17n+NVXvL","83EjxoakRELpUMqPGGr6o2","e9+o0d9LhH9J6YhFWyf3Ea","a5/evs5YZNnLr27C29N+PF","a9GDllAkdBb4j9usAJJH38","3aVmBNHxdDm6OZiRNRcwWz","46ZxzGow1MF6yfK+SUj/nN","a5C47socxEIY6aNcOObm+w","2bUUdFkbhKzIybipJzpxrK","8djpTkGFBHn7GOhJEF6oEz","b2Rz1tLDJHj7be2wk5gnnl","8b9+ssxFVKRZYe9Ze9VMMt","1dGKRwyFFLvJZw7LInETpO","9aabn3hxFGHJ/U3RnMgUK2","a1aFNaaPVO456b9Y2kfNXt","01wqvgzCFOxoD/XfoTRqHf","437zIUWmdNiZiVZlWGACRT","28m3PEnR9MDJ9fOZ54rbfJ","b6E7jNAo9MtYMOazMZHRl6","06vOcmMwlOV5S4rISWnCNd","25Pk0bp35AhomUcC5aogEZ","d8ZCDivbNGboBpA2H/ulKm","6crpqdwfdKtJuHveTElo3b","ceMvtaAZ9IJaRPWaIwERRH","2d687Uq89F85zuWxe2yM+O","0fWIzGoAdLH5Ji9REYSO2D","73OzBM8mJJ3ICZkO6mqT7Q","39dGrXal1LQJ7YR7t24iHr","398nUdXHtBUac4X13/KUqa","3fSolQ5y9MyYlBQ4Vy+Agc","84SrFh1cZIwKCsu9REBhl9","e3JRTzmkBLXbTRHW7cI8Gm","7aYjr7HX5EFImkAD7XvzUm","d6EKgiggVEQap3xIaEqvow","06ft2HiKZCtICuef4xY/EG","52ih9tn5VPhLt4GOmHdgPB","27ljfSXrRHqKjsROZ0agNX","ebFFtHOLtLp57x+QVtMa7a","cfPiwz49lHjKzld31FcrJi","5ff03GVclBj4nZT1gc3nHU","a2RRh960BLCLiiioe3qftT","71M6/VAOlIw5JMalkypCzq","3asyPf/aJC67wmEASkyqVd","46HTcSsrZMoZIKFLbz0uyS","baa14o8pFGE5fKBmmoqokT","12rpAvK8VGLJDHsgLnxB8D","019663/GdCRbWJ+xSFiUNV","7cGeHP2cZNdJFdY2WD68BD","5dTz0ebLBAB7wd88ZHX6cD","daLiLiRhtBVpapF8hEn9PL","0fuQSAz1tDUZZ9DSyMZHkw","8bX/Ud/xtOFbj6F0NdAl09","1e8WunzhBMP6Xg8y5IH5W3","25twkc9jZIBaf7TXE0SlQl","41v8Y7FZNG9bGDTopwtYRO","e4KWlDjK9E4LxYhpD7SqCl","a0klEPwwtFR4nKwBI+PBR5","3aj6tmBUROfb9NPIR0s85r","58lCioEwRHPIOK5yK1rYqo","dd70PZVxtM5Kfo8W1AKGtJ","84AAsLQf1Nlb0EWcU+Fx+Z","85KLnclxxCpLTbSKC8v56E","5faihnSOtE4LuPIgwiDXJU","bfWBZai1VLcbKZhgVo5iXD","03a4KtZp9CZItdL4Rw9W8G","bf9fvLlWVPKqnryxkk1Brh","6fxh7o18BMLJ+mX4ZeaGoo","683/9tQFZGLbTG+dv0uuVq","1aN+gp309EsY9DmxnSlGh5","4cjlUaz2tGQoBLr4SRk1yl","15fV0HDA5OKInO+lsB0ueR","5bdcHObSFGp506qgoLlOYF","f8Sa3i7sxIy4Mv+ej4i0mH","38jlbxx0JIKoiSVlvMH61d","05TW/o42JH5b3OPQnsSEGY","49aztP6/hBgokWDJEAB6kw","94ThTbsEtGOZkymyngZVaD","18crbwdFlKOb8fICqPoSID","a09UIwdUJLfaHwuuz2yQLa","51pzZotm9Msr6xRUlhXB2q","f4ZnTYTnNBZ4T0CiiV3nt9","10IRhwEoNOQIxaePfVPNxd","f1G31gnCRPCY+3a2o4ir+B","79uPV4An9PcLtXSE02MxXN","40lhrR7HpOOobgjjyOZd4j","8aTWQaEXVMz4xeRuLxNdPR","c29TyvfC9OJqsjdFXLUxKq","88qrzrAjdDkYMBqSil18Oe","dfMQJlP8dOUpfrtdUZkkdK","1a5e93i8BAB7aiy+6k7v9L","53i2CdLYxBxoL2bnJ4z/dw","3eQ2ddYstKXJ29b4F+pNBF","9bC5Dz5c5KuY8hrbocP4KV","37msqBmlNMiqw0FmoyQDXJ","a6t7IV0uBDJ4KSDVOW0WY2","8dvDgEflpIh4ryDhq+vF2q","9e5N2SdHFFs771wgOyIy2W","f173sg0qdKX6B9sjCI9Ht2","2cVEN/uKRJqYCIyYXJfFev","adYpFivBNCrJ/Q3w/I1Aup","18xdJXFS1OqY19tUuMYInH","b7g+4cXAtFgY9sBq/GV/YE","aeNDs5fopEMq047RqbV8nl","c1Jl3kvIJBrp8EZ/kjS1Mv","2dsPJp3aRDGL5ZlmJqhowc","71IEZwxNlLHo4Q4jgjkqH6","8d3ARZ6gVBw7vbbpsJvj1G","67/qv3Ar5O4pLBHyyq3S/I","ecIlMri+FOypBGwWuCV9rf","12k+4plQVGNoYUOtwjOo9W","bdX49nLy1D0Ieq6nIGU8rJ","0fGiOnurdBjKYIBEwhheHP","31wGbXMlZMaoPosirAj3KD","b4/b0q6/xKl6Zgg1k0JDCJ","843KxxRM5E64AU3V9K+NDY","6cNsX1MClI+I5sTTvLeiMg","adjTuV6n1Ec4Sw1CpW/Lgo","8aNPfzPlxM/Z45w9lPajgd","a5aGCRp2tGWZ30IoiFc4E2","2dfTZkqSNKKIUHyrwLalHQ","c2amGh045FIo3PVwKM48gM","92FQ0H4c9PYrNxTKCp7DKq","c67QboaRNLz5OmAAHiLKKa","2a8V7Hg/1Hc7uEORRBnD8C","b9/aG0dM9KmY+FPqxbkNPp","35kWILu5RC9q3SWPUcm6tq","7d8OseSqRO0qBwQAd0kyrp","002u3LYytGNajFlLDu8ZwM","6e71ZfNYNEL4KlF5qw4xon","f4a29c5SdIV6NkOPkTNPKy","c9hlJ8l+JCm4s9YZvuAEcA","560s8m9+BIZZcHysuc5Zc8","d8lb/wwYtDWZMXQyFxhQD2","06tLykPU9C3Zo6xylxjF2p","64KF63SedNOq3hEReksyj+","f1PwlAgg1AOZfGix36PesQ","303/E5Os1GB6MXqa83GMFA","a9jCenEf5MEJY7jrKxWySZ","95sE9VqFJHOL9jF5VMFFV2","3dOZrwAdFAqbhYSlMtiIx0","1cN86FKWxIJYoiBVCuOE6n","54N5tFuK9O476xRwlUaadn","f0M1K2FnpKtZPGeWvfBsUA","5fC/3DRZZNfa7R7RSNqpRF","fc04WnFNZOio5R+/5LfAdg","3a0XrfQupMTLrnf4pIUyxW","50fveZuWdFeLU4j5dDbIbm","62NJbbGXlOnLAQ5ABYEEX7","c819N3KVJJfbk10eWeHk69","e0s9DsGbZCMbQo4jd7EUyR","23pYIb8ohKhpklx9cRfVlb","d4YPAvJ+dHX4YWQwXhtmlJ","05ExTCW5tAiKqzpRgQMfEh","b5ZxpgZrlAHJkpvk8t9mbs","cfmAphlS1JgK2i83+Qizen","4agP6+VfBBd60z5DQXtDSG","d9LUs7BBNNM53XV6rsKt3W","89OYobW/tDm7o25CT+Ya4E","76iLFZxGFP7YtSZsl3Xm3w","93u5Z3J9xPlLhzphyA2/2q","39Vl0cpFtA67nnZe004Ovp","99nQnyck1Cp5Ya9RuTtGK/","bc2iigvw1Jc6aaUfEfEw3f","59wkhPbK1NSoIGMsr/DGCb","3cYztFOiZGbLDW0Mtdl3LD","81F2jzS7VM7b/qMy2aUwC/","4fyoxhjgVKV7PjN2IqLlRI","9fGg9Aj9xB1rDRkc9H/83x","02HrMt2F9OKLL7Vsih2JPH","a1FUEUUhhDUIGLU9hae3bt","e2jW3q6wBP0YvoPbIGtp4U","8aF+4UrOVKQpRefGJxxxpa","6eBWFz0oVHPLIGQKf/9Thu","01+z0+uhtDJKNKvMQm9T8h","cajJMd5axMFp6oyavqEApO","21mPPS6uRPqYtm20hlXryO","90vNUnyvRB1Zq4tRWOXS/W","0eWabToqBDnZqP2VqBJIXQ","23++/29wlN8ox2v1yAlZnm","5czV26CUZLQpeldyu7k2Ic","4fS0yTsuNIvpkOyuuL5n6g","b5eJGC2fpGT6vZnSLLcJjS","3b+Kgfvb1EAK0VOmSIk2uR","29WZ3Yn6BPfLlutUgOPyjj","ccgnYWo7NPBafnbSW6dbWC","ccEodxzXxEa6szzCDQzFj9","763J458NBOz7cyuqDfIGag","f2AG5ybytPlrVMtaaGcdeo","82wR5URX1Hxoc1+/GG2fl6","22roxH+fJBCJQjhB889o5l","ac8AHwtY9CJKR6XEZm0ef8","70uCKZEFNGqbn/SDO/Qd/s","cfDJnUO1VJF4Uf098CbkY2","e4O6cmw6ZC2b2QaGbOSzJm","7a/QZLET9IDreTiBfRn2PD","766scYe4NJ7aTXO5++XxSZ","ecpdLyjvZBwrvm+cedCcQy","a2MjXRFdtLlYQ5ouAFv/+R","99FH9OYjdGB6YSywW+2ArJ","c9ZMpdzThPcpzMkafUUTWF","98T1MvhEpO454J29nUJHZN","264uxy2XRJg7bAIxkDG2Je","a4D7m7M8FPib8cAREM+nya","9dQVbf9JpOhLINrpz/vW1e","d6N1f+gFRH9o4sPaS1d5Nq","18v07MKUROtYXwRB22U0tl","9cv3GZFclMQYXdM0T2B2AL","ffj0yGluBHS4YzuOAYZy2r","83MKwGM7ZOtZCSE9co/S8M","55i1Xe6ctAtqPg8tJq0pqL","5dCcFbyrVCMouHjAAp6wYE","90UxAFtENPuJrVyuJFvdet","baR8QSVD1AcavA2iVSUOSz","01hk/UvO9JfJPDRYwoURcT","e6mXcaFBtPDakV45waQvZU","d990OYIjVCbaw1sX161o7Y","10pasYkXdOXYURE3t41h8i","36ysh8OVNLzIwLTNQdrvbt","38kZc/mwBEYYnKLvtiAt7v","b3MkLTtqdCcoM9RFl6VHGB","f6TxQleA5HFobAmO+3SLKH","ebe0ZkyslHeqBCvqAF4mmg","97Hwv1iZNN+6oVC7JOne0j","32VKROEjJEeaHVIPgjG2+M","6d+VDQpXZORp4uvNG9DkQa","62N+dEiWJEDa2lH+rx5WRa","79CPbbP9VPx4gt3ojCaGPz","84R50MeaZNW4TVWpp7fGSV","farbYRvKNHiJLatkpAwPml","d9pN3ot8dNCKw0/nxRXls2","a6d2/a/y1ExoXcYUgc2eDt","43TS27s7BIl4cbJV2P2efs","4a0GwvxBtL3bScb+cfKkNt","831IFsE8xPgapBx9TuUO5X","b1XzE2w0hBhqvpggx5PKPc","62exyuG4NE7YDp/fRnpoK4","0a4I+DmhVNUYqUCqtUVEDh","1d1rdUOuROhZczrYpuxgfV","1bXR2Z/lRNQp+PziukbI1w","95dAfw/cZJ1I7UWrAyPvo/","93F1G48WhKSZ9533Bp07q/","eeaPQHq2hGxpGGYxKQ7QJr","12gZPxRQFKN5u9mcJJXf5Q","bejM05sUxGZ5fLxNURHSj+","699hVM0Q9K3J4+cny1vS+D","c7BikIcStDS5SU8LotGbjC","a0lEPhcRNN7L9gprLUvdAS","450yE75sVKxIO/DOvjI/xR","61rKQSUylFs7Y8dHaJx0Rc","330jI/vexF/qptUX1DTCCI","e11MMoXoBE0bBBiXq5n7Jv","9ef9CowGpPhpQxgclENsJl","eaMaywlWdBDbpr/IYxSglW","a1pFMC8X1JD6p/dqtt1pYD","06+VfDN2RELKaNZc81unvZ","71ABlDzpdFGp1OMhwU/UzA","40J3D/TE1LaLGlx3RD5uxK","2dmRo9GtBJDLR0Wp8CSpEk","862uejTm1Nvq3+jiEgWz9P","efse5HAGBJEod9fNylEb8G","fcZZ5YzAFCX5U6uvfLAg5a","98xmNBr2VCb7E/FPkJQnto","e4DmFRjf5PvJ8KMAHSkrLb","5c9IP9LcJPy6/WBCJk8tmo","e72A/MMYRIMYYD5zdv0Dfw","5bUtkflWtFFbnCUhyHKxcx","4b2tW84VVINqOx7bRn0q8c","a6C9f/JKFOiJhmYTbgs56U","b5vEgAFo1DFa1PWl6RS7MP","baciHyj0BClKDyMUaNxyPd","73VsmundlJOoHbWO/j+Yko","fb86U87hBO1baWVA/5Elrl","8f0OJNAUpOqrOIy1D2qqE3","8ctuT8nitOA6+O2y8wBz9f","227GJtyWNDE4kXv3NkCZSN","63aLjni4BITKq+IpQWmBIN","0dbkgqYYNLGbuLPkAjh6cT","36FfP5UmNBfImZUd4hci2r","cd0gkFDwpAipPomCAuL89l","93eugZ0FBLGb8Rkt8QjTAU","6c8ZgVpnlJKJHUJuuPczqT","86MZkn+WZKuarcFtCvThbP","46gbO9qzZDk4uGm3fnoTpL","58vj4rFxVBbZ+A42J/3N1u","8c20Sso/ZEn7NUfNSM+EBh","a1Px4ADKpCEqxO/Tkuh1G+","4aAI9hDHhAy7za0Cs+gaIR","26+UGHFT9GwJELWGI79TeS","59QOjhpsdJiZPufGpMPU3v","ddXEz4OJ9FlLNgNJGpzJWV","89j3YpLYlJKJ8pPCFM6HZD","d9/nEjUS5Np5IG9R9ypbFu","1dNajsSipLVrLd/wZrAVPS","2666DOgA1C1ZiHtin7jihN","b4vYZCIYJA/K10IaW7f1yo","abEbNXmHZO65Hi9Kh3wSYp","9aD5OyWQ5HNqXCer/Ml2DD","3ae7efMv1CLq2ilvUY/tQi","cd0t8maMZBDaz05wnpc3Fl","63ap7y6RNLCJCLvlgLNCYK","8fcVx5SstNDL+f+dHEIVfg","083jGxW4BAHZjtrxXDL2iP","c6epm086hI2aDia6v1twK6","afRSIKO4tF/bJbLMwi5eJd","17jMnylmhFi7F20kZjF+kt","d8YPAtv/tCvqwfUJ/CUrf0","02delMVqdBD70a/HSD99FK","ecd3wmE0REFIMfltv+Bd9R","e5YUGmXGRDqqR6lQ3qXych","41AJK/6UVLCrp3an7wYrg/"],"scenes":{},"redirect":[363,0,365,0,466,0,475,0],"deps":["internal"],"name":"resources","importBase":"import","nativeBase":"native","debug":false,"isZip":false,"encrypted":true,"versions":{"import":[111,"7871f",139,"685b1",296,"7871f",23,"7871f",382,"6ad0d",184,"87aac",215,"5b149",342,"7871f",152,"771d9",337,"7871f",233,"c909e",114,"7871f",38,"13d57",321,"7871f",243,"c55af",203,"45c44",302,"7871f",188,"350cb",140,"321b8",423,"a6592",11,"08689",24,"08689",470,"46624",109,"7871f",405,"91012",14,"7871f",29,"7871f",445,"6452d",95,"7871f",84,"7871f",346,"7871f",153,"650b9",280,"7871f",194,"912cc",219,"bbf69",75,"7871f",250,"20d3f",385,"fdfa7",26,"08689",73,"7871f",34,"08689",411,"d4436",278,"7871f",214,"fb1ce",39,"9bda9",51,"7b62e",13,"08689",239,"f3707",146,"4121c",473,"4759a",246,"2df74",374,"77983",269,"7871f",16,"08689",237,"ddfa2",258,"7871f",407,"43627",309,"7871f",181,"544cf",461,"f34c8",406,"12f68",19,"7871f",80,"7871f",31,"7871f",221,"5f536",162,"bb9a7",72,"7871f",344,"7871f",67,"3ad6f",158,"03438",358,"7871f",443,"f6df4",97,"7871f",319,"7871f",347,"7871f",189,"f80c2",125,"457db",222,"60cfd",68,"7871f",370,"7c2ca",462,"8d918",456,"960a4",120,"2f809",205,"a9502",103,"7871f",186,"bc102",352,"7871f",40,"a94e5",292,"7871f",177,"5541e",169,"279f0",267,"7871f",288,"4b3a3",426,"a4b8c",273,"7871f",193,"118ed",65,"676f9",305,"7871f",78,"7871f",281,"7871f",392,"f3e85",418,"850e6",101,"7871f",294,"7871f",446,"ab568",386,"5c05c",93,"7871f",262,"7871f",242,"ead72",387,"761ce",329,"7871f",196,"cf416",4,"7871f",197,"4a32c",174,"e1e6b",226,"350ef",211,"99ea5",314,"7871f",64,"e82d3",351,"7871f",333,"7871f",117,"7871f",308,"7871f",260,"7871f",198,"32f8c",425,"04f49",253,"7871f",7,"08689",77,"7871f",478,"ba4e2",89,"7871f",223,"0b34c",400,"6cb31",74,"7871f",185,"bafcb",416,"bb2f2",5,"d2480",212,"fbe03",175,"ae224",451,"d13b1",6,"7871f",85,"7871f",244,"fbd2a",455,"66b0f",324,"7871f",401,"85091",435,"f1856",238,"66ed1",0,"7871f",48,"1d864",46,"72c51",349,"7871f",18,"08689",335,"7871f",315,"7871f",32,"08689",248,"47c3e",204,"68472",259,"7871f",310,"7871f",378,"b2994",300,"7871f",227,"ebdcb",452,"953e8",132,"54211",457,"88045",332,"7871f",434,"353bb",127,"31121",240,"6ab0b",113,"7871f",2,"7871f",348,"7871f",432,"2ed2c",379,"03ead",126,"742ee",217,"4e1d0",312,"7871f",231,"42535",159,"8b76c",208,"11c4c",417,"dc9d3",316,"7871f",394,"594fa",404,"aad60",36,"08689",44,"30832",444,"8fa8f",468,"fd253",303,"7871f",123,"eda01",136,"5942d",276,"7871f",236,"482a6",63,"e03bf",17,"7871f",92,"7871f",413,"3feac",143,"7b8cf",284,"7871f",191,"2387c",449,"1465b",393,"f3473",341,"7871f",30,"08689",297,"7871f",135,"d8937",56,"71101",102,"7871f",235,"c26a6",360,"7871f",424,"52133",274,"7871f",210,"16611",60,"2b407",41,"bd2fb",195,"011eb",439,"3ad61",151,"d1c72",62,"0431b",327,"7871f",355,"7871f",364,"71601",57,"a1551",160,"b719f",395,"72ee1",147,"3f4f4",252,"cef13",201,"04104",131,"998f7",216,"89641",295,"7871f",334,"7871f",138,"8b3c0",99,"7871f",357,"7871f",170,"f0883",377,"fdb3d",82,"7871f",402,"036be",229,"5b499",396,"a2c91",199,"eaccf",283,"7871f",230,"78d91",149,"96923",450,"e3922",427,"d1b3d",165,"f878c",256,"7871f",326,"7871f",459,"9ba86",119,"7871f",340,"7871f",286,"7871f",254,"7871f",96,"7871f",116,"7871f",220,"f71a6",180,"29851",442,"04c74",453,"599b0",178,"46aeb",264,"7871f",275,"7871f",469,"c8e95",37,"7871f",441,"d3df9",106,"7871f",380,"1474e",345,"7871f",112,"7871f",290,"7871f",409,"dfd6d",448,"179cd",87,"7871f",328,"7871f",245,"dcf9d",155,"dc769",408,"0af45",307,"7871f",391,"4f5ca",166,"15b7f",369,"eabf2",430,"cb2cb",367,"0d9c3",330,"7871f",465,"441aa",182,"93bc2",104,"7871f",261,"7871f",105,"7871f",375,"43938",91,"7871f",110,"7871f",372,"65ffa",12,"7871f",70,"7871f",420,"12307",265,"7871f",100,"7871f",336,"7871f",137,"0e1d4",88,"7871f",225,"bbd01",415,"4ef25",247,"c3d24",338,"7871f",454,"5099e",183,"4a017",422,"628d8",366,"43d76",209,"685f4",157,"85a07",150,"0d779",371,"2f688",176,"2c074",27,"7871f",287,"7871f",172,"f8713",436,"cf1c2",76,"7871f",399,"1a58c",263,"7871f",167,"a819c",118,"7871f",9,"08689",173,"7b4ae",306,"7871f",79,"7871f",464,"5ad86",134,"06719",359,"7871f",268,"7871f",285,"7871f",271,"7871f",148,"27638",472,"bd884",403,"b36fb",179,"fcb3c",154,"c4892",388,"cb620",66,"e8194",463,"75997",130,"eac05",282,"7871f",322,"7871f",350,"7871f",94,"7871f",437,"cb5fa",187,"5e5f3",270,"7871f",98,"7871f",50,"807a2",293,"7871f",381,"b1f22",54,"412c5",213,"a7c17",438,"081e6",61,"8a401",331,"7871f",279,"7871f",412,"18a91",86,"7871f",232,"c3054",3,"7871f",115,"7871f",234,"a0dc5",49,"fe7c7",272,"7871f",289,"4b3a3",255,"7871f",33,"7871f",21,"7871f",47,"f42f9",471,"ff914",291,"7871f",414,"7e5a6",317,"7871f",35,"7871f",368,"b259f",28,"08689",299,"7871f",343,"7871f",144,"d62f4",354,"7871f",22,"08689",353,"7871f",447,"19d2e",467,"c4f4b",192,"607e8",361,"7871f",207,"2879c",323,"7871f",42,"cb335",1,"7871f",320,"7871f",81,"7871f",202,"50d31",373,"d2d06",163,"bea4a",168,"9bf87",474,"881cb",190,"bcf1b",301,"7871f",325,"7871f",398,"60054",121,"621a1",384,"41fe0",460,"770b5",218,"b584c",141,"a7929",156,"e82d6",69,"7871f",458,"cb740",228,"6e9d3",107,"7871f",145,"49a38",257,"7871f",52,"35e41",8,"7871f",318,"7871f",59,"2088e",419,"ff1ca",339,"7871f",124,"577b4",200,"76e3d",431,"0b001",224,"71f73",362,"7871f",477,"48332",128,"14786",108,"7871f",15,"7871f",383,"d3b51",433,"587ad",142,"b14dd",129,"dac1a",133,"ce35f",171,"26370",421,"a387e",206,"e7cf3",390,"aead0",277,"7871f",476,"cd195",20,"08689",164,"02e9f",410,"40a18",428,"e2da6",311,"7871f",122,"03f2c",251,"fab54",304,"7871f",266,"7871f",356,"7871f",83,"7871f",249,"ea433",298,"7871f",90,"7871f",53,"c2ee6",389,"ab796",161,"595d0",241,"c3186",43,"1e619",25,"7871f",397,"8af82",45,"e5147",440,"d5b88",58,"44ed7",55,"90161",429,"357e3",10,"7871f",313,"7871f",71,"7871f",376,"eef61"],"native":[111,"78e78",296,"1a234",23,"1dcfc",342,"c69ea",337,"a476e",114,"6ce78",38,"8314e",321,"fc824",302,"7009e",11,"960db",24,"08711",109,"c63a2",14,"2a1ac",29,"b0213",95,"b34a5",84,"4dbba",346,"7be10",280,"b5c44",75,"2c760",26,"2394e",73,"a1575",34,"412f1",278,"45ddf",39,"46b42",51,"6ab2c",13,"10dac",269,"1130a",16,"f8921",258,"49ad0",309,"46010",19,"ae045",80,"b059b",31,"fd214",72,"2e0e0",344,"3ba45",67,"aa4c8",358,"3a430",97,"72083",319,"b5961",347,"02791",68,"5e541",103,"ab866",352,"60f25",40,"35ac9",292,"697c1",267,"29fb2",288,"f4503",273,"f27d4",65,"4f7b1",305,"f8caf",78,"f7714",281,"f0dc3",101,"7f01a",294,"ee759",93,"90555",262,"3cda2",329,"d6de6",4,"df8ba",314,"db6f6",64,"65b64",351,"a59f2",333,"e3543",117,"d0022",308,"1087a",260,"49cbd",253,"ed4ef",7,"434ae",77,"543e4",89,"7a7ee",74,"2c760",5,"3a6f4",6,"5dbf2",85,"cd188",324,"a153d",0,"0bcdd",48,"761b9",46,"35171",349,"1e6a3",18,"e6bc7",335,"c0a27",315,"adce7",32,"0363c",259,"b97d1",310,"c697e",300,"720b9",332,"0bbd7",113,"f013c",2,"a1f3c",348,"c1688",312,"ffc0c",316,"f78f1",36,"eb623",44,"d564a",303,"89894",276,"dc238",63,"205a8",17,"7d9ea",92,"63114",284,"5a886",341,"6d3cf",30,"a272b",297,"94b16",56,"8ba22",102,"e91dd",360,"acf3b",274,"07481",60,"4c17a",41,"20561",62,"10285",327,"bcecf",355,"5e036",57,"e5e94",295,"6b17b",334,"52399",99,"a5811",357,"097b5",82,"96358",283,"faf44",256,"11a51",326,"4a0c1",119,"84ef6",340,"53e11",286,"6635d",254,"67c67",96,"2a1f2",116,"ccc56",264,"415fe",275,"45a93",37,"348e2",106,"a4aab",345,"3ab83",112,"e321b",290,"435ff",87,"4fc85",328,"c3c08",307,"05c9c",330,"11ea2",104,"83dc1",261,"c6f4e",105,"8c3ea",91,"4a7c8",110,"9c22a",12,"181ad",70,"d0df3",265,"dfdbd",100,"d4066",336,"22950",88,"838f2",338,"7d9ee",27,"7d111",287,"90b78",76,"f5a39",263,"5dd8a",118,"85b6b",9,"a0800",306,"3315a",79,"07876",359,"e321b",268,"a43d9",285,"648b5",271,"2478b",66,"3e8ee",282,"0ea9e",322,"17233",350,"031db",94,"dd6f1",270,"c20e2",98,"d2328",50,"2ef8e",293,"a8625",54,"8fa24",61,"9dd93",331,"8b228",279,"eaad5",86,"edbe4",3,"46ee0",115,"6b7a6",49,"33f29",272,"7afda",289,"13276",255,"86467",33,"0bd29",21,"631b5",47,"3b100",291,"bc0fd",317,"30150",35,"52726",28,"7b321",299,"4b0a9",343,"5b823",354,"d9a97",22,"51a90",353,"bd336",361,"78452",323,"5e1b7",42,"f5818",1,"aad7d",320,"1a599",81,"2c24c",301,"685aa",325,"f57fb",69,"3b790",107,"b566b",257,"a9b93",52,"32dd6",8,"44344",318,"a6ae6",59,"61c5b",339,"e7aa6",362,"33c6e",108,"a622a",15,"44fd4",277,"4c3e3",20,"17dd4",311,"9aaa7",304,"7eba4",266,"58587",356,"d59ba",83,"511b7",298,"b834c",90,"a9e2d",53,"b2f60",43,"6f2f5",25,"5c26e",45,"08fd3",58,"f210c",55,"28795",10,"b7244",313,"e2e4e",71,"f5a39"]}}