[1,["c5pFjnCH5A+bHClDVBq2Il"],0,[["sp.SkeletonData",["_name","_atlasText","textureNames","_skeletonJson","textures"],-1,3]],[[0,0,1,2,3,4,5]],[[0,"skeleton","\nskeleton.png\nsize: 191,526\nformat: RGBA8888\nfilter: Linear,Linear\nrepeat: none\nmt\n  rotate: true\n  xy: 2, 344\n  size: 94, 121\n  orig: 94, 121\n  offset: 0, 0\n  index: -1\nnan_jiao\n  rotate: true\n  xy: 125, 340\n  size: 42, 57\n  orig: 42, 57\n  offset: 0, 0\n  index: -1\nnan_shou\n  rotate: true\n  xy: 125, 384\n  size: 54, 64\n  orig: 54, 64\n  offset: 0, 0\n  index: -1\nnan_st\n  rotate: true\n  xy: 2, 440\n  size: 84, 185\n  orig: 84, 185\n  offset: 0, 0\n  index: -1\nnan_tou\n  rotate: true\n  xy: 139, 25\n  size: 45, 46\n  orig: 45, 47\n  offset: 0, 0\n  index: -1\nnan_zs\n  rotate: true\n  xy: 2, 3\n  size: 38, 54\n  orig: 41, 54\n  offset: 0, 0\n  index: -1\nnv_lian\n  rotate: true\n  xy: 147, 101\n  size: 22, 28\n  orig: 24, 29\n  offset: 1, 0\n  index: -1\nnv_shou\n  rotate: false\n  xy: 105, 17\n  size: 28, 28\n  orig: 30, 28\n  offset: 1, 0\n  index: -1\nnv_shoubi\n  rotate: false\n  xy: 102, 47\n  size: 35, 23\n  orig: 35, 23\n  offset: 0, 0\n  index: -1\nnv_st\n  rotate: false\n  xy: 111, 211\n  size: 69, 127\n  orig: 74, 127\n  offset: 0, 0\n  index: -1\nnv_toufa\n  rotate: false\n  xy: 102, 72\n  size: 43, 51\n  orig: 43, 51\n  offset: 0, 0\n  index: -1\nnv_zt\n  rotate: false\n  xy: 58, 16\n  size: 45, 25\n  orig: 45, 26\n  offset: 0, 0\n  index: -1\ns1\n  rotate: false\n  xy: 109, 125\n  size: 79, 84\n  orig: 116, 116\n  offset: 18, 6\n  index: -1\ns2\n  rotate: true\n  xy: 2, 43\n  size: 95, 98\n  orig: 116, 116\n  offset: 10, 4\n  index: -1\ns3\n  rotate: true\n  xy: 2, 140\n  size: 98, 105\n  orig: 116, 116\n  offset: 7, 2\n  index: -1\ns4\n  rotate: true\n  xy: 2, 240\n  size: 102, 107\n  orig: 116, 116\n  offset: 5, 2\n  index: -1\nzs\n  rotate: false\n  xy: 135, 2\n  size: 33, 21\n  orig: 34, 22\n  offset: 0, 0\n  index: -1\n",["skeleton.png"],{"skeleton":{"hash":"dHLvkggMQbtDz71Olc8Wm1bjQRo","spine":"3.8.75","x":-50.1,"y":-94.2,"width":90.37,"height":188.56,"images":"../拆解素材/","audio":""},"bones":[{"name":"root"},{"name":"mt","parent":"root","x":19.26,"y":-32.06},{"name":"nan_st","parent":"root","x":12.19,"y":-24.02},{"name":"nan_shou","parent":"nan_st","x":6.27,"y":55.33},{"name":"nan_jiao","parent":"root","x":-29.29,"y":-45.39},{"name":"nan_zs","parent":"nan_st","x":-7.19,"y":34.32},{"name":"nv_st","parent":"root","x":-19.77,"y":-13.87},{"name":"nv_st2","parent":"nv_st","length":21.53,"rotation":92.76,"x":-0.43,"y":0.39},{"name":"nv_st3","parent":"nv_st2","length":23.93,"rotation":-14.12,"x":21.53},{"name":"nv_st8","parent":"nv_st3","length":38.51,"rotation":3.08,"x":22.6,"y":0.49},{"name":"nv_toufa","parent":"nv_st8","rotation":-81.71,"x":46.57,"y":3.5},{"name":"nv_shoubi","parent":"nv_st3","length":22,"rotation":-99.79,"x":23.79,"y":-0.71},{"name":"nv_shou","parent":"nv_shoubi","length":25,"rotation":74.99,"x":22.11,"y":0.56},{"name":"nan_shou2","parent":"nan_shou","length":31.92,"rotation":-106.58,"x":0.15,"y":-0.16},{"name":"nan_shou3","parent":"nan_shou2","length":29.71,"rotation":-39.15,"x":31.7,"y":0.04},{"name":"nv_st4","parent":"nv_st","length":45.97,"rotation":5.31,"x":0.38,"y":-0.4},{"name":"nv_st5","parent":"nv_st4","length":34.11,"rotation":-105.41,"x":45.97},{"name":"target1","parent":"root","x":20.21,"y":-43.74,"color":"ff3f00ff"},{"name":"nv_st6","parent":"target1","length":11.3,"rotation":-15.11},{"name":"nan_st2","parent":"nan_st","length":49.55,"rotation":-154.78,"x":0.14,"y":-0.59},{"name":"nan_st3","parent":"nan_st2","length":37.49,"rotation":65.25,"x":49.55},{"name":"target4","parent":"root","x":-32.67,"y":-81.84,"color":"ff3f00ff"},{"name":"nan_st4","parent":"target4","length":14.2,"rotation":-149.36},{"name":"nan_st5","parent":"nan_st","length":31.06,"rotation":76.68,"x":0.68,"y":0.02},{"name":"nan_st6","parent":"nan_st5","length":26.3,"rotation":15.54,"x":31.06},{"name":"nv_toufa2","parent":"nv_toufa","length":11.09,"rotation":-114.03,"x":-0.76,"y":-0.13},{"name":"nv_toufa3","parent":"nv_toufa2","length":9.57,"rotation":13,"x":11.09},{"name":"nv_toufa4","parent":"nv_toufa3","length":10.25,"rotation":9.66,"x":9.57},{"name":"nv_st7","parent":"nv_st","length":7.68,"rotation":10.06,"x":6.75,"y":33.41},{"name":"target2","parent":"root","x":17.89,"y":41.38,"color":"ff3f00ff"},{"name":"target3","parent":"root","x":-14.76,"y":-16.03,"color":"ff3f00ff"},{"name":"nv_zt","parent":"nv_st","x":4.17,"y":4.18},{"name":"nv_zs","parent":"nv_st","x":7.59,"y":49.05},{"name":"nan_tou","parent":"nan_st6","rotation":-85.54,"x":41.93,"y":3.55},{"name":"nv_lian","parent":"nv_st8","rotation":-81.71,"x":30.69,"y":-5.94},{"name":"bone","parent":"nan_jiao","length":19.15,"rotation":-149.47,"x":12.77,"y":24.44},{"name":"bone2","parent":"bone","length":38.61,"rotation":55.07,"x":19.3,"y":0.24},{"name":"target5","parent":"root","x":-36.66,"y":-69.77,"color":"ff3f00ff"},{"name":"bone3","parent":"target5","length":10.46,"rotation":-177.51},{"name":"ps","parent":"root","rotation":115.94,"x":-18.3,"y":-20.01,"scaleX":0.3232,"scaleY":0.3232}],"slots":[{"name":"mt","bone":"mt"},{"name":"nan_jiao","bone":"nan_jiao","attachment":"nan_jiao"},{"name":"nan_zs","bone":"nan_zs","attachment":"nan_zs"},{"name":"nv_zt","bone":"nv_zt","attachment":"nv_zt"},{"name":"zs","bone":"nv_zs","attachment":"zs"},{"name":"nan_st","bone":"nan_st","attachment":"nan_st"},{"name":"ps","bone":"ps"},{"name":"nv_st","bone":"nv_st","attachment":"nv_st"},{"name":"nan_shou","bone":"nan_shou","attachment":"nan_shou"},{"name":"nv_lian","bone":"nv_lian","attachment":"nv_lian"},{"name":"nv_toufa","bone":"nv_toufa","attachment":"nv_toufa"},{"name":"nv_shoubi","bone":"nv_shoubi","attachment":"nv_shoubi"},{"name":"nv_shou","bone":"nv_shou","attachment":"nv_shou"},{"name":"nan_tou","bone":"nan_tou","attachment":"nan_tou"}],"ik":[{"name":"target","target":"target2","bones":["nv_shoubi","nv_shou"]},{"name":"target1","order":1,"target":"target1","bendPositive":false,"bones":["nv_st4","nv_st5"]},{"name":"target3","order":2,"target":"target3","bendPositive":false,"bones":["nan_shou2","nan_shou3"]},{"name":"target4","order":3,"target":"target4","bones":["nan_st2","nan_st3"]},{"name":"target5","order":4,"target":"target5","bones":["bone","bone2"]}],"skins":[{"name":"default","attachments":{"nv_lian":{"nv_lian":{"y":0.5,"width":24,"height":29}},"ps":{"s1":{"width":116,"height":116},"s2":{"width":116,"height":116},"s3":{"width":116,"height":116},"s4":{"width":116,"height":116}},"nan_st":{"nan_st":{"type":"mesh","hull":35,"width":84,"height":185,"uvs":[0.67744,0,0.75084,0,0.83067,0.00556,0.9342,0.03323,0.98837,0.07871,0.98834,0.1736,0.8852,0.21979,0.89981,0.24355,0.98976,0.35411,0.93015,0.52126,0.86432,0.65333,0.80269,0.70867,0.66666,0.73366,0.34718,0.76144,0.30985,0.82791,0.30973,0.96481,0.15551,1,0.08063,1,0.01156,0.99372,0.01119,0.9551,0.1546,0.90414,0.15056,0.86252,0.10859,0.75981,0.07074,0.73115,0.19661,0.65777,0.41321,0.60894,0.47642,0.52689,0.56333,0.50697,0.61721,0.40691,0.62032,0.26352,0.58364,0.25472,0.52453,0.21737,0.46384,0.14565,0.46206,0.07117,0.5891,0.0134],"triangles":[32,33,34,3,4,2,6,31,32,32,34,0,1,32,0,1,4,6,4,1,2,5,6,4,1,6,32,29,30,31,6,29,31,29,6,7,8,29,7,8,28,29,9,28,8,27,28,9,10,27,9,26,27,25,11,12,10,27,10,25,12,25,10,13,24,25,13,25,12,22,24,13,22,23,24,14,22,13,21,22,14,20,21,14,15,20,14,19,17,18,19,16,17,16,19,20,15,16,20],"vertices":[1,24,83.72,10.43,1,1,24,83.48,4.27,1,1,24,82.2,-2.4,1,1,24,76.74,-10.89,1,1,24,68.16,-15.11,1,1,24,50.62,-14.42,1,1,24,42.42,-5.43,1,1,24,37.98,-6.49,1,1,24,17.24,-13.24,1,1,23,19.97,-10.39,1,2,19,-5.9,10.27,0.51462,23,-5.07,-10.64,0.48538,2,19,3.14,17.33,0.96632,23,-16.23,-7.96,0.03368,1,19,15.45,16.64,1,2,20,5.76,11.06,0.36544,19,41.92,9.86,0.63456,2,20,18.03,7.82,0.98561,19,50,19.65,0.01439,2,22,-3.66,8.88,0.66591,20,43.35,7.61,0.33409,1,22,10.81,7.93,1,1,22,16.23,4.75,1,1,22,20.65,0.8,1,1,22,17.05,-5.37,1,2,22,1.89,-7.4,0.26011,20,32.02,-5.33,0.73989,2,22,-1.72,-14.21,0.00083,20,24.32,-5.61,0.99917,2,20,5.29,-8.98,0.98261,19,59.92,1.04,0.01739,2,20,-0.04,-12.12,0.86297,19,60.54,-5.11,0.13703,2,20,-13.53,-1.43,0.02459,19,45.19,-12.88,0.97541,3,19,24.88,-13.3,0.82736,2,-28.04,0.85,0.16044,23,-5.81,28.13,0.01221,4,19,13.61,-24.77,0.27386,2,-22.73,16.03,0.50322,23,10.18,26.46,0.21623,24,-13.02,31.09,0.0067,4,19,5.44,-25,0.09352,2,-15.43,19.71,0.41773,23,15.45,20.2,0.4307,24,-9.62,23.65,0.05804,3,2,-10.9,38.22,0.05392,23,34.51,20.06,0.22137,24,8.7,18.41,0.72472,1,24,35.2,17.12,1,1,24,36.94,20.13,1,1,24,44.04,24.82,1,1,24,57.5,29.4,1,1,24,71.27,29.02,1,1,24,81.53,17.94,1],"edges":[0,68,0,2,2,4,4,6,6,8,8,10,10,12,12,14,14,16,16,18,18,20,20,22,22,24,24,26,26,28,28,30,30,32,32,34,34,36,36,38,38,40,40,42,42,44,44,46,46,48,48,50,50,52,52,54,54,56,56,58,58,60,60,62,62,64,64,66,66,68]}},"nv_zt":{"nv_zt":{"x":14.47,"y":4.08,"width":45,"height":26}},"nan_jiao":{"nan_jiao":{"type":"mesh","hull":17,"width":42,"height":57,"uvs":[0.65285,0,0.91089,0,1,0.08663,1,0.13014,0.9999,0.14019,0.93166,0.19252,0.76969,0.23461,0.63917,0.29244,0.54169,0.95985,0.51555,1,0.16345,1,0.02211,0.9825,0.02271,0.90233,0.28487,0.8196,0.26163,0.67336,0.26094,0.13992,0.46959,0.038],"triangles":[10,12,13,11,12,10,8,13,14,7,8,14,9,10,13,8,9,13,5,1,2,2,3,5,4,5,3,6,0,1,6,1,5,6,7,16,6,16,0,15,16,7,14,15,7],"vertices":[1,35,3.15,-7.15,1,1,35,-6.18,-1.65,1,1,35,-6.9,4.51,1,1,35,-5.64,6.64,1,1,35,-5.34,7.13,1,1,35,-1.36,8.25,1,2,35,5.72,6.86,0.97975,36,-2.35,14.92,0.02025,2,35,12.11,6.91,0.62693,36,1.36,9.71,0.37307,2,36,39.6,8.54,0.93439,38,-8.31,2.21,0.06561,2,36,41.97,7.62,0.88479,38,-7.06,4.42,0.11521,1,38,7.69,3.43,1,1,38,13.55,2.03,1,2,36,38,-13.44,0.00022,38,13.22,-2.53,0.99978,2,36,32.46,-2.83,0.86879,38,1.91,-6.49,0.13121,1,36,24.22,-4.44,1,1,35,21.38,-8.64,1,1,35,10.88,-9.2,1],"edges":[0,32,0,2,2,4,4,6,6,8,8,10,10,12,12,14,14,16,16,18,18,20,20,22,22,24,24,26,26,28,28,30,30,32]}},"nv_shou":{"nv_shou":{"x":12.53,"y":-0.87,"rotation":-53.83,"width":30,"height":28}},"nv_shoubi":{"nv_shoubi":{"x":9.15,"y":1.24,"rotation":21.16,"width":35,"height":23}},"nan_zs":{"nan_zs":{"x":0.5,"width":41,"height":54}},"nv_toufa":{"nv_toufa":{"type":"mesh","hull":17,"width":43,"height":51,"uvs":[0.27773,0,0.70129,0,0.73407,0.00005,0.85692,0.05985,0.97727,0.22838,1,0.3513,1,0.4119,0.82109,0.41396,0.65347,0.83954,0.4413,0.94216,0.22923,0.94131,0.20997,1,0.17886,1,0.08526,0.76861,0.02284,0.4528,0.02205,0.25634,0.09481,0.13188],"triangles":[11,12,10,12,13,10,8,9,13,9,10,13,7,8,14,14,8,13,7,14,15,16,7,15,7,16,0,3,7,1,0,1,7,6,7,5,7,3,4,3,1,2,7,4,5],"vertices":[3,10,-11.26,10.88,0.02391,25,-5.78,-14.07,0.95429,26,-19.6,-9.91,0.0218,2,10,6.96,10.88,0.95959,25,-13.19,2.56,0.04041,2,10,8.36,10.87,0.98054,25,-13.76,3.85,0.01946,2,10,13.65,7.82,0.99612,26,-21.36,15.11,0.00388,3,10,18.82,-0.77,0.95373,25,-7.39,18.15,0.00491,26,-13.92,21.84,0.04136,4,10,19.8,-7.04,0.90353,25,-2.06,21.59,0.02441,26,-7.95,24,0.07205,27,-13.25,26.6,0.00001,4,10,19.8,-10.13,0.89197,25,0.76,22.85,0.02933,26,-4.92,24.59,0.07852,27,-10.16,26.67,0.00018,4,10,12.11,-10.24,0.66505,25,3.99,15.87,0.13007,26,-3.34,17.06,0.17721,27,-9.87,18.98,0.02767,4,10,4.9,-31.94,0.00548,25,26.75,18.12,0.00068,26,19.34,14.13,0.07719,27,12,12.29,0.91665,1,27,17.45,3.3,1,2,26,27.92,-2.78,0.00454,27,17.62,-5.82,0.99546,1,27,20.64,-6.58,1,2,26,31.27,-4.34,0.00004,27,20.67,-7.92,0.99996,2,26,20.46,-10.54,0.20176,27,8.97,-12.22,0.79824,3,25,19.78,-14.68,0.22549,26,5.16,-16.26,0.71657,27,-7.07,-15.29,0.05794,3,25,10.64,-18.79,0.62085,26,-4.66,-18.21,0.37912,27,-17.09,-15.56,0.00003,2,25,3.57,-18.52,0.81722,26,-11.49,-16.35,0.18278],"edges":[0,32,0,2,2,4,4,6,6,8,8,10,10,12,12,14,14,16,16,18,18,20,20,22,22,24,24,26,26,28,28,30,30,32]}},"nan_shou":{"nan_shou":{"type":"mesh","hull":21,"width":54,"height":64,"uvs":[0.76664,0,0.93561,0,0.98853,0.08807,1,0.13947,1,0.20445,0.9228,0.40045,0.7582,0.65852,0.68523,0.75024,0.39325,0.87339,0.31497,0.92205,0.27675,0.98665,0.24172,1,0.0177,1,0.01789,0.85957,0.11149,0.78047,0.31516,0.71808,0.48198,0.57693,0.51942,0.52618,0.59231,0.21661,0.52768,0.18321,0.61194,0.07616],"triangles":[18,19,20,18,20,0,0,4,18,0,2,3,2,0,1,3,4,0,5,18,4,17,18,5,6,17,5,7,16,6,16,17,6,15,16,7,8,15,7,9,14,15,9,15,8,9,11,14,11,13,14,11,12,13,11,9,10],"vertices":[2,13,-7.5,-4.28,0.01633,3,-1.81,8.25,0.98367,2,13,-10.1,4.46,0.62163,3,7.31,8.25,0.37837,2,13,-5.51,8.81,0.92601,3,10.17,2.61,0.07399,2,13,-2.54,10.34,0.99203,3,10.79,-0.68,0.00797,1,13,1.45,11.53,1,1,13,14.66,11.11,1,2,14,-3.56,6.47,0.05541,13,33.03,7.31,0.94459,2,14,3,9.11,0.16558,13,39.78,5.2,0.83442,2,14,20.47,6.74,0.99848,13,51.83,-7.66,0.00152,1,14,25.72,6.93,1,1,14,29.75,9.19,1,1,14,31.8,8.83,1,1,14,41.79,2.02,1,1,14,36.72,-5.41,1,1,14,29.7,-6.74,1,1,14,18.36,-3.85,1,2,14,5.83,-6.24,0.97663,13,32.28,-8.48,0.02337,2,14,2.33,-7.79,0.71692,13,28.59,-7.47,0.28308,2,13,8.48,-9.35,0.45526,3,-11.23,-5.61,0.54474,2,13,7.42,-13.31,0.21986,3,-14.72,-3.48,0.78014,2,13,-0.44,-10.9,0.01588,3,-10.17,3.37,0.98412],"edges":[0,40,0,2,2,4,4,6,6,8,8,10,10,12,12,14,14,16,16,18,18,20,20,22,22,24,24,26,26,28,28,30,30,32,32,34,34,36,36,38,38,40]}},"mt":{"mt":{"y":0.5,"width":94,"height":121}},"nan_tou":{"nan_tou":{"x":2.71,"y":20.23,"width":45,"height":47}},"nv_st":{"nv_st":{"type":"mesh","hull":40,"width":74,"height":127,"uvs":[0.43216,0.00757,0.4599,0.02295,0.47337,0.06363,0.47326,0.17339,0.45391,0.21936,0.32448,0.25319,0.43839,0.4283,0.32593,0.51642,0.3262,0.57683,0.32643,0.62961,0.76844,0.62959,0.87364,0.64187,0.89379,0.72248,0.81177,0.87417,0.81269,0.90948,0.91984,0.95722,0.91901,0.9899,0.8013,1,0.78315,1,0.71522,0.99228,0.60747,0.99286,0.67509,0.75945,0.61151,0.77359,0.52806,0.79214,0.46412,0.80635,0.39208,0.81696,0.30962,0.82911,0.23251,0.82103,0.15079,0.81248,0.12745,0.79885,0.08551,0.77437,0.05336,0.7556,0.01321,0.66214,0.01325,0.58927,0.01329,0.53349,0.01334,0.44791,0.07176,0.27904,0.14895,0.22105,0.21347,0.05526,0.29852,0.00758,0.28666,0.49373,0.35553,0.46507,0.35412,0.44377,0.36677,0.39955,0.33023,0.38072,0.30915,0.42494,0.2951,0.44623,0.08935,0.61602,0.0869,0.57692,0.09068,0.50451,0.12798,0.4538,0.15284,0.38571,0.2523,0.47481,0.20495,0.56385,0.221,0.62753,0.1006,0.69069,0.2464,0.51606,0.28298,0.6043,0.2803,0.56312,0.29233,0.52623],"triangles":[58,59,8,59,7,8,53,56,58,58,56,59,56,40,59,59,40,7,7,41,6,7,40,41,56,52,40,56,50,52,40,46,41,40,52,46,46,52,51,46,42,41,41,42,6,52,50,51,46,45,42,46,51,45,42,43,6,42,45,43,45,44,43,45,51,44,5,6,43,5,43,44,35,36,51,51,36,5,51,5,44,5,36,37,37,38,5,5,38,4,4,38,2,2,38,39,3,4,2,0,2,39,1,2,0,48,34,49,53,49,56,34,35,49,49,50,56,49,35,50,50,35,51,30,31,55,31,32,55,32,47,55,55,47,54,32,33,47,47,53,54,57,53,58,57,54,53,33,48,47,47,48,53,57,58,8,33,34,48,48,49,53,16,17,15,15,17,18,14,19,20,14,15,18,14,18,19,20,21,13,14,20,13,11,12,10,12,13,21,12,21,10,25,26,9,9,26,27,24,25,9,27,54,9,54,27,55,54,57,9,27,29,55,24,9,23,30,55,29,27,28,29,23,9,22,21,22,10,10,22,9,57,8,9],"vertices":[1,9,46.9,-9.72,1,1,9,45.26,-12.03,1,1,9,40.29,-13.76,1,1,9,26.5,-15.76,1,1,9,20.51,-15.19,1,3,8,37.8,-5.03,0.05586,9,14.88,-6.33,0.9367,28,8.4,23.45,0.00743,2,8,17.66,-17.68,0.02736,28,12.81,0.08,0.97264,5,15,12.91,23.84,0.01024,7,23.57,-12.6,0.18743,8,5.05,-11.72,0.1839,6,11.02,24.53,0.00402,28,2.66,-9.49,0.6144,5,15,12.17,16.23,0.29989,7,15.89,-12.26,0.28444,8,-2.48,-13.27,0.0868,6,11.06,16.85,0.02978,28,1.35,-17.06,0.29909,5,15,11.62,9.52,0.55293,7,9.21,-11.95,0.36918,8,-9.04,-14.59,0.00197,6,11.06,10.16,0.05228,28,0.21,-23.68,0.02364,2,15,44.19,6.5,0.95333,16,-5.79,-3.44,0.04667,2,15,51.79,4.22,0.40062,16,-5.62,4.49,0.59938,1,16,4.2,7.76,1,2,16,24.23,5.16,0.92789,18,4.34,10.27,0.07211,2,16,28.63,6.01,0.50951,18,5.55,5.95,0.49049,1,18,14.76,2.1,1,1,18,15.76,-1.93,1,1,18,7.66,-5.39,1,2,16,40.33,5.88,0.00252,18,6.36,-5.73,0.99748,2,16,40.25,0.75,0.19477,18,1.25,-6.06,0.80523,2,16,41.72,-7.08,0.58314,18,-6.44,-8.16,0.41686,2,15,35.78,-9.28,0.44326,16,11.66,-7.35,0.55674,3,15,30.92,-10.63,0.60764,16,14.27,-11.65,0.38938,6,32.12,-8.25,0.00298,3,15,24.56,-12.41,0.82336,16,17.69,-17.3,0.16975,6,25.94,-10.59,0.00689,3,15,19.68,-13.77,0.98868,16,20.26,-21.68,0.00144,6,21.25,-12.29,0.00988,3,15,14.26,-14.62,0.93873,16,22.57,-26.64,0.00077,6,15.87,-13.7,0.0605,2,15,8.03,-15.59,0.88157,6,9.82,-15.18,0.11843,3,15,2.46,-14.04,0.78068,7,-14.75,-3.79,0.00848,6,4.07,-14.17,0.21084,3,15,-3.47,-12.4,0.67377,7,-13.37,2.15,0.01746,6,-1.94,-13.07,0.30877,3,15,-5.02,-10.53,0.60637,7,-11.55,3.82,0.10742,6,-3.69,-11.33,0.2862,3,15,-7.82,-7.15,0.48527,7,-8.29,6.76,0.26908,6,-6.78,-8.21,0.24565,3,15,-9.98,-4.54,0.39242,7,-5.81,9.01,0.39302,6,-9.15,-5.84,0.21456,4,15,-11.84,7.56,0.02357,7,6.19,11.4,0.97594,8,-17.65,7.32,0.00032,6,-12.12,6.03,0.00016,5,15,-11.05,16.72,0.01555,7,15.44,10.95,0.64877,8,-8.58,9.14,0.28168,6,-12.11,15.28,0.00011,9,-30.67,10.31,0.05389,5,15,-10.43,23.78,0.00942,7,22.51,10.61,0.3983,8,-1.63,10.53,0.49707,6,-12.11,22.37,0.00006,9,-23.66,11.33,0.09514,3,7,33.37,10.09,0.01404,8,9.02,12.67,0.82753,9,-12.91,12.89,0.15843,1,9,8.94,11.7,1,1,9,17.05,7.11,1,1,9,38.57,5.42,1,1,9,45.47,0.07,1,5,15,10.28,26.98,0.00243,7,26.58,-9.84,0.08012,8,7.3,-8.31,0.21481,6,8.12,27.41,0.00154,28,0.31,-6.14,0.70109,5,15,15.7,30.13,0.00003,7,29.98,-15.1,0.01182,8,11.87,-12.59,0.00473,6,13.22,31.05,0.00021,28,5.96,-3.45,0.98321,3,7,32.68,-15.13,0.00101,6,13.11,33.76,0.00002,28,6.33,-0.77,0.99898,2,8,20.2,-11.76,0.24554,28,8.23,4.6,0.75446,3,8,22.01,-8.64,0.4919,9,-1.09,-9.09,0.00825,28,5.99,7.43,0.49985,2,8,16.19,-8.22,0.13653,28,3.47,2.17,0.86347,3,7,32.58,-10.75,0.00073,6,8.74,33.45,0.00001,28,1.97,-0.31,0.99926,6,15,-5.74,12.83,0.14801,7,11.77,5.49,0.65693,8,-10.81,2.94,0.14826,6,-6.48,11.88,0.0128,9,-33.23,4.24,0.02826,28,-16.78,-18.89,0.00575,6,15,-5.48,17.8,0.08883,7,16.74,5.43,0.51344,8,-5.97,4.1,0.26472,6,-6.66,16.85,0.00759,9,-28.34,5.14,0.04615,28,-16.09,-13.97,0.07927,6,15,-4.4,26.94,0.00549,7,25.91,4.71,0.22866,8,3.1,5.64,0.48562,6,-6.38,26.05,0.00047,9,-19.2,6.19,0.08132,28,-14.21,-4.96,0.19844,6,15,-1.08,33.11,0.00063,7,32.21,1.65,0.03377,8,9.96,4.2,0.47761,6,-3.62,32.49,0.00006,9,-12.43,4.39,0.0901,28,-10.37,0.9,0.39783,6,15,1.52,41.56,0.00031,7,40.76,-0.61,0.01654,8,18.8,4.1,0.33585,6,-1.78,41.13,0.00003,9,-3.6,3.81,0.34885,28,-7.05,9.09,0.29842,6,15,7.85,29.64,0.00152,7,29.11,-7.41,0.05314,8,9.16,-5.34,0.23014,6,5.58,29.82,0.00089,9,-13.74,-5.1,0.0205,28,-1.78,-3.33,0.69381,6,15,3.37,18.68,0.17735,7,17.97,-3.38,0.34987,8,-2.63,-4.14,0.21721,6,2.08,18.5,0.01719,9,-25.44,-3.27,0.02984,28,-7.2,-13.86,0.20853,6,15,3.84,10.51,0.38146,7,9.83,-4.18,0.48733,8,-10.33,-6.91,0.06326,6,3.28,10.41,0.04056,9,-33.28,-5.62,0.01185,28,-7.43,-22.04,0.01555,6,15,-5.75,3.32,0.3031,7,2.26,5.12,0.56016,8,-19.93,0.26,0.02142,6,-5.65,2.4,0.10608,9,-42.49,2.06,0.004,28,-17.62,-28.37,0.00525,6,15,6.96,24.46,0.06982,7,23.89,-6.73,0.17759,8,3.93,-5.95,0.21961,6,5.14,24.58,0.00743,9,-18.99,-5.43,0.01671,28,-3.12,-8.42,0.50884,6,15,8.67,13.04,0.36518,7,12.55,-8.91,0.37848,8,-6.53,-10.83,0.06648,6,7.86,13.36,0.03703,9,-29.7,-9.74,0.00487,28,-2.4,-19.94,0.14795,6,15,8.93,18.27,0.22833,7,17.79,-8.95,0.28394,8,-1.44,-9.59,0.14408,6,7.66,18.59,0.02264,9,-24.55,-8.78,0.0108,28,-1.69,-14.75,0.3102,6,15,10.23,22.87,0.07445,7,22.44,-10.06,0.20496,8,3.34,-9.54,0.18618,6,8.54,23.28,0.009,9,-19.78,-8.98,0.00732,28,0,-10.28,0.51809],"edges":[0,78,0,2,2,4,4,6,6,8,8,10,10,12,12,14,18,20,20,22,22,24,24,26,26,28,28,30,30,32,32,34,34,36,36,38,38,40,40,42,62,64,70,72,72,74,74,76,76,78,52,54,54,56,48,50,50,52,56,58,58,60,60,62,46,48,42,44,44,46,14,16,16,18,64,66,66,68,68,70]}},"zs":{"zs":{"x":10.64,"y":-2.8,"width":34,"height":22}}}}],"events":{"plug_into":{},"shoot_sperm":{}},"animations":{"animation":{"slots":{"nv_lian":{"color":[{"color":"ffffffff"},{"time":0.6667,"color":"ffffff00"},{"time":1.5333,"color":"ffffffff"}]}},"bones":{"nan_st":{"translate":[{},{"time":0.3,"x":3.14},{"time":0.7667},{"time":1.0667,"x":3.14},{"time":1.5333}]},"nan_jiao":{"translate":[{},{"time":0.3,"x":3.55,"y":-1.11},{"time":0.7667},{"time":1.0667,"x":3.55,"y":-1.11},{"time":1.5333}]},"nv_st":{"translate":[{"x":0.06,"y":-3.29},{"time":0.3,"x":14.78,"y":1.45},{"time":0.7667,"x":0.06,"y":-3.29},{"time":1.0667,"x":14.78,"y":1.45},{"time":1.5333,"x":0.06,"y":-3.29}]},"nv_st2":{"rotate":[{},{"time":0.3,"angle":-18.57},{"time":0.7667},{"time":1.0667,"angle":-18.57},{"time":1.5333}]},"nv_st3":{"rotate":[{},{"time":0.3,"angle":48.9},{"time":0.7667},{"time":1.0667,"angle":48.9},{"time":1.5333}],"translate":[{},{"time":0.3,"x":3.07,"y":0.87},{"time":0.7667},{"time":1.0667,"x":3.07,"y":0.87},{"time":1.5333}]},"nv_shoubi":{"rotate":[{"angle":-8.33}],"translate":[{},{"time":0.3333,"x":-2.59,"y":-2.14},{"time":0.7667},{"time":1.1,"x":-2.59,"y":-2.14},{"time":1.5333}]},"nv_shou":{"rotate":[{"angle":9.83}]},"nv_st4":{"rotate":[{"angle":-0.24}]},"nv_st5":{"rotate":[{"angle":-0.12}]},"nan_st6":{"rotate":[{},{"time":0.3,"angle":-6.28},{"time":0.7667},{"time":1.0667,"angle":-6.28},{"time":1.5333}]},"nv_toufa3":{"rotate":[{},{"time":0.2,"angle":-15.9},{"time":0.7667},{"time":0.9667,"angle":-15.9},{"time":1.5333}]},"nv_toufa4":{"rotate":[{"angle":15.53},{"time":0.3,"angle":-10.33},{"time":0.7667,"angle":15.53},{"time":1.0667,"angle":-10.33},{"time":1.5333,"angle":15.53}]},"nv_st7":{"rotate":[{},{"time":0.2,"angle":-27.29},{"time":0.4333,"angle":6.31},{"time":0.7667},{"time":0.9667,"angle":-27.29},{"time":1.2,"angle":6.31},{"time":1.5333}],"scale":[{"x":1.329},{"time":0.2,"curve":"stepped"},{"time":0.4333},{"time":0.7667,"x":1.329},{"time":0.9667,"curve":"stepped"},{"time":1.2},{"time":1.5333,"x":1.329}]},"nv_st8":{"rotate":[{},{"time":0.3,"angle":-20.33},{"time":0.7667},{"time":1.0667,"angle":-20.33},{"time":1.5333}],"translate":[{},{"time":0.3,"x":-1.45,"y":-1.58},{"time":0.7667},{"time":1.0667,"x":-1.45,"y":-1.58},{"time":1.5333}]},"target3":{"translate":[{},{"time":0.3,"x":7.84,"y":6.22},{"time":0.4333,"x":5.48,"y":7.7},{"time":0.7667},{"time":1.0667,"x":7.84,"y":6.22},{"time":1.2,"x":5.48,"y":7.7},{"time":1.5333}]},"nan_tou":{"rotate":[{"angle":4.12},{"time":0.3333,"angle":-5.32},{"time":0.7667,"angle":4.12},{"time":1.1667,"angle":-5.32},{"time":1.5333,"angle":4.12}],"translate":[{"x":0.04,"y":0.98},{"time":0.3333,"x":0.19,"y":1.83},{"time":0.7667,"x":0.04,"y":0.98},{"time":1.1667,"x":0.19,"y":1.83},{"time":1.5333,"x":0.04,"y":0.98}]},"nv_zt":{"translate":[{},{"time":0.3,"x":-4.44},{"time":0.7667},{"time":1.0667,"x":-4.44},{"time":1.5333}]}},"deform":{"default":{"nv_st":{"nv_st":[{},{"time":0.3,"offset":96,"vertices":[-1.1757,2.0016,-1.21958,-1.97538,-1.27485,1.93999,-1.1757,2.0016,-1.21958,-1.97538,-1.27485,1.93999,-1.1757,2.0016,-1.21958,-1.97538,-1.27485,1.93999,-1.1757,2.0016,-1.27485,1.93999,-1.1757,2.0016,1.82178,1.4388,-1.27485,1.93999,-1.1757,2.0016,1.82178,1.4388,-1.27485,1.93999,-1.1757,2.0016,1.82178,1.4388,-1.27485,1.93999,0,0,0,0,0,0,0,0,0,0,0,0,0,0,0,0,0,0,0,0,-2.03213,-0.17889,-0.55577,1.96282,0.66305,1.92928,-2.04,0,0.06122,2.03909,-2.03213,-0.17889,-0.55577,1.96282,0.66305,1.92928,-2.04,0,0.06122,2.03909,0.9058,-1.30408,0.30428,-1.55841,0.53315,-1.49564]},{"time":0.4333,"offset":96,"vertices":[-0.04816,0.97357,-0.83821,-0.49805,-0.097,0.96999,-0.04816,0.97357,-0.83821,-0.49805,-0.097,0.96999,-0.04816,0.97357,-0.83821,-0.49805,-0.097,0.96999,-0.04816,0.97357,-0.097,0.96999,-0.04816,0.97357,0.95796,0.18103,-0.097,0.96999,-0.04816,0.97357,0.95796,0.18103,-0.097,0.96999,-0.04816,0.97357,0.95796,0.18103,-0.097,0.96999]},{"time":0.7667},{"time":1.0667,"offset":96,"vertices":[-1.1757,2.0016,-1.21958,-1.97538,-1.27485,1.93999,-1.1757,2.0016,-1.21958,-1.97538,-1.27485,1.93999,-1.1757,2.0016,-1.21958,-1.97538,-1.27485,1.93999,-1.1757,2.0016,-1.27485,1.93999,-1.1757,2.0016,1.82178,1.4388,-1.27485,1.93999,-1.1757,2.0016,1.82178,1.4388,-1.27485,1.93999,-1.1757,2.0016,1.82178,1.4388,-1.27485,1.93999,0,0,0,0,0,0,0,0,0,0,0,0,0,0,0,0,0,0,0,0,-2.03213,-0.17889,-0.55577,1.96282,0.66305,1.92928,-2.04,0,0.06122,2.03909,-2.03213,-0.17889,-0.55577,1.96282,0.66305,1.92928,-2.04,0,0.06122,2.03909,0.9058,-1.30408,0.30428,-1.55841,0.53315,-1.49564]},{"time":1.2,"offset":96,"vertices":[-0.04816,0.97357,-0.83821,-0.49805,-0.097,0.96999,-0.04816,0.97357,-0.83821,-0.49805,-0.097,0.96999,-0.04816,0.97357,-0.83821,-0.49805,-0.097,0.96999,-0.04816,0.97357,-0.097,0.96999,-0.04816,0.97357,0.95796,0.18103,-0.097,0.96999,-0.04816,0.97357,0.95796,0.18103,-0.097,0.96999,-0.04816,0.97357,0.95796,0.18103,-0.097,0.96999]},{"time":1.5333}]},"nan_st":{"nan_st":[{},{"time":0.2,"offset":70,"vertices":[-5.86005,2.76653,6.45698,-0.05,1.43866,-6.29494]},{"time":0.4333,"offset":70,"vertices":[-4.6437,0.84649,4.543,1.12901,2.14506,-4.16087]},{"time":0.7667},{"time":0.9667,"offset":70,"vertices":[-5.86005,2.76653,6.45698,-0.05,1.43866,-6.29494]},{"time":1.2,"offset":70,"vertices":[-4.6437,0.84649,4.543,1.12901,2.14506,-4.16087]},{"time":1.5333}]}}},"events":[{"time":0.3,"name":"plug_into"},{"time":1.0667,"name":"plug_into"}]},"duang":{"slots":{"ps":{"attachment":[{"time":0.4333,"name":"s1"},{"time":0.5,"name":"s2"},{"time":0.5667,"name":"s3"},{"time":0.6333,"name":"s4"},{"time":0.7,"name":null},{"time":1.1,"name":"s1"},{"time":1.1667,"name":"s2"},{"time":1.2333,"name":"s3"},{"time":1.3,"name":"s4"},{"time":1.3667,"name":null},{"time":1.8,"name":"s1"},{"time":1.8667,"name":"s2"},{"time":1.9333,"name":"s3"},{"time":2,"name":"s4"},{"time":2.0667,"name":null}]},"nv_lian":{"color":[{"color":"ffffffff"},{"time":0.2667,"color":"ffffff00"}]}},"bones":{"nan_st":{"translate":[{},{"time":0.1,"x":3.14},{"time":0.3},{"time":0.4,"x":3.14},{"time":0.4333,"x":2.77},{"time":0.4667,"x":3.51},{"time":0.5,"x":2.21},{"time":0.5333,"x":2.95},{"time":0.5667,"x":2.02},{"time":0.6,"x":3.14,"curve":"stepped"},{"time":0.6333,"x":3.14},{"time":0.6667,"x":2.77},{"time":0.7,"x":3.51},{"time":0.7333,"x":2.21},{"time":0.7667,"x":2.95},{"time":0.8,"x":2.02},{"time":0.8333,"x":3.14,"curve":"stepped"},{"time":0.8667,"x":3.14},{"time":0.9,"x":2.77},{"time":0.9333,"x":3.51},{"time":0.9667,"x":2.21},{"time":1,"x":2.95},{"time":1.0333,"x":2.02},{"time":1.0667,"x":3.14,"curve":"stepped"},{"time":1.1,"x":3.14},{"time":1.1333,"x":2.77},{"time":1.1667,"x":3.51},{"time":1.2,"x":2.21},{"time":1.2667,"x":3.14},{"time":1.3,"x":2.77},{"time":1.3333,"x":3.51},{"time":1.3667,"x":2.21},{"time":1.4,"x":2.95},{"time":1.4333,"x":2.02},{"time":1.4667,"x":3.14,"curve":"stepped"},{"time":1.5,"x":3.14},{"time":1.5333,"x":2.77},{"time":1.5667,"x":3.51},{"time":1.6,"x":2.21},{"time":1.6333,"x":2.95},{"time":1.6667,"x":2.02},{"time":1.7,"x":3.14,"curve":"stepped"},{"time":1.7333,"x":3.14},{"time":1.7667,"x":2.77},{"time":1.8,"x":3.51},{"time":1.8333,"x":2.21},{"time":1.8667,"x":2.95},{"time":1.9,"x":2.02},{"time":1.9333,"x":3.14,"curve":"stepped"},{"time":1.9667,"x":3.14},{"time":2,"x":2.77},{"time":2.0333,"x":3.51},{"time":2.0667,"x":2.21}]},"nan_jiao":{"translate":[{},{"time":0.1,"x":3.55,"y":-1.11},{"time":0.3},{"time":0.4,"x":3.55,"y":-1.11}]},"nv_st":{"translate":[{"x":0.06,"y":-3.29},{"time":0.1,"x":14.78,"y":1.45},{"time":0.3,"x":0.06,"y":-3.29},{"time":0.4,"x":14.78,"y":1.45},{"time":0.4333,"x":15.02,"y":1.69},{"time":0.4667,"x":14.54,"y":1.81},{"time":0.5,"x":14.54,"y":1.45},{"time":0.5333,"x":14.54,"y":0.73},{"time":0.5667,"x":15.28,"y":0.73},{"time":0.6,"x":15.66,"y":0.65},{"time":0.6333,"x":15.36,"y":0.73},{"time":0.6667,"x":14.78,"y":1.45},{"time":0.7,"x":15.02,"y":1.69},{"time":0.7333,"x":14.54,"y":1.81},{"time":0.7667,"x":14.54,"y":1.45},{"time":0.8,"x":14.54,"y":0.73},{"time":0.8333,"x":15.28,"y":0.73},{"time":0.8667,"x":15.66,"y":0.65},{"time":0.9,"x":15.36,"y":0.73},{"time":0.9333,"x":14.78,"y":1.45},{"time":0.9667,"x":15.02,"y":1.69},{"time":1,"x":14.54,"y":1.81},{"time":1.0333,"x":14.54,"y":1.45},{"time":1.0667,"x":14.54,"y":0.73},{"time":1.1,"x":15.28,"y":0.73},{"time":1.1333,"x":15.66,"y":0.65},{"time":1.1667,"x":15.36,"y":0.73},{"time":1.2,"x":15.81,"y":0.88},{"time":1.2667,"x":14.78,"y":1.45},{"time":1.3,"x":15.02,"y":1.69},{"time":1.3333,"x":14.54,"y":1.81},{"time":1.3667,"x":14.54,"y":1.45},{"time":1.4,"x":14.54,"y":0.73},{"time":1.4333,"x":15.28,"y":0.73},{"time":1.4667,"x":15.66,"y":0.65},{"time":1.5,"x":15.36,"y":0.73},{"time":1.5333,"x":14.78,"y":1.45},{"time":1.5667,"x":15.02,"y":1.69},{"time":1.6,"x":14.54,"y":1.81},{"time":1.6333,"x":14.54,"y":1.45},{"time":1.6667,"x":14.54,"y":0.73},{"time":1.7,"x":15.28,"y":0.73},{"time":1.7333,"x":15.66,"y":0.65},{"time":1.7667,"x":15.36,"y":0.73},{"time":1.8,"x":14.78,"y":1.45},{"time":1.8333,"x":15.02,"y":1.69},{"time":1.8667,"x":14.54,"y":1.81},{"time":1.9,"x":14.54,"y":1.45},{"time":1.9333,"x":14.54,"y":0.73},{"time":1.9667,"x":15.28,"y":0.73},{"time":2,"x":15.66,"y":0.65},{"time":2.0333,"x":15.36,"y":0.73},{"time":2.0667,"x":15.81,"y":0.88}]},"nv_st2":{"rotate":[{},{"time":0.1,"angle":-18.57},{"time":0.3},{"time":0.4,"angle":-18.57}]},"nv_st3":{"rotate":[{},{"time":0.1,"angle":48.9},{"time":0.3},{"time":0.4,"angle":48.9}],"translate":[{},{"time":0.1,"x":3.07,"y":0.87},{"time":0.3},{"time":0.4,"x":3.07,"y":0.87}]},"nv_shoubi":{"rotate":[{"angle":-8.33}],"translate":[{},{"time":0.1333,"x":-2.59,"y":-2.14},{"time":0.3}]},"nv_shou":{"rotate":[{"angle":9.83}]},"nv_st4":{"rotate":[{"angle":-0.24}],"translate":[{"time":0.3},{"time":0.3333,"x":1.17},{"time":0.3667,"x":-0.13},{"time":0.4,"x":2.47},{"time":0.4333,"x":0.91,"y":-0.65},{"time":0.4667,"x":0.91,"y":-0.39},{"time":0.5,"x":0.91,"y":-0.78},{"time":0.5333,"x":2.08,"y":-0.78},{"time":0.5667,"x":-1.69,"y":-0.78},{"time":0.6,"x":-2.58,"y":-0.78},{"time":0.6333,"x":-1.69,"y":-0.78},{"time":0.6667,"x":-1.69,"y":-1.52},{"time":0.7,"x":-1.69,"y":-0.19},{"time":0.7333},{"time":0.7667,"x":1.17},{"time":0.8,"x":-0.13},{"time":0.8333,"x":2.47},{"time":0.8667,"x":0.91,"y":-0.65},{"time":0.9,"x":0.91,"y":-0.39},{"time":0.9333,"x":0.91,"y":-0.78},{"time":0.9667,"x":2.08,"y":-0.78},{"time":1,"x":-1.69,"y":-0.78},{"time":1.0333,"x":-2.58,"y":-0.78},{"time":1.0667,"x":-1.69,"y":-0.78},{"time":1.1,"x":-1.69,"y":-1.52},{"time":1.1333,"x":-1.69,"y":-0.19},{"time":1.1667},{"time":1.2,"x":1.17},{"time":1.2333,"x":-0.13},{"time":1.2667,"x":2.47},{"time":1.3,"x":0.91,"y":-0.65},{"time":1.3333,"x":0.91,"y":-0.39},{"time":1.3667,"x":0.91,"y":-0.78},{"time":1.4,"x":2.08,"y":-0.78},{"time":1.4333,"x":-1.69,"y":-0.78},{"time":1.4667,"x":-2.58,"y":-0.78},{"time":1.5,"x":-1.69,"y":-0.78},{"time":1.5333,"x":-1.69,"y":-1.52},{"time":1.5667,"x":-1.69,"y":-0.19},{"time":1.6},{"time":1.6333,"x":1.17},{"time":1.6667,"x":-0.13},{"time":1.7,"x":2.47},{"time":1.7333,"x":0.91,"y":-0.65},{"time":1.7667,"x":0.91,"y":-0.39},{"time":1.8,"x":0.91,"y":-0.78},{"time":1.8333,"x":2.08,"y":-0.78},{"time":1.8667,"x":-1.69,"y":-0.78},{"time":1.9,"x":-2.58,"y":-0.78},{"time":1.9333,"x":-1.69,"y":-0.78},{"time":1.9667,"x":-1.69,"y":-1.52},{"time":2,"x":-1.69,"y":-0.19},{"time":2.0333},{"time":2.0667,"x":1.17}]},"nv_st5":{"rotate":[{"angle":-0.12}]},"nan_st6":{"rotate":[{},{"time":0.1,"angle":-6.28},{"time":0.3},{"time":0.4,"angle":-6.28}]},"nv_toufa2":{"rotate":[{"time":0.4},{"time":0.6,"angle":6.3},{"time":0.9,"angle":1.96},{"time":1.2,"curve":"stepped"},{"time":1.2667},{"time":1.4667,"angle":6.3},{"time":1.7667,"angle":1.96},{"time":2.0667}]},"nv_toufa3":{"rotate":[{},{"time":0.0667,"angle":-15.9},{"time":0.3},{"time":0.3667,"angle":-15.9},{"time":0.7,"angle":-6.44},{"time":1.0333,"angle":-16.95},{"time":1.2,"angle":-15.9,"curve":"stepped"},{"time":1.2333,"angle":-15.9},{"time":1.5667,"angle":-6.44},{"time":1.9,"angle":-16.95},{"time":2.0667,"angle":-15.9}]},"nv_toufa4":{"rotate":[{"angle":15.53},{"time":0.1,"angle":-10.33},{"time":0.3,"angle":15.53},{"time":0.4,"angle":-10.33},{"time":0.7667,"angle":9.15},{"time":1.0667,"angle":-10.6},{"time":1.2,"angle":-10.33,"curve":"stepped"},{"time":1.2667,"angle":-10.33},{"time":1.6333,"angle":9.15},{"time":1.9333,"angle":-10.6},{"time":2.0667,"angle":-10.33}]},"nv_st7":{"rotate":[{},{"time":0.0667,"angle":-27.29},{"time":0.1667,"angle":6.31},{"time":0.3},{"time":0.3667,"angle":-27.29}],"scale":[{"x":1.329},{"time":0.0667,"curve":"stepped"},{"time":0.1667},{"time":0.3,"x":1.329},{"time":0.3667}]},"nv_st8":{"rotate":[{},{"time":0.1,"angle":-20.33},{"time":0.3},{"time":0.4,"angle":-20.33}],"translate":[{},{"time":0.1,"x":-1.45,"y":-1.58},{"time":0.3},{"time":0.4,"x":-1.45,"y":-1.58}]},"target3":{"translate":[{},{"time":0.1,"x":7.84,"y":6.22},{"time":0.1667,"x":5.48,"y":7.7},{"time":0.3},{"time":0.4,"x":14.78,"y":1.45},{"time":0.4333,"x":15.02,"y":1.69},{"time":0.4667,"x":14.54,"y":1.81},{"time":0.5,"x":14.54,"y":1.45},{"time":0.5333,"x":14.54,"y":0.73},{"time":0.5667,"x":15.28,"y":0.73},{"time":0.6,"x":15.66,"y":0.65},{"time":0.6333,"x":15.36,"y":0.73},{"time":0.6667,"x":14.78,"y":1.45},{"time":0.7,"x":15.02,"y":1.69},{"time":0.7333,"x":14.54,"y":1.81},{"time":0.7667,"x":14.54,"y":1.45},{"time":0.8,"x":14.54,"y":0.73},{"time":0.8333,"x":15.28,"y":0.73},{"time":0.8667,"x":15.66,"y":0.65},{"time":0.9,"x":15.36,"y":0.73},{"time":0.9333,"x":14.78,"y":1.45},{"time":0.9667,"x":15.02,"y":1.69},{"time":1,"x":14.54,"y":1.81},{"time":1.0333,"x":14.54,"y":1.45},{"time":1.0667,"x":14.54,"y":0.73},{"time":1.1,"x":15.28,"y":0.73},{"time":1.1333,"x":15.66,"y":0.65},{"time":1.1667,"x":15.36,"y":0.73},{"time":1.2,"x":15.81,"y":0.88},{"time":1.2667,"x":14.78,"y":1.45},{"time":1.3,"x":15.02,"y":1.69},{"time":1.3333,"x":14.54,"y":1.81},{"time":1.3667,"x":14.54,"y":1.45},{"time":1.4,"x":14.54,"y":0.73},{"time":1.4333,"x":15.28,"y":0.73},{"time":1.4667,"x":15.66,"y":0.65},{"time":1.5,"x":15.36,"y":0.73},{"time":1.5333,"x":14.78,"y":1.45},{"time":1.5667,"x":15.02,"y":1.69},{"time":1.6,"x":14.54,"y":1.81},{"time":1.6333,"x":14.54,"y":1.45},{"time":1.6667,"x":14.54,"y":0.73},{"time":1.7,"x":15.28,"y":0.73},{"time":1.7333,"x":15.66,"y":0.65},{"time":1.7667,"x":15.36,"y":0.73},{"time":1.8,"x":14.78,"y":1.45},{"time":1.8333,"x":15.02,"y":1.69},{"time":1.8667,"x":14.54,"y":1.81},{"time":1.9,"x":14.54,"y":1.45},{"time":1.9333,"x":14.54,"y":0.73},{"time":1.9667,"x":15.28,"y":0.73},{"time":2,"x":15.66,"y":0.65},{"time":2.0333,"x":15.36,"y":0.73},{"time":2.0667,"x":15.81,"y":0.88}]},"nan_tou":{"rotate":[{"angle":4.12},{"time":0.1333,"angle":-5.32},{"time":0.3,"angle":4.12}],"translate":[{"x":0.04,"y":0.98},{"time":0.1333,"x":0.19,"y":1.83},{"time":0.3,"x":0.04,"y":0.98}]},"nv_zt":{"translate":[{},{"time":0.1,"x":-4.44},{"time":0.3},{"time":0.4,"x":-4.44}]}},"deform":{"default":{"nv_st":{"nv_st":[{},{"time":0.1,"offset":96,"vertices":[-1.1757,2.0016,-1.21958,-1.97538,-1.27485,1.93999,-1.1757,2.0016,-1.21958,-1.97538,-1.27485,1.93999,-1.1757,2.0016,-1.21958,-1.97538,-1.27485,1.93999,-1.1757,2.0016,-1.27485,1.93999,-1.1757,2.0016,1.82178,1.4388,-1.27485,1.93999,-1.1757,2.0016,1.82178,1.4388,-1.27485,1.93999,-1.1757,2.0016,1.82178,1.4388,-1.27485,1.93999,0,0,0,0,0,0,0,0,0,0,0,0,0,0,0,0,0,0,0,0,-2.03213,-0.17889,-0.55577,1.96282,0.66305,1.92928,-2.04,0,0.06122,2.03909,-2.03213,-0.17889,-0.55577,1.96282,0.66305,1.92928,-2.04,0,0.06122,2.03909,0.9058,-1.30408,0.30428,-1.55841,0.53315,-1.49564]},{"time":0.1667,"offset":96,"vertices":[-0.04816,0.97357,-0.83821,-0.49805,-0.097,0.96999,-0.04816,0.97357,-0.83821,-0.49805,-0.097,0.96999,-0.04816,0.97357,-0.83821,-0.49805,-0.097,0.96999,-0.04816,0.97357,-0.097,0.96999,-0.04816,0.97357,0.95796,0.18103,-0.097,0.96999,-0.04816,0.97357,0.95796,0.18103,-0.097,0.96999,-0.04816,0.97357,0.95796,0.18103,-0.097,0.96999]},{"time":0.3},{"time":0.4,"offset":96,"vertices":[-1.1757,2.0016,-1.21958,-1.97538,-1.27485,1.93999,-1.1757,2.0016,-1.21958,-1.97538,-1.27485,1.93999,-1.1757,2.0016,-1.21958,-1.97538,-1.27485,1.93999,-1.1757,2.0016,-1.27485,1.93999,-1.1757,2.0016,1.82178,1.4388,-1.27485,1.93999,-1.1757,2.0016,1.82178,1.4388,-1.27485,1.93999,-1.1757,2.0016,1.82178,1.4388,-1.27485,1.93999,0,0,0,0,0,0,0,0,0,0,0,0,0,0,0,0,0,0,0,0,-2.03213,-0.17889,-0.55577,1.96282,0.66305,1.92928,-2.04,0,0.06122,2.03909,-2.03213,-0.17889,-0.55577,1.96282,0.66305,1.92928,-2.04,0,0.06122,2.03909,0.9058,-1.30408,0.30428,-1.55841,0.53315,-1.49564]}]},"nan_st":{"nan_st":[{},{"time":0.0667,"offset":70,"vertices":[-5.86005,2.76653,6.45698,-0.05,1.43866,-6.29494]},{"time":0.1667,"offset":70,"vertices":[-4.6437,0.84649,4.543,1.12901,2.14506,-4.16087]},{"time":0.3},{"time":0.4,"offset":70,"vertices":[-5.86005,2.76653,6.45698,-0.05,1.43866,-6.29494]},{"time":0.4333,"offset":70,"vertices":[-6.70482,1.43329,6.69697,1.50999,3.012,-6.16914]},{"time":0.4667,"offset":70,"vertices":[-5.20033,2.47814,5.73697,-0.05,1.27283,-5.59431]},{"time":0.5,"offset":70,"vertices":[-5.75009,2.71848,6.33697,-0.05,1.41103,-6.17817]},{"time":0.5333,"offset":70,"vertices":[-4.71245,2.39584,5.25697,-0.17,1.04548,-5.15486]},{"time":0.5667,"offset":70,"vertices":[-5.80477,1.69468,5.97697,0.90999,2.2623,-5.60672]},{"time":0.6,"offset":70,"vertices":[-6.32028,2.31295,6.69697,0.54999,2.07784,-6.39029]},{"time":0.6333,"offset":70,"vertices":[-5.86005,2.76653,6.45698,-0.05,1.43866,-6.29494]},{"time":0.6667,"offset":70,"vertices":[-6.70482,1.43329,6.69697,1.50999,3.012,-6.16914]},{"time":0.7,"offset":70,"vertices":[-5.20033,2.47814,5.73697,-0.05,1.27283,-5.59431]},{"time":0.7333,"offset":70,"vertices":[-5.75009,2.71848,6.33697,-0.05,1.41103,-6.17817]},{"time":0.7667,"offset":70,"vertices":[-4.71245,2.39584,5.25697,-0.17,1.04548,-5.15486]},{"time":0.8,"offset":70,"vertices":[-5.80477,1.69468,5.97697,0.90999,2.2623,-5.60672]},{"time":0.8333,"offset":70,"vertices":[-6.32028,2.31295,6.69697,0.54999,2.07784,-6.39029]},{"time":0.8667,"offset":70,"vertices":[-5.86005,2.76653,6.45698,-0.05,1.43866,-6.29494]},{"time":0.9,"offset":70,"vertices":[-6.70482,1.43329,6.69697,1.50999,3.012,-6.16914]},{"time":0.9333,"offset":70,"vertices":[-5.20033,2.47814,5.73697,-0.05,1.27283,-5.59431]},{"time":0.9667,"offset":70,"vertices":[-5.75009,2.71848,6.33697,-0.05,1.41103,-6.17817]},{"time":1,"offset":70,"vertices":[-4.71245,2.39584,5.25697,-0.17,1.04548,-5.15486]},{"time":1.0333,"offset":70,"vertices":[-5.80477,1.69468,5.97697,0.90999,2.2623,-5.60672]},{"time":1.0667,"offset":70,"vertices":[-6.32028,2.31295,6.69697,0.54999,2.07784,-6.39029]},{"time":1.1,"offset":70,"vertices":[-5.86005,2.76653,6.45698,-0.05,1.43866,-6.29494]},{"time":1.1333,"offset":70,"vertices":[-6.70482,1.43329,6.69697,1.50999,3.012,-6.16914]},{"time":1.1667,"offset":70,"vertices":[-5.20033,2.47814,5.73697,-0.05,1.27283,-5.59431]},{"time":1.2,"offset":70,"vertices":[-5.75009,2.71848,6.33697,-0.05,1.41103,-6.17817]},{"time":1.2667,"offset":70,"vertices":[-5.86005,2.76653,6.45698,-0.05,1.43866,-6.29494]},{"time":1.3,"offset":70,"vertices":[-6.70482,1.43329,6.69697,1.50999,3.012,-6.16914]},{"time":1.3333,"offset":70,"vertices":[-5.20033,2.47814,5.73697,-0.05,1.27283,-5.59431]},{"time":1.3667,"offset":70,"vertices":[-5.75009,2.71848,6.33697,-0.05,1.41103,-6.17817]},{"time":1.4,"offset":70,"vertices":[-4.71245,2.39584,5.25697,-0.17,1.04548,-5.15486]},{"time":1.4333,"offset":70,"vertices":[-5.80477,1.69468,5.97697,0.90999,2.2623,-5.60672]},{"time":1.4667,"offset":70,"vertices":[-6.32028,2.31295,6.69697,0.54999,2.07784,-6.39029]},{"time":1.5,"offset":70,"vertices":[-5.86005,2.76653,6.45698,-0.05,1.43866,-6.29494]},{"time":1.5333,"offset":70,"vertices":[-6.70482,1.43329,6.69697,1.50999,3.012,-6.16914]},{"time":1.5667,"offset":70,"vertices":[-5.20033,2.47814,5.73697,-0.05,1.27283,-5.59431]},{"time":1.6,"offset":70,"vertices":[-5.75009,2.71848,6.33697,-0.05,1.41103,-6.17817]},{"time":1.6333,"offset":70,"vertices":[-4.71245,2.39584,5.25697,-0.17,1.04548,-5.15486]},{"time":1.6667,"offset":70,"vertices":[-5.80477,1.69468,5.97697,0.90999,2.2623,-5.60672]},{"time":1.7,"offset":70,"vertices":[-6.32028,2.31295,6.69697,0.54999,2.07784,-6.39029]},{"time":1.7333,"offset":70,"vertices":[-5.86005,2.76653,6.45698,-0.05,1.43866,-6.29494]},{"time":1.7667,"offset":70,"vertices":[-6.70482,1.43329,6.69697,1.50999,3.012,-6.16914]},{"time":1.8,"offset":70,"vertices":[-5.20033,2.47814,5.73697,-0.05,1.27283,-5.59431]},{"time":1.8333,"offset":70,"vertices":[-5.75009,2.71848,6.33697,-0.05,1.41103,-6.17817]},{"time":1.8667,"offset":70,"vertices":[-4.71245,2.39584,5.25697,-0.17,1.04548,-5.15486]},{"time":1.9,"offset":70,"vertices":[-5.80477,1.69468,5.97697,0.90999,2.2623,-5.60672]},{"time":1.9333,"offset":70,"vertices":[-6.32028,2.31295,6.69697,0.54999,2.07784,-6.39029]},{"time":1.9667,"offset":70,"vertices":[-5.86005,2.76653,6.45698,-0.05,1.43866,-6.29494]},{"time":2,"offset":70,"vertices":[-6.70482,1.43329,6.69697,1.50999,3.012,-6.16914]},{"time":2.0333,"offset":70,"vertices":[-5.20033,2.47814,5.73697,-0.05,1.27283,-5.59431]},{"time":2.0667,"offset":70,"vertices":[-5.75009,2.71848,6.33697,-0.05,1.41103,-6.17817]}]}}},"events":[{"time":0.1,"name":"plug_into"},{"time":0.4,"name":"plug_into"},{"time":0.4,"name":"shoot_sperm"},{"time":1.0667,"name":"shoot_sperm"},{"time":1.7667,"name":"shoot_sperm"}]},"shejing":{"slots":{"ps":{"attachment":[{"time":2.5333,"name":"s1"},{"time":2.6,"name":"s2"},{"time":2.6667,"name":"s3"},{"time":2.7333,"name":"s4"},{"time":2.8,"name":null},{"time":3.2,"name":"s1"},{"time":3.2667,"name":"s2"},{"time":3.3333,"name":"s3"},{"time":3.4,"name":"s4"},{"time":3.4667,"name":null},{"time":3.9,"name":"s1"},{"time":3.9667,"name":"s2"},{"time":4.0333,"name":"s3"},{"time":4.1,"name":"s4"},{"time":4.1667,"name":null}]},"nv_lian":{"color":[{"time":1.5333,"color":"ffffffff"},{"time":1.8,"color":"ffffff00"},{"time":2.1,"color":"ffffffff"},{"time":2.3667,"color":"ffffff00"}]}},"bones":{"nan_st":{"translate":[{},{"time":0.1667,"x":3.14},{"time":0.4},{"time":0.5667,"x":3.14},{"time":0.7667},{"time":0.9333,"x":3.14},{"time":1.1667},{"time":1.3,"x":3.14},{"time":1.5333},{"time":1.6333,"x":3.14},{"time":1.8333},{"time":1.9333,"x":3.14},{"time":2.1},{"time":2.2,"x":3.14},{"time":2.4},{"time":2.5,"x":3.14},{"time":2.5333,"x":2.77},{"time":2.5667,"x":3.51},{"time":2.6,"x":2.21},{"time":2.6333,"x":2.95},{"time":2.6667,"x":2.02},{"time":2.7,"x":3.14,"curve":"stepped"},{"time":2.7333,"x":3.14},{"time":2.7667,"x":2.77},{"time":2.8,"x":3.51},{"time":2.8333,"x":2.21},{"time":2.8667,"x":2.95},{"time":2.9,"x":2.02},{"time":2.9333,"x":3.14,"curve":"stepped"},{"time":2.9667,"x":3.14},{"time":3,"x":2.77},{"time":3.0333,"x":3.51},{"time":3.0667,"x":2.21},{"time":3.1,"x":2.95},{"time":3.1333,"x":2.02},{"time":3.1667,"x":3.14,"curve":"stepped"},{"time":3.2,"x":3.14},{"time":3.2333,"x":2.77},{"time":3.2667,"x":3.51},{"time":3.3,"x":2.21},{"time":3.3667,"x":3.14},{"time":3.4,"x":2.77},{"time":3.4333,"x":3.51},{"time":3.4667,"x":2.21},{"time":3.5,"x":2.95},{"time":3.5333,"x":2.02},{"time":3.5667,"x":3.14,"curve":"stepped"},{"time":3.6,"x":3.14},{"time":3.6333,"x":2.77},{"time":3.6667,"x":3.51},{"time":3.7,"x":2.21},{"time":3.7333,"x":2.95},{"time":3.7667,"x":2.02},{"time":3.8,"x":3.14,"curve":"stepped"},{"time":3.8333,"x":3.14},{"time":3.8667,"x":2.77},{"time":3.9,"x":3.51},{"time":3.9333,"x":2.21},{"time":3.9667,"x":2.95},{"time":4,"x":2.02},{"time":4.0333,"x":3.14,"curve":"stepped"},{"time":4.0667,"x":3.14},{"time":4.1,"x":2.77},{"time":4.1333,"x":3.51},{"time":4.1667,"x":2.21}]},"nan_jiao":{"translate":[{},{"time":0.1667,"x":3.55,"y":-1.11},{"time":0.4},{"time":0.5667,"x":3.55,"y":-1.11},{"time":0.7667},{"time":0.9333,"x":3.55,"y":-1.11},{"time":1.1667},{"time":1.3,"x":3.55,"y":-1.11},{"time":1.5333},{"time":1.6333,"x":3.55,"y":-1.11},{"time":1.8333},{"time":1.9333,"x":3.55,"y":-1.11},{"time":2.1},{"time":2.2,"x":3.55,"y":-1.11},{"time":2.4},{"time":2.5,"x":3.55,"y":-1.11}]},"nv_st":{"translate":[{"x":0.06,"y":-3.29},{"time":0.1667,"x":14.78,"y":1.45},{"time":0.4,"x":0.06,"y":-3.29},{"time":0.5667,"x":14.78,"y":1.45},{"time":0.7667,"x":0.06,"y":-3.29},{"time":0.9333,"x":14.78,"y":1.45},{"time":1.1667,"x":0.06,"y":-3.29},{"time":1.3,"x":14.78,"y":1.45},{"time":1.5333,"x":0.06,"y":-3.29},{"time":1.6333,"x":14.78,"y":1.45},{"time":1.8333,"x":0.06,"y":-3.29},{"time":1.9333,"x":14.78,"y":1.45},{"time":2.1,"x":0.06,"y":-3.29},{"time":2.2,"x":14.78,"y":1.45},{"time":2.4,"x":0.06,"y":-3.29},{"time":2.5,"x":14.78,"y":1.45},{"time":2.5333,"x":15.02,"y":1.69},{"time":2.5667,"x":14.54,"y":1.81},{"time":2.6,"x":14.54,"y":1.45},{"time":2.6333,"x":14.54,"y":0.73},{"time":2.6667,"x":15.28,"y":0.73},{"time":2.7,"x":15.66,"y":0.65},{"time":2.7333,"x":15.36,"y":0.73},{"time":2.7667,"x":14.78,"y":1.45},{"time":2.8,"x":15.02,"y":1.69},{"time":2.8333,"x":14.54,"y":1.81},{"time":2.8667,"x":14.54,"y":1.45},{"time":2.9,"x":14.54,"y":0.73},{"time":2.9333,"x":15.28,"y":0.73},{"time":2.9667,"x":15.66,"y":0.65},{"time":3,"x":15.36,"y":0.73},{"time":3.0333,"x":14.78,"y":1.45},{"time":3.0667,"x":15.02,"y":1.69},{"time":3.1,"x":14.54,"y":1.81},{"time":3.1333,"x":14.54,"y":1.45},{"time":3.1667,"x":14.54,"y":0.73},{"time":3.2,"x":15.28,"y":0.73},{"time":3.2333,"x":15.66,"y":0.65},{"time":3.2667,"x":15.36,"y":0.73},{"time":3.3,"x":15.81,"y":0.88},{"time":3.3667,"x":14.78,"y":1.45},{"time":3.4,"x":15.02,"y":1.69},{"time":3.4333,"x":14.54,"y":1.81},{"time":3.4667,"x":14.54,"y":1.45},{"time":3.5,"x":14.54,"y":0.73},{"time":3.5333,"x":15.28,"y":0.73},{"time":3.5667,"x":15.66,"y":0.65},{"time":3.6,"x":15.36,"y":0.73},{"time":3.6333,"x":14.78,"y":1.45},{"time":3.6667,"x":15.02,"y":1.69},{"time":3.7,"x":14.54,"y":1.81},{"time":3.7333,"x":14.54,"y":1.45},{"time":3.7667,"x":14.54,"y":0.73},{"time":3.8,"x":15.28,"y":0.73},{"time":3.8333,"x":15.66,"y":0.65},{"time":3.8667,"x":15.36,"y":0.73},{"time":3.9,"x":14.78,"y":1.45},{"time":3.9333,"x":15.02,"y":1.69},{"time":3.9667,"x":14.54,"y":1.81},{"time":4,"x":14.54,"y":1.45},{"time":4.0333,"x":14.54,"y":0.73},{"time":4.0667,"x":15.28,"y":0.73},{"time":4.1,"x":15.66,"y":0.65},{"time":4.1333,"x":15.36,"y":0.73},{"time":4.1667,"x":15.81,"y":0.88}]},"nv_st2":{"rotate":[{},{"time":0.1667,"angle":-18.57},{"time":0.4},{"time":0.5667,"angle":-18.57},{"time":0.7667},{"time":0.9333,"angle":-18.57},{"time":1.1667},{"time":1.3,"angle":-18.57},{"time":1.5333},{"time":1.6333,"angle":-18.57},{"time":1.8333},{"time":1.9333,"angle":-18.57},{"time":2.1},{"time":2.2,"angle":-18.57},{"time":2.4},{"time":2.5,"angle":-18.57}]},"nv_st3":{"rotate":[{},{"time":0.1667,"angle":48.9},{"time":0.4},{"time":0.5667,"angle":48.9},{"time":0.7667},{"time":0.9333,"angle":48.9},{"time":1.1667},{"time":1.3,"angle":48.9},{"time":1.5333},{"time":1.6333,"angle":48.9},{"time":1.8333},{"time":1.9333,"angle":48.9},{"time":2.1},{"time":2.2,"angle":48.9},{"time":2.4},{"time":2.5,"angle":48.9}],"translate":[{},{"time":0.1667,"x":3.07,"y":0.87},{"time":0.4},{"time":0.5667,"x":3.07,"y":0.87},{"time":0.7667},{"time":0.9333,"x":3.07,"y":0.87},{"time":1.1667},{"time":1.3,"x":3.07,"y":0.87},{"time":1.5333},{"time":1.6333,"x":3.07,"y":0.87},{"time":1.8333},{"time":1.9333,"x":3.07,"y":0.87},{"time":2.1},{"time":2.2,"x":3.07,"y":0.87},{"time":2.4},{"time":2.5,"x":3.07,"y":0.87}]},"nv_shoubi":{"rotate":[{"angle":-8.33}],"translate":[{},{"time":0.2,"x":-2.59,"y":-2.14},{"time":0.4},{"time":0.6,"x":-2.59,"y":-2.14},{"time":0.7667},{"time":0.9667,"x":-2.59,"y":-2.14},{"time":1.1667},{"time":1.3333,"x":-2.59,"y":-2.14},{"time":1.5333},{"time":1.6667,"x":-2.59,"y":-2.14},{"time":1.8333},{"time":1.9667,"x":-2.59,"y":-2.14},{"time":2.1},{"time":2.2333,"x":-2.59,"y":-2.14},{"time":2.4}]},"nv_shou":{"rotate":[{"angle":9.83}]},"nv_st4":{"rotate":[{"angle":-0.24}],"translate":[{"time":2.4},{"time":2.4333,"x":1.17},{"time":2.4667,"x":-0.13},{"time":2.5,"x":2.47},{"time":2.5333,"x":0.91,"y":-0.65},{"time":2.5667,"x":0.91,"y":-0.39},{"time":2.6,"x":0.91,"y":-0.78},{"time":2.6333,"x":2.08,"y":-0.78},{"time":2.6667,"x":-1.69,"y":-0.78},{"time":2.7,"x":-2.58,"y":-0.78},{"time":2.7333,"x":-1.69,"y":-0.78},{"time":2.7667,"x":-1.69,"y":-1.52},{"time":2.8,"x":-1.69,"y":-0.19},{"time":2.8333},{"time":2.8667,"x":1.17},{"time":2.9,"x":-0.13},{"time":2.9333,"x":2.47},{"time":2.9667,"x":0.91,"y":-0.65},{"time":3,"x":0.91,"y":-0.39},{"time":3.0333,"x":0.91,"y":-0.78},{"time":3.0667,"x":2.08,"y":-0.78},{"time":3.1,"x":-1.69,"y":-0.78},{"time":3.1333,"x":-2.58,"y":-0.78},{"time":3.1667,"x":-1.69,"y":-0.78},{"time":3.2,"x":-1.69,"y":-1.52},{"time":3.2333,"x":-1.69,"y":-0.19},{"time":3.2667},{"time":3.3,"x":1.17},{"time":3.3333,"x":-0.13},{"time":3.3667,"x":2.47},{"time":3.4,"x":0.91,"y":-0.65},{"time":3.4333,"x":0.91,"y":-0.39},{"time":3.4667,"x":0.91,"y":-0.78},{"time":3.5,"x":2.08,"y":-0.78},{"time":3.5333,"x":-1.69,"y":-0.78},{"time":3.5667,"x":-2.58,"y":-0.78},{"time":3.6,"x":-1.69,"y":-0.78},{"time":3.6333,"x":-1.69,"y":-1.52},{"time":3.6667,"x":-1.69,"y":-0.19},{"time":3.7},{"time":3.7333,"x":1.17},{"time":3.7667,"x":-0.13},{"time":3.8,"x":2.47},{"time":3.8333,"x":0.91,"y":-0.65},{"time":3.8667,"x":0.91,"y":-0.39},{"time":3.9,"x":0.91,"y":-0.78},{"time":3.9333,"x":2.08,"y":-0.78},{"time":3.9667,"x":-1.69,"y":-0.78},{"time":4,"x":-2.58,"y":-0.78},{"time":4.0333,"x":-1.69,"y":-0.78},{"time":4.0667,"x":-1.69,"y":-1.52},{"time":4.1,"x":-1.69,"y":-0.19},{"time":4.1333},{"time":4.1667,"x":1.17}]},"nv_st5":{"rotate":[{"angle":-0.12}]},"nan_st6":{"rotate":[{},{"time":0.1667,"angle":-6.28},{"time":0.4},{"time":0.5667,"angle":-6.28},{"time":0.7667},{"time":0.9333,"angle":-6.28},{"time":1.1667},{"time":1.3,"angle":-6.28},{"time":1.5333},{"time":1.6333,"angle":-6.28},{"time":1.8333},{"time":1.9333,"angle":-6.28},{"time":2.1},{"time":2.2,"angle":-6.28},{"time":2.4},{"time":2.5,"angle":-6.28}]},"nv_toufa2":{"rotate":[{"time":2.5},{"time":2.7,"angle":6.3},{"time":3,"angle":1.96},{"time":3.3,"curve":"stepped"},{"time":3.3667},{"time":3.5667,"angle":6.3},{"time":3.8667,"angle":1.96},{"time":4.1667}]},"nv_toufa3":{"rotate":[{},{"time":0.1,"angle":-15.9},{"time":0.4},{"time":0.5,"angle":-15.9},{"time":0.7667},{"time":0.8667,"angle":-15.9},{"time":1.1667},{"time":1.2667,"angle":-15.9},{"time":1.5333},{"time":1.6,"angle":-15.9},{"time":1.8333},{"time":1.9,"angle":-15.9},{"time":2.1},{"time":2.1667,"angle":-15.9},{"time":2.4},{"time":2.4667,"angle":-15.9},{"time":2.8,"angle":-6.44},{"time":3.1333,"angle":-16.95},{"time":3.3,"angle":-15.9,"curve":"stepped"},{"time":3.3333,"angle":-15.9},{"time":3.6667,"angle":-6.44},{"time":4,"angle":-16.95},{"time":4.1667,"angle":-15.9}]},"nv_toufa4":{"rotate":[{"angle":15.53},{"time":0.1667,"angle":-10.33},{"time":0.4,"angle":15.53},{"time":0.5667,"angle":-10.33},{"time":0.7667,"angle":15.53},{"time":0.9333,"angle":-10.33},{"time":1.1667,"angle":15.53},{"time":1.3,"angle":-10.33},{"time":1.5333,"angle":15.53},{"time":1.6333,"angle":-10.33},{"time":1.8333,"angle":15.53},{"time":1.9333,"angle":-10.33},{"time":2.1,"angle":15.53},{"time":2.2,"angle":-10.33},{"time":2.4,"angle":15.53},{"time":2.5,"angle":-10.33},{"time":2.8667,"angle":9.15},{"time":3.1667,"angle":-10.6},{"time":3.3,"angle":-10.33,"curve":"stepped"},{"time":3.3667,"angle":-10.33},{"time":3.7333,"angle":9.15},{"time":4.0333,"angle":-10.6},{"time":4.1667,"angle":-10.33}]},"nv_st7":{"rotate":[{},{"time":0.1,"angle":-27.29},{"time":0.2333,"angle":6.31},{"time":0.4},{"time":0.5,"angle":-27.29},{"time":0.6333,"angle":6.31},{"time":0.7667},{"time":0.8667,"angle":-27.29},{"time":1,"angle":6.31},{"time":1.1667},{"time":1.2667,"angle":-27.29},{"time":1.3667,"angle":6.31},{"time":1.5333},{"time":1.6,"angle":-27.29},{"time":1.7,"angle":6.31},{"time":1.8333},{"time":1.9,"angle":-27.29},{"time":1.9667,"angle":6.31},{"time":2.1},{"time":2.1667,"angle":-27.29},{"time":2.2667,"angle":6.31},{"time":2.4},{"time":2.4667,"angle":-27.29}],"scale":[{"x":1.329},{"time":0.1,"curve":"stepped"},{"time":0.2333},{"time":0.4,"x":1.329},{"time":0.5,"curve":"stepped"},{"time":0.6333},{"time":0.7667,"x":1.329},{"time":0.8667,"curve":"stepped"},{"time":1},{"time":1.1667,"x":1.329},{"time":1.2667,"curve":"stepped"},{"time":1.3667},{"time":1.5333,"x":1.329},{"time":1.6,"curve":"stepped"},{"time":1.7},{"time":1.8333,"x":1.329},{"time":1.9,"curve":"stepped"},{"time":1.9667},{"time":2.1,"x":1.329},{"time":2.1667,"curve":"stepped"},{"time":2.2667},{"time":2.4,"x":1.329},{"time":2.4667}]},"nv_st8":{"rotate":[{},{"time":0.1667,"angle":-20.33},{"time":0.4},{"time":0.5667,"angle":-20.33},{"time":0.7667},{"time":0.9333,"angle":-20.33},{"time":1.1667},{"time":1.3,"angle":-20.33},{"time":1.5333},{"time":1.6333,"angle":-20.33},{"time":1.8333},{"time":1.9333,"angle":-20.33},{"time":2.1},{"time":2.2,"angle":-20.33},{"time":2.4},{"time":2.5,"angle":-20.33}],"translate":[{},{"time":0.1667,"x":-1.45,"y":-1.58},{"time":0.4},{"time":0.5667,"x":-1.45,"y":-1.58},{"time":0.7667},{"time":0.9333,"x":-1.45,"y":-1.58},{"time":1.1667},{"time":1.3,"x":-1.45,"y":-1.58},{"time":1.5333},{"time":1.6333,"x":-1.45,"y":-1.58},{"time":1.8333},{"time":1.9333,"x":-1.45,"y":-1.58},{"time":2.1},{"time":2.2,"x":-1.45,"y":-1.58},{"time":2.4},{"time":2.5,"x":-1.45,"y":-1.58}]},"target3":{"translate":[{},{"time":0.1667,"x":7.84,"y":6.22},{"time":0.2333,"x":5.48,"y":7.7},{"time":0.4},{"time":0.5667,"x":7.84,"y":6.22},{"time":0.6333,"x":5.48,"y":7.7},{"time":0.7667},{"time":0.9333,"x":7.84,"y":6.22},{"time":1,"x":5.48,"y":7.7},{"time":1.1667},{"time":1.3,"x":7.84,"y":6.22},{"time":1.3667,"x":5.48,"y":7.7},{"time":1.5333},{"time":1.6333,"x":7.84,"y":6.22},{"time":1.7,"x":5.48,"y":7.7},{"time":1.8333},{"time":1.9333,"x":7.84,"y":6.22},{"time":1.9667,"x":5.48,"y":7.7},{"time":2.1},{"time":2.2,"x":7.84,"y":6.22},{"time":2.2667,"x":5.48,"y":7.7},{"time":2.4},{"time":2.5,"x":14.78,"y":1.45},{"time":2.5333,"x":15.02,"y":1.69},{"time":2.5667,"x":14.54,"y":1.81},{"time":2.6,"x":14.54,"y":1.45},{"time":2.6333,"x":14.54,"y":0.73},{"time":2.6667,"x":15.28,"y":0.73},{"time":2.7,"x":15.66,"y":0.65},{"time":2.7333,"x":15.36,"y":0.73},{"time":2.7667,"x":14.78,"y":1.45},{"time":2.8,"x":15.02,"y":1.69},{"time":2.8333,"x":14.54,"y":1.81},{"time":2.8667,"x":14.54,"y":1.45},{"time":2.9,"x":14.54,"y":0.73},{"time":2.9333,"x":15.28,"y":0.73},{"time":2.9667,"x":15.66,"y":0.65},{"time":3,"x":15.36,"y":0.73},{"time":3.0333,"x":14.78,"y":1.45},{"time":3.0667,"x":15.02,"y":1.69},{"time":3.1,"x":14.54,"y":1.81},{"time":3.1333,"x":14.54,"y":1.45},{"time":3.1667,"x":14.54,"y":0.73},{"time":3.2,"x":15.28,"y":0.73},{"time":3.2333,"x":15.66,"y":0.65},{"time":3.2667,"x":15.36,"y":0.73},{"time":3.3,"x":15.81,"y":0.88},{"time":3.3667,"x":14.78,"y":1.45},{"time":3.4,"x":15.02,"y":1.69},{"time":3.4333,"x":14.54,"y":1.81},{"time":3.4667,"x":14.54,"y":1.45},{"time":3.5,"x":14.54,"y":0.73},{"time":3.5333,"x":15.28,"y":0.73},{"time":3.5667,"x":15.66,"y":0.65},{"time":3.6,"x":15.36,"y":0.73},{"time":3.6333,"x":14.78,"y":1.45},{"time":3.6667,"x":15.02,"y":1.69},{"time":3.7,"x":14.54,"y":1.81},{"time":3.7333,"x":14.54,"y":1.45},{"time":3.7667,"x":14.54,"y":0.73},{"time":3.8,"x":15.28,"y":0.73},{"time":3.8333,"x":15.66,"y":0.65},{"time":3.8667,"x":15.36,"y":0.73},{"time":3.9,"x":14.78,"y":1.45},{"time":3.9333,"x":15.02,"y":1.69},{"time":3.9667,"x":14.54,"y":1.81},{"time":4,"x":14.54,"y":1.45},{"time":4.0333,"x":14.54,"y":0.73},{"time":4.0667,"x":15.28,"y":0.73},{"time":4.1,"x":15.66,"y":0.65},{"time":4.1333,"x":15.36,"y":0.73},{"time":4.1667,"x":15.81,"y":0.88}]},"nan_tou":{"rotate":[{"angle":4.12},{"time":0.2333,"angle":-5.32},{"time":0.4,"angle":4.12},{"time":0.6333,"angle":-5.32},{"time":0.7667,"angle":4.12},{"time":1,"angle":-5.32},{"time":1.1667,"angle":4.12},{"time":1.3667,"angle":-5.32},{"time":1.5333,"angle":4.12},{"time":1.6667,"angle":-5.32},{"time":1.8333,"angle":4.12},{"time":1.9667,"angle":-5.32},{"time":2.1,"angle":4.12},{"time":2.2333,"angle":-5.32},{"time":2.4,"angle":4.12}],"translate":[{"x":0.04,"y":0.98},{"time":0.2333,"x":0.19,"y":1.83},{"time":0.4,"x":0.04,"y":0.98},{"time":0.6333,"x":0.19,"y":1.83},{"time":0.7667,"x":0.04,"y":0.98},{"time":1,"x":0.19,"y":1.83},{"time":1.1667,"x":0.04,"y":0.98},{"time":1.3667,"x":0.19,"y":1.83},{"time":1.5333,"x":0.04,"y":0.98},{"time":1.6667,"x":0.19,"y":1.83},{"time":1.8333,"x":0.04,"y":0.98},{"time":1.9667,"x":0.19,"y":1.83},{"time":2.1,"x":0.04,"y":0.98},{"time":2.2333,"x":0.19,"y":1.83},{"time":2.4,"x":0.04,"y":0.98}]},"nv_zt":{"translate":[{},{"time":0.1667,"x":-4.44},{"time":0.4},{"time":0.5667,"x":-4.44},{"time":0.7667},{"time":0.9333,"x":-4.44},{"time":1.1667},{"time":1.3,"x":-4.44},{"time":1.5333},{"time":1.6333,"x":-4.44},{"time":1.8333},{"time":1.9333,"x":-4.44},{"time":2.1},{"time":2.2,"x":-4.44},{"time":2.4},{"time":2.5,"x":-4.44}]}},"deform":{"default":{"nv_st":{"nv_st":[{},{"time":0.1667,"offset":96,"vertices":[-1.1757,2.0016,-1.21958,-1.97538,-1.27485,1.93999,-1.1757,2.0016,-1.21958,-1.97538,-1.27485,1.93999,-1.1757,2.0016,-1.21958,-1.97538,-1.27485,1.93999,-1.1757,2.0016,-1.27485,1.93999,-1.1757,2.0016,1.82178,1.4388,-1.27485,1.93999,-1.1757,2.0016,1.82178,1.4388,-1.27485,1.93999,-1.1757,2.0016,1.82178,1.4388,-1.27485,1.93999,0,0,0,0,0,0,0,0,0,0,0,0,0,0,0,0,0,0,0,0,-2.03213,-0.17889,-0.55577,1.96282,0.66305,1.92928,-2.04,0,0.06122,2.03909,-2.03213,-0.17889,-0.55577,1.96282,0.66305,1.92928,-2.04,0,0.06122,2.03909,0.9058,-1.30408,0.30428,-1.55841,0.53315,-1.49564]},{"time":0.2333,"offset":96,"vertices":[-0.04816,0.97357,-0.83821,-0.49805,-0.097,0.96999,-0.04816,0.97357,-0.83821,-0.49805,-0.097,0.96999,-0.04816,0.97357,-0.83821,-0.49805,-0.097,0.96999,-0.04816,0.97357,-0.097,0.96999,-0.04816,0.97357,0.95796,0.18103,-0.097,0.96999,-0.04816,0.97357,0.95796,0.18103,-0.097,0.96999,-0.04816,0.97357,0.95796,0.18103,-0.097,0.96999]},{"time":0.4},{"time":0.5667,"offset":96,"vertices":[-1.1757,2.0016,-1.21958,-1.97538,-1.27485,1.93999,-1.1757,2.0016,-1.21958,-1.97538,-1.27485,1.93999,-1.1757,2.0016,-1.21958,-1.97538,-1.27485,1.93999,-1.1757,2.0016,-1.27485,1.93999,-1.1757,2.0016,1.82178,1.4388,-1.27485,1.93999,-1.1757,2.0016,1.82178,1.4388,-1.27485,1.93999,-1.1757,2.0016,1.82178,1.4388,-1.27485,1.93999,0,0,0,0,0,0,0,0,0,0,0,0,0,0,0,0,0,0,0,0,-2.03213,-0.17889,-0.55577,1.96282,0.66305,1.92928,-2.04,0,0.06122,2.03909,-2.03213,-0.17889,-0.55577,1.96282,0.66305,1.92928,-2.04,0,0.06122,2.03909,0.9058,-1.30408,0.30428,-1.55841,0.53315,-1.49564]},{"time":0.6333,"offset":96,"vertices":[-0.04816,0.97357,-0.83821,-0.49805,-0.097,0.96999,-0.04816,0.97357,-0.83821,-0.49805,-0.097,0.96999,-0.04816,0.97357,-0.83821,-0.49805,-0.097,0.96999,-0.04816,0.97357,-0.097,0.96999,-0.04816,0.97357,0.95796,0.18103,-0.097,0.96999,-0.04816,0.97357,0.95796,0.18103,-0.097,0.96999,-0.04816,0.97357,0.95796,0.18103,-0.097,0.96999]},{"time":0.7667},{"time":0.9333,"offset":96,"vertices":[-1.1757,2.0016,-1.21958,-1.97538,-1.27485,1.93999,-1.1757,2.0016,-1.21958,-1.97538,-1.27485,1.93999,-1.1757,2.0016,-1.21958,-1.97538,-1.27485,1.93999,-1.1757,2.0016,-1.27485,1.93999,-1.1757,2.0016,1.82178,1.4388,-1.27485,1.93999,-1.1757,2.0016,1.82178,1.4388,-1.27485,1.93999,-1.1757,2.0016,1.82178,1.4388,-1.27485,1.93999,0,0,0,0,0,0,0,0,0,0,0,0,0,0,0,0,0,0,0,0,-2.03213,-0.17889,-0.55577,1.96282,0.66305,1.92928,-2.04,0,0.06122,2.03909,-2.03213,-0.17889,-0.55577,1.96282,0.66305,1.92928,-2.04,0,0.06122,2.03909,0.9058,-1.30408,0.30428,-1.55841,0.53315,-1.49564]},{"time":1,"offset":96,"vertices":[-0.04816,0.97357,-0.83821,-0.49805,-0.097,0.96999,-0.04816,0.97357,-0.83821,-0.49805,-0.097,0.96999,-0.04816,0.97357,-0.83821,-0.49805,-0.097,0.96999,-0.04816,0.97357,-0.097,0.96999,-0.04816,0.97357,0.95796,0.18103,-0.097,0.96999,-0.04816,0.97357,0.95796,0.18103,-0.097,0.96999,-0.04816,0.97357,0.95796,0.18103,-0.097,0.96999]},{"time":1.1667},{"time":1.3,"offset":96,"vertices":[-1.1757,2.0016,-1.21958,-1.97538,-1.27485,1.93999,-1.1757,2.0016,-1.21958,-1.97538,-1.27485,1.93999,-1.1757,2.0016,-1.21958,-1.97538,-1.27485,1.93999,-1.1757,2.0016,-1.27485,1.93999,-1.1757,2.0016,1.82178,1.4388,-1.27485,1.93999,-1.1757,2.0016,1.82178,1.4388,-1.27485,1.93999,-1.1757,2.0016,1.82178,1.4388,-1.27485,1.93999,0,0,0,0,0,0,0,0,0,0,0,0,0,0,0,0,0,0,0,0,-2.03213,-0.17889,-0.55577,1.96282,0.66305,1.92928,-2.04,0,0.06122,2.03909,-2.03213,-0.17889,-0.55577,1.96282,0.66305,1.92928,-2.04,0,0.06122,2.03909,0.9058,-1.30408,0.30428,-1.55841,0.53315,-1.49564]},{"time":1.3667,"offset":96,"vertices":[-0.04816,0.97357,-0.83821,-0.49805,-0.097,0.96999,-0.04816,0.97357,-0.83821,-0.49805,-0.097,0.96999,-0.04816,0.97357,-0.83821,-0.49805,-0.097,0.96999,-0.04816,0.97357,-0.097,0.96999,-0.04816,0.97357,0.95796,0.18103,-0.097,0.96999,-0.04816,0.97357,0.95796,0.18103,-0.097,0.96999,-0.04816,0.97357,0.95796,0.18103,-0.097,0.96999]},{"time":1.5333},{"time":1.6333,"offset":96,"vertices":[-1.1757,2.0016,-1.21958,-1.97538,-1.27485,1.93999,-1.1757,2.0016,-1.21958,-1.97538,-1.27485,1.93999,-1.1757,2.0016,-1.21958,-1.97538,-1.27485,1.93999,-1.1757,2.0016,-1.27485,1.93999,-1.1757,2.0016,1.82178,1.4388,-1.27485,1.93999,-1.1757,2.0016,1.82178,1.4388,-1.27485,1.93999,-1.1757,2.0016,1.82178,1.4388,-1.27485,1.93999,0,0,0,0,0,0,0,0,0,0,0,0,0,0,0,0,0,0,0,0,-2.03213,-0.17889,-0.55577,1.96282,0.66305,1.92928,-2.04,0,0.06122,2.03909,-2.03213,-0.17889,-0.55577,1.96282,0.66305,1.92928,-2.04,0,0.06122,2.03909,0.9058,-1.30408,0.30428,-1.55841,0.53315,-1.49564]},{"time":1.7,"offset":96,"vertices":[-0.04816,0.97357,-0.83821,-0.49805,-0.097,0.96999,-0.04816,0.97357,-0.83821,-0.49805,-0.097,0.96999,-0.04816,0.97357,-0.83821,-0.49805,-0.097,0.96999,-0.04816,0.97357,-0.097,0.96999,-0.04816,0.97357,0.95796,0.18103,-0.097,0.96999,-0.04816,0.97357,0.95796,0.18103,-0.097,0.96999,-0.04816,0.97357,0.95796,0.18103,-0.097,0.96999]},{"time":1.8333},{"time":1.9333,"offset":96,"vertices":[-1.1757,2.0016,-1.21958,-1.97538,-1.27485,1.93999,-1.1757,2.0016,-1.21958,-1.97538,-1.27485,1.93999,-1.1757,2.0016,-1.21958,-1.97538,-1.27485,1.93999,-1.1757,2.0016,-1.27485,1.93999,-1.1757,2.0016,1.82178,1.4388,-1.27485,1.93999,-1.1757,2.0016,1.82178,1.4388,-1.27485,1.93999,-1.1757,2.0016,1.82178,1.4388,-1.27485,1.93999,0,0,0,0,0,0,0,0,0,0,0,0,0,0,0,0,0,0,0,0,-2.03213,-0.17889,-0.55577,1.96282,0.66305,1.92928,-2.04,0,0.06122,2.03909,-2.03213,-0.17889,-0.55577,1.96282,0.66305,1.92928,-2.04,0,0.06122,2.03909,0.9058,-1.30408,0.30428,-1.55841,0.53315,-1.49564]},{"time":1.9667,"offset":96,"vertices":[-0.04816,0.97357,-0.83821,-0.49805,-0.097,0.96999,-0.04816,0.97357,-0.83821,-0.49805,-0.097,0.96999,-0.04816,0.97357,-0.83821,-0.49805,-0.097,0.96999,-0.04816,0.97357,-0.097,0.96999,-0.04816,0.97357,0.95796,0.18103,-0.097,0.96999,-0.04816,0.97357,0.95796,0.18103,-0.097,0.96999,-0.04816,0.97357,0.95796,0.18103,-0.097,0.96999]},{"time":2.1},{"time":2.2,"offset":96,"vertices":[-1.1757,2.0016,-1.21958,-1.97538,-1.27485,1.93999,-1.1757,2.0016,-1.21958,-1.97538,-1.27485,1.93999,-1.1757,2.0016,-1.21958,-1.97538,-1.27485,1.93999,-1.1757,2.0016,-1.27485,1.93999,-1.1757,2.0016,1.82178,1.4388,-1.27485,1.93999,-1.1757,2.0016,1.82178,1.4388,-1.27485,1.93999,-1.1757,2.0016,1.82178,1.4388,-1.27485,1.93999,0,0,0,0,0,0,0,0,0,0,0,0,0,0,0,0,0,0,0,0,-2.03213,-0.17889,-0.55577,1.96282,0.66305,1.92928,-2.04,0,0.06122,2.03909,-2.03213,-0.17889,-0.55577,1.96282,0.66305,1.92928,-2.04,0,0.06122,2.03909,0.9058,-1.30408,0.30428,-1.55841,0.53315,-1.49564]},{"time":2.2667,"offset":96,"vertices":[-0.04816,0.97357,-0.83821,-0.49805,-0.097,0.96999,-0.04816,0.97357,-0.83821,-0.49805,-0.097,0.96999,-0.04816,0.97357,-0.83821,-0.49805,-0.097,0.96999,-0.04816,0.97357,-0.097,0.96999,-0.04816,0.97357,0.95796,0.18103,-0.097,0.96999,-0.04816,0.97357,0.95796,0.18103,-0.097,0.96999,-0.04816,0.97357,0.95796,0.18103,-0.097,0.96999]},{"time":2.4},{"time":2.5,"offset":96,"vertices":[-1.1757,2.0016,-1.21958,-1.97538,-1.27485,1.93999,-1.1757,2.0016,-1.21958,-1.97538,-1.27485,1.93999,-1.1757,2.0016,-1.21958,-1.97538,-1.27485,1.93999,-1.1757,2.0016,-1.27485,1.93999,-1.1757,2.0016,1.82178,1.4388,-1.27485,1.93999,-1.1757,2.0016,1.82178,1.4388,-1.27485,1.93999,-1.1757,2.0016,1.82178,1.4388,-1.27485,1.93999,0,0,0,0,0,0,0,0,0,0,0,0,0,0,0,0,0,0,0,0,-2.03213,-0.17889,-0.55577,1.96282,0.66305,1.92928,-2.04,0,0.06122,2.03909,-2.03213,-0.17889,-0.55577,1.96282,0.66305,1.92928,-2.04,0,0.06122,2.03909,0.9058,-1.30408,0.30428,-1.55841,0.53315,-1.49564]}]},"nan_st":{"nan_st":[{},{"time":0.1,"offset":70,"vertices":[-5.86005,2.76653,6.45698,-0.05,1.43866,-6.29494]},{"time":0.2333,"offset":70,"vertices":[-4.6437,0.84649,4.543,1.12901,2.14506,-4.16087]},{"time":0.3667,"vertices":[0.45571,-0.19065,0.45571,-0.19065,0.45571,-0.19065,0.45571,-0.19065,0.45571,-0.19065,0.45571,-0.19065,0.45571,-0.19065,0.45571,-0.19065,0.45571,-0.19065,0.48908,-0.06923,-0.34841,-0.35014,0.48908,-0.06923,-0.34841,-0.35014,0.48908,-0.06923,-0.34841,-0.35014,-0.46002,0.17998,-0.34841,-0.35014,-0.46002,0.17998,-0.34841,-0.35014,-0.38943,-0.30403,-0.46002,0.17998,-0.38943,-0.30403,-0.38943,-0.30403,-0.38943,-0.30403,-0.38943,-0.30403,-0.38943,-0.30403,-0.46002,0.17998,-0.38943,-0.30403,-0.46002,0.17998,-0.46002,0.17998,-0.34841,-0.35014,-0.46002,0.17998,-0.34841,-0.35014,-0.46002,0.17998,-0.34841,-0.35014,-1.27715,-0.18084,1.0886,0.6858,0.91809,-0.9014,-0.34841,-0.35014,0.18,0.46,0.48908,-0.06923,0.45571,-0.19065,-0.34841,-0.35014,0.18,0.46,0.48908,-0.06923,0.45571,-0.19065,0.18,0.46,0.48908,-0.06923,0.45571,-0.19065,0.45571,-0.19065,0.45571,-0.19065,0.45571,-0.19065,0.45571,-0.19065,0.45571,-0.19065,0.45571,-0.19065]},{"time":0.4},{"time":0.5,"offset":70,"vertices":[-5.86005,2.76653,6.45698,-0.05,1.43866,-6.29494]},{"time":0.6333,"offset":70,"vertices":[-4.6437,0.84649,4.543,1.12901,2.14506,-4.16087]},{"time":0.7333,"vertices":[0.45571,-0.19065,0.45571,-0.19065,0.45571,-0.19065,0.45571,-0.19065,0.45571,-0.19065,0.45571,-0.19065,0.45571,-0.19065,0.45571,-0.19065,0.45571,-0.19065,0.48908,-0.06923,-0.34841,-0.35014,0.48908,-0.06923,-0.34841,-0.35014,0.48908,-0.06923,-0.34841,-0.35014,-0.46002,0.17998,-0.34841,-0.35014,-0.46002,0.17998,-0.34841,-0.35014,-0.38943,-0.30403,-0.46002,0.17998,-0.38943,-0.30403,-0.38943,-0.30403,-0.38943,-0.30403,-0.38943,-0.30403,-0.38943,-0.30403,-0.46002,0.17998,-0.38943,-0.30403,-0.46002,0.17998,-0.46002,0.17998,-0.34841,-0.35014,-0.46002,0.17998,-0.34841,-0.35014,-0.46002,0.17998,-0.34841,-0.35014,-1.27715,-0.18084,1.0886,0.6858,0.91809,-0.9014,-0.34841,-0.35014,0.18,0.46,0.48908,-0.06923,0.45571,-0.19065,-0.34841,-0.35014,0.18,0.46,0.48908,-0.06923,0.45571,-0.19065,0.18,0.46,0.48908,-0.06923,0.45571,-0.19065,0.45571,-0.19065,0.45571,-0.19065,0.45571,-0.19065,0.45571,-0.19065,0.45571,-0.19065,0.45571,-0.19065]},{"time":0.7667},{"time":0.8667,"offset":70,"vertices":[-5.86005,2.76653,6.45698,-0.05,1.43866,-6.29494]},{"time":1,"offset":70,"vertices":[-4.6437,0.84649,4.543,1.12901,2.14506,-4.16087]},{"time":1.1333,"vertices":[0.45571,-0.19065,0.45571,-0.19065,0.45571,-0.19065,0.45571,-0.19065,0.45571,-0.19065,0.45571,-0.19065,0.45571,-0.19065,0.45571,-0.19065,0.45571,-0.19065,0.48908,-0.06923,-0.34841,-0.35014,0.48908,-0.06923,-0.34841,-0.35014,0.48908,-0.06923,-0.34841,-0.35014,-0.46002,0.17998,-0.34841,-0.35014,-0.46002,0.17998,-0.34841,-0.35014,-0.38943,-0.30403,-0.46002,0.17998,-0.38943,-0.30403,-0.38943,-0.30403,-0.38943,-0.30403,-0.38943,-0.30403,-0.38943,-0.30403,-0.46002,0.17998,-0.38943,-0.30403,-0.46002,0.17998,-0.46002,0.17998,-0.34841,-0.35014,-0.46002,0.17998,-0.34841,-0.35014,-0.46002,0.17998,-0.34841,-0.35014,-1.27715,-0.18084,1.0886,0.6858,0.91809,-0.9014,-0.34841,-0.35014,0.18,0.46,0.48908,-0.06923,0.45571,-0.19065,-0.34841,-0.35014,0.18,0.46,0.48908,-0.06923,0.45571,-0.19065,0.18,0.46,0.48908,-0.06923,0.45571,-0.19065,0.45571,-0.19065,0.45571,-0.19065,0.45571,-0.19065,0.45571,-0.19065,0.45571,-0.19065,0.45571,-0.19065]},{"time":1.1667},{"time":1.2667,"offset":70,"vertices":[-5.86005,2.76653,6.45698,-0.05,1.43866,-6.29494]},{"time":1.3667,"offset":70,"vertices":[-4.6437,0.84649,4.543,1.12901,2.14506,-4.16087]},{"time":1.5,"vertices":[0.45571,-0.19065,0.45571,-0.19065,0.45571,-0.19065,0.45571,-0.19065,0.45571,-0.19065,0.45571,-0.19065,0.45571,-0.19065,0.45571,-0.19065,0.45571,-0.19065,0.48908,-0.06923,-0.34841,-0.35014,0.48908,-0.06923,-0.34841,-0.35014,0.48908,-0.06923,-0.34841,-0.35014,-0.46002,0.17998,-0.34841,-0.35014,-0.46002,0.17998,-0.34841,-0.35014,-0.38943,-0.30403,-0.46002,0.17998,-0.38943,-0.30403,-0.38943,-0.30403,-0.38943,-0.30403,-0.38943,-0.30403,-0.38943,-0.30403,-0.46002,0.17998,-0.38943,-0.30403,-0.46002,0.17998,-0.46002,0.17998,-0.34841,-0.35014,-0.46002,0.17998,-0.34841,-0.35014,-0.46002,0.17998,-0.34841,-0.35014,-1.27715,-0.18084,1.0886,0.6858,0.91809,-0.9014,-0.34841,-0.35014,0.18,0.46,0.48908,-0.06923,0.45571,-0.19065,-0.34841,-0.35014,0.18,0.46,0.48908,-0.06923,0.45571,-0.19065,0.18,0.46,0.48908,-0.06923,0.45571,-0.19065,0.45571,-0.19065,0.45571,-0.19065,0.45571,-0.19065,0.45571,-0.19065,0.45571,-0.19065,0.45571,-0.19065]},{"time":1.5333},{"time":1.6,"offset":70,"vertices":[-5.86005,2.76653,6.45698,-0.05,1.43866,-6.29494]},{"time":1.7,"offset":70,"vertices":[-4.6437,0.84649,4.543,1.12901,2.14506,-4.16087]},{"time":1.8333},{"time":1.9,"offset":70,"vertices":[-5.86005,2.76653,6.45698,-0.05,1.43866,-6.29494]},{"time":1.9667,"offset":70,"vertices":[-4.6437,0.84649,4.543,1.12901,2.14506,-4.16087]},{"time":2.1},{"time":2.1667,"offset":70,"vertices":[-5.86005,2.76653,6.45698,-0.05,1.43866,-6.29494]},{"time":2.2667,"offset":70,"vertices":[-4.6437,0.84649,4.543,1.12901,2.14506,-4.16087]},{"time":2.4},{"time":2.5,"offset":70,"vertices":[-5.86005,2.76653,6.45698,-0.05,1.43866,-6.29494]},{"time":2.5333,"offset":70,"vertices":[-6.70482,1.43329,6.69697,1.50999,3.012,-6.16914]},{"time":2.5667,"offset":70,"vertices":[-5.20033,2.47814,5.73697,-0.05,1.27283,-5.59431]},{"time":2.6,"offset":70,"vertices":[-5.75009,2.71848,6.33697,-0.05,1.41103,-6.17817]},{"time":2.6333,"offset":70,"vertices":[-4.71245,2.39584,5.25697,-0.17,1.04548,-5.15486]},{"time":2.6667,"offset":70,"vertices":[-5.80477,1.69468,5.97697,0.90999,2.2623,-5.60672]},{"time":2.7,"offset":70,"vertices":[-6.32028,2.31295,6.69697,0.54999,2.07784,-6.39029]},{"time":2.7333,"offset":70,"vertices":[-5.86005,2.76653,6.45698,-0.05,1.43866,-6.29494]},{"time":2.7667,"offset":70,"vertices":[-6.70482,1.43329,6.69697,1.50999,3.012,-6.16914]},{"time":2.8,"offset":70,"vertices":[-5.20033,2.47814,5.73697,-0.05,1.27283,-5.59431]},{"time":2.8333,"offset":70,"vertices":[-5.75009,2.71848,6.33697,-0.05,1.41103,-6.17817]},{"time":2.8667,"offset":70,"vertices":[-4.71245,2.39584,5.25697,-0.17,1.04548,-5.15486]},{"time":2.9,"offset":70,"vertices":[-5.80477,1.69468,5.97697,0.90999,2.2623,-5.60672]},{"time":2.9333,"offset":70,"vertices":[-6.32028,2.31295,6.69697,0.54999,2.07784,-6.39029]},{"time":2.9667,"offset":70,"vertices":[-5.86005,2.76653,6.45698,-0.05,1.43866,-6.29494]},{"time":3,"offset":70,"vertices":[-6.70482,1.43329,6.69697,1.50999,3.012,-6.16914]},{"time":3.0333,"offset":70,"vertices":[-5.20033,2.47814,5.73697,-0.05,1.27283,-5.59431]},{"time":3.0667,"offset":70,"vertices":[-5.75009,2.71848,6.33697,-0.05,1.41103,-6.17817]},{"time":3.1,"offset":70,"vertices":[-4.71245,2.39584,5.25697,-0.17,1.04548,-5.15486]},{"time":3.1333,"offset":70,"vertices":[-5.80477,1.69468,5.97697,0.90999,2.2623,-5.60672]},{"time":3.1667,"offset":70,"vertices":[-6.32028,2.31295,6.69697,0.54999,2.07784,-6.39029]},{"time":3.2,"offset":70,"vertices":[-5.86005,2.76653,6.45698,-0.05,1.43866,-6.29494]},{"time":3.2333,"offset":70,"vertices":[-6.70482,1.43329,6.69697,1.50999,3.012,-6.16914]},{"time":3.2667,"offset":70,"vertices":[-5.20033,2.47814,5.73697,-0.05,1.27283,-5.59431]},{"time":3.3,"offset":70,"vertices":[-5.75009,2.71848,6.33697,-0.05,1.41103,-6.17817]},{"time":3.3667,"offset":70,"vertices":[-5.86005,2.76653,6.45698,-0.05,1.43866,-6.29494]},{"time":3.4,"offset":70,"vertices":[-6.70482,1.43329,6.69697,1.50999,3.012,-6.16914]},{"time":3.4333,"offset":70,"vertices":[-5.20033,2.47814,5.73697,-0.05,1.27283,-5.59431]},{"time":3.4667,"offset":70,"vertices":[-5.75009,2.71848,6.33697,-0.05,1.41103,-6.17817]},{"time":3.5,"offset":70,"vertices":[-4.71245,2.39584,5.25697,-0.17,1.04548,-5.15486]},{"time":3.5333,"offset":70,"vertices":[-5.80477,1.69468,5.97697,0.90999,2.2623,-5.60672]},{"time":3.5667,"offset":70,"vertices":[-6.32028,2.31295,6.69697,0.54999,2.07784,-6.39029]},{"time":3.6,"offset":70,"vertices":[-5.86005,2.76653,6.45698,-0.05,1.43866,-6.29494]},{"time":3.6333,"offset":70,"vertices":[-6.70482,1.43329,6.69697,1.50999,3.012,-6.16914]},{"time":3.6667,"offset":70,"vertices":[-5.20033,2.47814,5.73697,-0.05,1.27283,-5.59431]},{"time":3.7,"offset":70,"vertices":[-5.75009,2.71848,6.33697,-0.05,1.41103,-6.17817]},{"time":3.7333,"offset":70,"vertices":[-4.71245,2.39584,5.25697,-0.17,1.04548,-5.15486]},{"time":3.7667,"offset":70,"vertices":[-5.80477,1.69468,5.97697,0.90999,2.2623,-5.60672]},{"time":3.8,"offset":70,"vertices":[-6.32028,2.31295,6.69697,0.54999,2.07784,-6.39029]},{"time":3.8333,"offset":70,"vertices":[-5.86005,2.76653,6.45698,-0.05,1.43866,-6.29494]},{"time":3.8667,"offset":70,"vertices":[-6.70482,1.43329,6.69697,1.50999,3.012,-6.16914]},{"time":3.9,"offset":70,"vertices":[-5.20033,2.47814,5.73697,-0.05,1.27283,-5.59431]},{"time":3.9333,"offset":70,"vertices":[-5.75009,2.71848,6.33697,-0.05,1.41103,-6.17817]},{"time":3.9667,"offset":70,"vertices":[-4.71245,2.39584,5.25697,-0.17,1.04548,-5.15486]},{"time":4,"offset":70,"vertices":[-5.80477,1.69468,5.97697,0.90999,2.2623,-5.60672]},{"time":4.0333,"offset":70,"vertices":[-6.32028,2.31295,6.69697,0.54999,2.07784,-6.39029]},{"time":4.0667,"offset":70,"vertices":[-5.86005,2.76653,6.45698,-0.05,1.43866,-6.29494]},{"time":4.1,"offset":70,"vertices":[-6.70482,1.43329,6.69697,1.50999,3.012,-6.16914]},{"time":4.1333,"offset":70,"vertices":[-5.20033,2.47814,5.73697,-0.05,1.27283,-5.59431]},{"time":4.1667,"offset":70,"vertices":[-5.75009,2.71848,6.33697,-0.05,1.41103,-6.17817]}]}}},"events":[{"time":0.1667,"name":"plug_into"},{"time":0.5667,"name":"plug_into"},{"time":0.9333,"name":"plug_into"},{"time":1.3,"name":"plug_into"},{"time":1.6333,"name":"plug_into"},{"time":1.9333,"name":"plug_into"},{"time":2.2,"name":"plug_into"},{"time":2.5,"name":"plug_into"},{"time":2.5,"name":"shoot_sperm"},{"time":3.1667,"name":"shoot_sperm"},{"time":3.8667,"name":"shoot_sperm"}]}}},[0]]],0,0,[0],[-1],[0]]