[1,["5fC/3DRZZNfa7R7RSNqpRF","fc04WnFNZOio5R+/5LfAdg"],0,[["sp.SkeletonData",["_name","_atlasText","textureNames","_skeletonJson","textures"],-1,3]],[[0,0,1,2,3,4,5]],[[0,"skeleton","\nskeleton.png\nsize: 2043,2038\nformat: RGBA8888\nfilter: Linear,Linear\nrepeat: none\nFX_FireBomb_3-001\n  rotate: false\n  xy: 850, 1955\n  size: 83, 81\n  orig: 83, 81\n  offset: 0, 0\n  index: -1\nFX_FireBomb_3-002\n  rotate: false\n  xy: 1364, 1927\n  size: 109, 109\n  orig: 109, 109\n  offset: 0, 0\n  index: -1\nFX_FireBomb_3-003\n  rotate: false\n  xy: 1475, 1923\n  size: 121, 113\n  orig: 121, 113\n  offset: 0, 0\n  index: -1\nFX_FireBomb_3-004\n  rotate: false\n  xy: 1598, 1921\n  size: 123, 115\n  orig: 123, 115\n  offset: 0, 0\n  index: -1\nFX_FireBomb_3-005\n  rotate: false\n  xy: 1723, 1921\n  size: 123, 115\n  orig: 123, 115\n  offset: 0, 0\n  index: -1\nFX_FireBomb_3-006\n  rotate: false\n  xy: 1024, 1932\n  size: 121, 104\n  orig: 121, 105\n  offset: 0, 0\n  index: -1\nFX_FireBomb_3-007\n  rotate: true\n  xy: 647, 1959\n  size: 77, 80\n  orig: 77, 81\n  offset: 0, 0\n  index: -1\nsj_00000\n  rotate: true\n  xy: 935, 1952\n  size: 84, 87\n  orig: 546, 526\n  offset: 230, 219\n  index: -1\nsj_00001\n  rotate: false\n  xy: 269, 1800\n  size: 184, 182\n  orig: 546, 526\n  offset: 183, 178\n  index: -1\nsj_00008\n  rotate: true\n  xy: 1564, 465\n  size: 424, 442\n  orig: 546, 526\n  offset: 82, 32\n  index: -1\nsj_00009\n  rotate: true\n  xy: 2, 646\n  size: 421, 436\n  orig: 546, 526\n  offset: 82, 35\n  index: -1\nsj_00010\n  rotate: false\n  xy: 466, 1048\n  size: 365, 361\n  orig: 546, 526\n  offset: 85, 92\n  index: -1\nsj_00011\n  rotate: false\n  xy: 1147, 1312\n  size: 363, 354\n  orig: 546, 526\n  offset: 85, 99\n  index: -1\nsj_00012\n  rotate: false\n  xy: 340, 1416\n  size: 361, 349\n  orig: 546, 526\n  offset: 86, 100\n  index: -1\nsj_00013\n  rotate: false\n  xy: 2, 1527\n  size: 336, 271\n  orig: 546, 526\n  offset: 108, 115\n  index: -1\nsj_00014\n  rotate: false\n  xy: 1527, 1594\n  size: 330, 266\n  orig: 546, 526\n  offset: 113, 115\n  index: -1\nsj_00015\n  rotate: false\n  xy: 324, 1984\n  size: 321, 52\n  orig: 546, 526\n  offset: 118, 323\n  index: -1\nsj_00016\n  rotate: false\n  xy: 324, 1984\n  size: 321, 52\n  orig: 546, 526\n  offset: 118, 323\n  index: -1\nsj_00017\n  rotate: false\n  xy: 2, 1986\n  size: 320, 50\n  orig: 546, 526\n  offset: 119, 323\n  index: -1\nsz\n  rotate: true\n  xy: 1848, 1862\n  size: 174, 193\n  orig: 174, 193\n  offset: 0, 0\n  index: -1\ntw_00015\n  rotate: false\n  xy: 1186, 1668\n  size: 339, 253\n  orig: 700, 700\n  offset: 259, 50\n  index: -1\ntw_00016\n  rotate: true\n  xy: 1512, 1303\n  size: 289, 495\n  orig: 700, 700\n  offset: 341, 50\n  index: -1\ntw_00017\n  rotate: true\n  xy: 997, 469\n  size: 420, 565\n  orig: 700, 700\n  offset: 263, 63\n  index: -1\ntw_00019\n  rotate: false\n  xy: 440, 506\n  size: 555, 411\n  orig: 700, 700\n  offset: 83, 265\n  index: -1\ntw_00020\n  rotate: false\n  xy: 833, 919\n  size: 578, 391\n  orig: 700, 700\n  offset: 39, 281\n  index: -1\ntw_00021\n  rotate: false\n  xy: 2, 69\n  size: 579, 435\n  orig: 700, 700\n  offset: 11, 217\n  index: -1\ntw_00024\n  rotate: false\n  xy: 1525, 2\n  size: 503, 461\n  orig: 700, 700\n  offset: 70, 162\n  index: -1\ntw_00025\n  rotate: false\n  xy: 1049, 7\n  size: 474, 460\n  orig: 700, 700\n  offset: 71, 159\n  index: -1\ntw_00026\n  rotate: true\n  xy: 583, 20\n  size: 447, 464\n  orig: 700, 700\n  offset: 72, 157\n  index: -1\ntw_00027\n  rotate: true\n  xy: 1413, 891\n  size: 410, 467\n  orig: 700, 700\n  offset: 72, 155\n  index: -1\ntw_00028\n  rotate: true\n  xy: 2, 1069\n  size: 345, 462\n  orig: 700, 700\n  offset: 73, 158\n  index: -1\ntw_00029\n  rotate: true\n  xy: 703, 1411\n  size: 283, 442\n  orig: 700, 700\n  offset: 74, 172\n  index: -1\ntw_00030\n  rotate: true\n  xy: 781, 1696\n  size: 231, 403\n  orig: 700, 700\n  offset: 73, 193\n  index: -1\ntw_00031\n  rotate: true\n  xy: 455, 1767\n  size: 190, 324\n  orig: 700, 700\n  offset: 73, 249\n  index: -1\ntw_00032\n  rotate: true\n  xy: 2, 1841\n  size: 143, 265\n  orig: 700, 700\n  offset: 74, 283\n  index: -1\ntw_00033\n  rotate: true\n  xy: 1147, 1929\n  size: 107, 215\n  orig: 700, 700\n  offset: 76, 295\n  index: -1\ntw_00034\n  rotate: true\n  xy: 729, 1959\n  size: 77, 119\n  orig: 700, 700\n  offset: 82, 311\n  index: -1\n\nskeleton2.png\nsize: 1577,1511\nformat: RGBA8888\nfilter: Linear,Linear\nrepeat: none\nsj_00002\n  rotate: false\n  xy: 580, 1045\n  size: 467, 464\n  orig: 546, 526\n  offset: 36, 33\n  index: -1\nsj_00003\n  rotate: false\n  xy: 589, 539\n  size: 489, 489\n  orig: 546, 526\n  offset: 23, 17\n  index: -1\nsj_00004\n  rotate: false\n  xy: 499, 43\n  size: 500, 494\n  orig: 546, 526\n  offset: 21, 16\n  index: -1\nsj_00005\n  rotate: true\n  xy: 1080, 536\n  size: 492, 495\n  orig: 546, 526\n  offset: 23, 15\n  index: -1\nsj_00006\n  rotate: true\n  xy: 2, 85\n  size: 492, 495\n  orig: 546, 526\n  offset: 23, 15\n  index: -1\nsj_00007\n  rotate: false\n  xy: 1049, 1030\n  size: 480, 479\n  orig: 546, 526\n  offset: 29, 20\n  index: -1\ntw_00018\n  rotate: false\n  xy: 1001, 2\n  size: 562, 532\n  orig: 700, 700\n  offset: 102, 143\n  index: -1\ntw_00022\n  rotate: false\n  xy: 2, 579\n  size: 585, 464\n  orig: 700, 700\n  offset: 2, 161\n  index: -1\ntw_00023\n  rotate: false\n  xy: 2, 1046\n  size: 576, 463\n  orig: 700, 700\n  offset: 24, 163\n  index: -1\n",["skeleton.png","skeleton2.png"],{"skeleton":{"hash":"+J5TSCz3ZeuMnLm0U+PMHQIurQk","spine":"3.8.75","x":-411.09,"y":-268.65,"width":732.69,"height":437.84,"images":"../拆解素材/","audio":""},"bones":[{"name":"root"},{"name":"sz","parent":"root","x":171.3,"y":-58.18},{"name":"tw","parent":"root","rotation":-172.58,"x":-44.75,"y":-58.42,"scaleY":0.4264},{"name":"daji","parent":"root","scaleX":4.1264,"scaleY":4.1264},{"name":"sj","parent":"root"}],"slots":[{"name":"sj","bone":"sj","blend":"additive"},{"name":"sz","bone":"sz","attachment":"sz"},{"name":"root","bone":"root","attachment":"root"},{"name":"tw","bone":"tw","attachment":"tw_00027","blend":"additive"},{"name":"dj","bone":"daji","attachment":"FX_FireBomb_3-007","blend":"additive"}],"path":[{"name":"root","target":"root","bones":["sz"]}],"skins":[{"name":"default","attachments":{"tw":{"tw_00015":{"width":700,"height":700},"tw_00016":{"width":700,"height":700},"tw_00017":{"width":700,"height":700},"tw_00018":{"width":700,"height":700},"tw_00019":{"width":700,"height":700},"tw_00020":{"width":700,"height":700},"tw_00021":{"width":700,"height":700},"tw_00022":{"width":700,"height":700},"tw_00023":{"width":700,"height":700},"tw_00024":{"width":700,"height":700},"tw_00025":{"width":700,"height":700},"tw_00026":{"width":700,"height":700},"tw_00027":{"width":700,"height":700},"tw_00028":{"width":700,"height":700},"tw_00029":{"width":700,"height":700},"tw_00030":{"width":700,"height":700},"tw_00031":{"width":700,"height":700},"tw_00032":{"width":700,"height":700},"tw_00033":{"width":700,"height":700},"tw_00034":{"width":700,"height":700}},"dj":{"FX_FireBomb_3-001":{"x":0.5,"y":0.5,"width":83,"height":81},"FX_FireBomb_3-002":{"x":0.5,"y":0.5,"width":109,"height":109},"FX_FireBomb_3-003":{"x":0.5,"y":0.5,"width":121,"height":113},"FX_FireBomb_3-004":{"x":0.5,"y":0.5,"width":123,"height":115},"FX_FireBomb_3-005":{"x":0.5,"y":0.5,"width":123,"height":115},"FX_FireBomb_3-006":{"x":0.5,"y":0.5,"width":121,"height":105},"FX_FireBomb_3-007":{"x":0.5,"y":0.5,"width":77,"height":81}},"sj":{"sj_00000":{"width":546,"height":526},"sj_00001":{"width":546,"height":526},"sj_00002":{"width":546,"height":526},"sj_00003":{"width":546,"height":526},"sj_00004":{"width":546,"height":526},"sj_00005":{"width":546,"height":526},"sj_00006":{"width":546,"height":526},"sj_00007":{"width":546,"height":526},"sj_00008":{"width":546,"height":526},"sj_00009":{"width":546,"height":526},"sj_00010":{"width":546,"height":526},"sj_00011":{"width":546,"height":526},"sj_00012":{"width":546,"height":526},"sj_00013":{"width":546,"height":526},"sj_00014":{"width":546,"height":526},"sj_00015":{"width":546,"height":526},"sj_00016":{"width":546,"height":526},"sj_00017":{"width":546,"height":526}},"root":{"root":{"type":"path","vertexCount":21,"color":"ff800000","lengths":[151.53,279.26,367.29,476.3,578.54,644.55,820.4],"vertices":[-90.38,-138.46,-47.38,-151.52,-10.72,-162.65,63.94,-158.94,102.22,-143.72,140.5,-128.5,182.82,-86.35,191.56,-56.51,200.29,-26.67,172.16,-1.53,148.31,13.68,124.46,28.89,74.9,39.93,44.08,43.46,13.26,46.99,-32.98,48.4,-58.01,46.29,-82.41,44.24,-108.43,36.87,-122.53,32.82,-141.79,27.3]}},"sz":{"sz":{"y":0.5,"width":174,"height":193}}}}],"events":{"atk":{}},"animations":{"animation":{"slots":{"sz":{"color":[{"time":0.4667,"color":"ffffffff"},{"time":0.7,"color":"ffffff00"}]},"dj":{"attachment":[{"name":null},{"time":0.3333,"name":"FX_FireBomb_3-001"},{"time":0.3667,"name":"FX_FireBomb_3-002"},{"time":0.4,"name":"FX_FireBomb_3-003"},{"time":0.4333,"name":"FX_FireBomb_3-004"},{"time":0.4667,"name":"FX_FireBomb_3-005"},{"time":0.5,"name":"FX_FireBomb_3-006"},{"time":0.5333,"name":"FX_FireBomb_3-007"},{"time":0.5667,"name":null}]},"sj":{"attachment":[{"time":0.3333,"name":"sj_00000"},{"time":0.3667,"name":"sj_00001"},{"time":0.4,"name":"sj_00002"},{"time":0.4333,"name":"sj_00003"},{"time":0.4667,"name":"sj_00004"},{"time":0.5,"name":"sj_00005"},{"time":0.5333,"name":"sj_00006"},{"time":0.5667,"name":"sj_00007"},{"time":0.6,"name":"sj_00008"},{"time":0.6333,"name":"sj_00009"},{"time":0.6667,"name":"sj_00010"},{"time":0.7,"name":"sj_00011"},{"time":0.7333,"name":"sj_00012"},{"time":0.7667,"name":"sj_00013"},{"time":0.8,"name":"sj_00014"},{"time":0.8333,"name":"sj_00015"},{"time":0.8667,"name":"sj_00016"},{"time":0.9,"name":"sj_00017"},{"time":0.9333,"name":null}]},"tw":{"attachment":[{"name":null},{"time":0.0333,"name":"tw_00015"},{"time":0.0667,"name":"tw_00016"},{"time":0.1,"name":"tw_00017"},{"time":0.1333,"name":"tw_00018"},{"time":0.1667,"name":"tw_00019"},{"time":0.2,"name":"tw_00020"},{"time":0.2333,"name":"tw_00021"},{"time":0.2667,"name":"tw_00022"},{"time":0.3,"name":"tw_00023"},{"time":0.3333,"name":"tw_00024"},{"time":0.3667,"name":"tw_00025"},{"time":0.4,"name":"tw_00026"},{"time":0.4333,"name":"tw_00027"},{"time":0.4667,"name":"tw_00028"},{"time":0.5,"name":"tw_00029"},{"time":0.5333,"name":"tw_00030"},{"time":0.5667,"name":"tw_00031"},{"time":0.6,"name":"tw_00032"},{"time":0.6333,"name":"tw_00033"},{"time":0.6667,"name":"tw_00034"},{"time":0.7,"name":null}]}},"bones":{"sz":{"rotate":[{"angle":-31.01}],"scale":[{"time":0.1667},{"time":0.3333,"x":0},{"time":0.4667,"x":-1}]}},"path":{"root":{"position":[{},{"time":0.4667,"position":1},{"time":0.7,"position":1.1852}],"mix":[{},{"time":0.2333,"rotateMix":0}]}},"events":[{"time":0.3333,"name":"atk"}]}}},[0,1]]],0,0,[0,0],[-1,-2],[0,1]]