[1,["a5L5xSkdBMiYCnjt8ZeNA2"],0,[["sp.SkeletonData",["_name","_atlasText","textureNames","_skeletonJson","textures"],-1,3]],[[0,0,1,2,3,4,5]],[[0,"skeleton","\nskeleton.png\nsize: 813,109\nformat: RGBA8888\nfilter: Linear,Linear\nrepeat: none\nnan_nj\n  rotate: false\n  xy: 649, 44\n  size: 57, 63\n  orig: 57, 63\n  offset: 0, 0\n  index: -1\nnan_ns\n  rotate: true\n  xy: 649, 7\n  size: 35, 54\n  orig: 35, 54\n  offset: 0, 0\n  index: -1\nnan_shou\n  rotate: true\n  xy: 708, 53\n  size: 54, 64\n  orig: 54, 64\n  offset: 0, 0\n  index: -1\nnan_st\n  rotate: true\n  xy: 2, 16\n  size: 91, 187\n  orig: 91, 187\n  offset: 0, 0\n  index: -1\nnv_maozi\n  rotate: false\n  xy: 705, 6\n  size: 35, 36\n  orig: 35, 36\n  offset: 0, 0\n  index: -1\nnv_ns\n  rotate: false\n  xy: 774, 57\n  size: 33, 21\n  orig: 34, 22\n  offset: 0, 0\n  index: -1\nnv_shou\n  rotate: true\n  xy: 774, 80\n  size: 27, 28\n  orig: 28, 28\n  offset: 0, 0\n  index: -1\nnv_st\n  rotate: false\n  xy: 497, 5\n  size: 69, 102\n  orig: 74, 103\n  offset: 0, 0\n  index: -1\nnv_tou\n  rotate: true\n  xy: 742, 7\n  size: 44, 69\n  orig: 44, 69\n  offset: 0, 0\n  index: -1\nnv_zui\n  rotate: false\n  xy: 2, 7\n  size: 5, 7\n  orig: 6, 9\n  offset: 1, 1\n  index: -1\ns1\n  rotate: false\n  xy: 568, 23\n  size: 79, 84\n  orig: 116, 116\n  offset: 18, 6\n  index: -1\ns2\n  rotate: false\n  xy: 400, 9\n  size: 95, 98\n  orig: 116, 116\n  offset: 10, 4\n  index: -1\ns3\n  rotate: false\n  xy: 300, 2\n  size: 98, 105\n  orig: 116, 116\n  offset: 7, 2\n  index: -1\ns4\n  rotate: true\n  xy: 191, 5\n  size: 102, 107\n  orig: 116, 116\n  offset: 5, 2\n  index: -1\n",["skeleton.png"],{"skeleton":{"hash":"CvivotshYvuNapb57wK1b9uxEyo","spine":"3.8.75","x":-53.17,"y":-95.24,"width":91.15,"height":186.95,"images":"../拆解素材/","audio":""},"bones":[{"name":"root"},{"name":"nan_st","parent":"root","x":6.02,"y":-27.37},{"name":"nan_st5","parent":"nan_st","length":27.06,"rotation":74.17,"x":0.32,"y":0.67},{"name":"nan_st6","parent":"nan_st5","length":26.69,"rotation":12.74,"x":27.06},{"name":"nan_shou","parent":"nan_st6","rotation":-86.92,"x":26.24,"y":0.5},{"name":"nv_st","parent":"root","x":-21.45,"y":-12.73},{"name":"nv_st5","parent":"nv_st","length":20.08,"rotation":103.24,"x":0.15,"y":0.38},{"name":"nv_st6","parent":"nv_st5","length":26.76,"rotation":-20.15,"x":20.08},{"name":"nv_st7","parent":"nv_st6","length":16.78,"rotation":-4.55,"x":26.56,"y":-0.26},{"name":"nv_tou","parent":"nv_st7","rotation":-78.54,"x":49.4,"y":5.03},{"name":"nv_st8","parent":"nv_st","length":19.36,"rotation":-23.82,"x":3.48,"y":45.58},{"name":"nv_shou","parent":"nv_st8","length":22,"rotation":73.15,"x":19.01,"y":0.37},{"name":"nv_ns","parent":"root","x":-2.96,"y":35.17},{"name":"nan_nj","parent":"root","x":-8.08,"y":-17.51},{"name":"nan_ns","parent":"root","x":5.66,"y":33.85},{"name":"nan_shou2","parent":"nan_shou","length":34.53,"rotation":-107,"x":0.4,"y":-0.46},{"name":"nan_shou3","parent":"nan_shou2","length":29.09,"rotation":-42.21,"x":34.53},{"name":"nan_st2","parent":"nan_st","length":43.37,"rotation":-160.97,"x":-0.11,"y":-1.71},{"name":"nan_st3","parent":"nan_st2","length":37.72,"rotation":71.28,"x":43.37},{"name":"target1","parent":"root","x":-35.04,"y":-81.39,"color":"ff3f00ff"},{"name":"nan_st4","parent":"target1","length":13.3,"rotation":-146.79,"y":-0.35},{"name":"nan_st7","parent":"nan_st6","length":27.94,"rotation":6.87,"x":24.04,"y":-0.35},{"name":"nv_maozi","parent":"nv_tou","x":-8.04,"y":4.95},{"name":"nv_st2","parent":"nv_st","length":43.94,"rotation":1.05,"x":-0.08,"y":-0.55},{"name":"nv_st3","parent":"nv_st2","length":32.46,"rotation":-99.81,"x":43.6,"y":0.15},{"name":"target2","parent":"root","x":16.94,"y":-44.85,"color":"ff3f00ff"},{"name":"nv_st4","parent":"target2","length":11.27,"rotation":-14.49},{"name":"nv_st9","parent":"nv_st","length":12.18,"rotation":-38.16,"x":6.24,"y":28.87},{"name":"nv_tou2","parent":"nv_tou","length":12.25,"rotation":-135.55,"x":-0.66,"y":-0.31},{"name":"nv_tou3","parent":"nv_tou2","length":13.83,"rotation":26.03,"x":12.25},{"name":"nv_tou4","parent":"nv_tou3","length":15.19,"rotation":22.01,"x":13.83},{"name":"nv_tou5","parent":"nv_tou4","length":12.99,"rotation":-20.23,"x":15.19},{"name":"nv_tou6","parent":"nv_tou5","length":9.28,"rotation":12.64,"x":12.99},{"name":"nv_tou7","parent":"nv_tou","length":16.55,"rotation":-106.81,"x":5.44,"y":-3.61},{"name":"nv_tou8","parent":"nv_tou7","length":16.25,"rotation":10.98,"x":16.55},{"name":"nv_maozi2","parent":"nv_maozi","length":9.49,"rotation":-139.94,"x":-0.21,"y":0.01},{"name":"nv_maozi3","parent":"nv_maozi2","length":8.19,"rotation":24.92,"x":9.49},{"name":"nv_maozi4","parent":"nv_maozi3","length":11.81,"rotation":17.79,"x":8.19},{"name":"target3","parent":"root","x":-20.29,"y":-23.14,"color":"ff3f00ff"},{"name":"target4","parent":"root","x":15.48,"y":42.47,"color":"ff3f00ff"},{"name":"nan_nj2","parent":"nan_nj","length":31.85,"rotation":-154.98,"x":-0.09,"y":-0.29},{"name":"nan_nj3","parent":"nan_nj2","length":37.91,"rotation":63.19,"x":31.85},{"name":"target5","parent":"root","x":-38.51,"y":-69.31,"color":"ff3f00ff"},{"name":"nan_nj4","parent":"target5","length":10.52,"rotation":-178.14},{"name":"nv_zui","parent":"nv_tou","x":12.7,"y":-30.22},{"name":"ps","parent":"root","rotation":128.21,"x":-21.81,"y":-22.94,"scaleX":0.3187,"scaleY":0.3187}],"slots":[{"name":"nan_ns","bone":"nan_ns","attachment":"nan_ns"},{"name":"nv_ns","bone":"nv_ns","attachment":"nv_ns"},{"name":"nan_nj","bone":"nan_nj","attachment":"nan_nj"},{"name":"nv_tou","bone":"nv_tou","attachment":"nv_tou"},{"name":"nan_st","bone":"nan_st","attachment":"nan_st"},{"name":"ps","bone":"ps","blend":"additive"},{"name":"nv_st","bone":"nv_st","attachment":"nv_st"},{"name":"nan_shou","bone":"nan_shou","attachment":"nan_shou"},{"name":"nv_shou","bone":"nv_shou","attachment":"nv_shou"},{"name":"nv_maozi","bone":"nv_maozi","attachment":"nv_maozi"},{"name":"nv_zui","bone":"nv_zui","attachment":"nv_zui"}],"ik":[{"name":"target","target":"target2","bendPositive":false,"bones":["nv_st2","nv_st3"]},{"name":"target1","order":1,"target":"target1","bones":["nan_st2","nan_st3"]},{"name":"target2","order":2,"target":"target3","bendPositive":false,"bones":["nan_shou2","nan_shou3"]},{"name":"target4","order":3,"target":"target4","bones":["nv_st8","nv_shou"]},{"name":"target5","order":4,"target":"target5","bones":["nan_nj2","nan_nj3"]}],"skins":[{"name":"default","attachments":{"ps":{"s1":{"width":116,"height":116},"s2":{"width":116,"height":116},"s3":{"width":116,"height":116},"s4":{"width":116,"height":116}},"nan_st":{"nan_st":{"type":"mesh","hull":35,"width":91,"height":187,"uvs":[0.69173,0.00523,0.82875,0.00507,0.93034,0.0332,0.99475,0.07443,1,0.09067,1,0.13461,0.97682,0.20178,0.82396,0.24227,0.91352,0.36251,0.85737,0.52976,0.75702,0.69549,0.69634,0.72607,0.5433,0.74392,0.31528,0.76465,0.28619,0.83231,0.28598,0.95895,0.19878,0.98746,0.12164,1,0.07502,1,0.01056,0.9936,0.01035,0.96234,0.14249,0.89892,0.13929,0.85914,0.07661,0.74298,0.07321,0.72876,0.18346,0.66073,0.36597,0.61685,0.46637,0.502,0.54341,0.46494,0.5856,0.2787,0.61243,0.26084,0.53858,0.22508,0.51365,0.18266,0.52678,0.07001,0.56509,0.03259],"triangles":[2,3,4,5,1,2,4,5,2,33,7,32,7,31,32,5,0,1,0,33,34,33,0,5,6,7,5,7,33,5,30,31,7,29,30,7,8,29,7,28,29,8,9,28,8,9,27,28,10,27,9,26,27,10,11,26,10,12,26,11,13,25,26,13,26,12,13,24,25,13,23,24,14,23,13,22,23,14,21,22,14,15,21,14,16,21,15,17,18,20,18,19,20,17,20,21,16,17,21],"vertices":[1,21,68.06,0.93,1,1,21,67.27,-11.51,1,1,21,61.41,-20.39,1,1,21,53.33,-25.73,1,1,21,50.27,-26,1,1,21,42.07,-25.46,1,1,21,29.68,-22.53,1,1,21,23.04,-8.15,1,2,3,25.87,-15.03,0.13153,21,0.07,-14.79,0.86847,3,2,24.13,-12.56,0.74804,3,-5.63,-11.61,0.25176,21,-30.8,-7.63,0.0002,2,17,-6.54,11.59,0.88524,2,-8.18,-12.23,0.11476,1,17,0.54,15.2,1,1,17,14.8,13.81,1,2,18,7.67,10.73,0.48161,17,35.68,10.71,0.51839,2,18,20.31,8.01,0.99455,17,42.31,21.8,0.00545,1,20,-3.31,9.27,1,1,20,6.25,9.31,1,1,20,13.39,7.36,1,1,20,16.92,5.01,1,1,20,21.14,0.76,1,2,20,17.91,-4.11,0.99628,18,44.49,-17.22,0.00372,1,18,32.69,-5.14,1,1,18,25.25,-5.39,1,2,18,3.5,-10.97,0.98167,17,54.89,-0.21,0.01833,2,18,0.84,-11.27,0.95394,17,54.31,-2.82,0.04606,2,18,-11.83,-1.16,0.03378,17,40.68,-11.57,0.96622,3,17,22.3,-13.91,0.83999,2,-3.74,26.02,0.15926,3,-24.3,32.17,0.00075,3,17,6.66,-31.24,0.11253,2,19.42,23.08,0.68204,3,-2.36,24.2,0.20543,3,17,-2.23,-35.5,0.01799,2,28,18.23,0.39452,3,4.94,17.57,0.5875,2,3,39.92,15.61,0.28771,21,17.68,13.95,0.71229,2,3,43.39,13.35,0.11994,21,20.85,11.29,0.88006,2,3,49.7,20.42,0.00742,21,27.96,17.55,0.99258,1,21,36.03,19.29,1,1,21,56.97,16.71,1,1,21,63.72,12.77,1],"edges":[0,68,0,2,2,4,4,6,6,8,8,10,10,12,12,14,14,16,16,18,18,20,20,22,22,24,24,26,26,28,28,30,30,32,32,34,34,36,36,38,38,40,40,42,42,44,44,46,46,48,48,50,50,52,52,54,54,56,56,58,58,60,60,62,62,64,64,66,66,68]}},"nv_shou":{"nv_shou":{"x":12.82,"y":-2.25,"rotation":-49.33,"width":28,"height":28}},"nv_maozi":{"nv_maozi":{"type":"mesh","hull":16,"width":35,"height":36,"uvs":[0.54034,0,0.77258,0,0.9731,0.05522,0.97188,0.1393,0.8005,0.36112,0.55996,0.87526,0.42898,1,0.37052,1,0.34708,0.99145,0.28565,0.75108,0.19901,0.66855,0,0.62737,0,0.58563,0.09272,0.48552,0.25751,0.16509,0.39004,0.03665],"triangles":[15,0,4,0,1,4,4,1,3,3,1,2,4,10,14,14,15,4,9,5,6,6,7,8,6,8,9,5,9,4,9,10,4,10,12,13,10,13,14,10,11,12],"vertices":[2,36,-8.47,-5.25,0.12376,35,4.02,-8.34,0.87624,1,35,-2.21,-3.11,1,1,35,-6.3,2.93,1,2,36,-10.32,10.55,0.00006,35,-4.32,5.22,0.99994,3,37,-5.72,10.76,0.00782,36,-0.54,8.49,0.28586,35,5.41,7.47,0.70632,2,37,13.7,4.73,0.99913,36,19.79,8.69,0.00087,1,37,18.73,0.75,1,1,37,18.99,-1.28,1,1,37,18.78,-2.13,1,2,37,10.47,-5.35,0.9868,36,19.8,-1.9,0.0132,2,37,7.9,-8.74,0.87527,36,18.39,-5.9,0.12473,2,37,7.31,-15.83,0.78879,36,19.99,-12.84,0.21121,2,37,5.82,-16.02,0.78521,36,18.63,-13.48,0.21479,2,37,1.83,-13.25,0.67984,36,13.99,-12.06,0.32016,3,37,-10.34,-8.98,0.03506,36,1.1,-11.71,0.77086,35,15.42,-10.16,0.19407,2,36,-5.05,-9.46,0.42681,35,8.89,-10.71,0.57319],"edges":[0,30,0,2,2,4,4,6,6,8,8,10,10,12,12,14,14,16,16,18,18,20,20,22,22,24,24,26,26,28,28,30]}},"nv_zui":{"nv_zui":{"y":0.5,"width":6,"height":9}},"nv_ns":{"nv_ns":{"width":34,"height":22}},"nan_shou":{"nan_shou":{"type":"mesh","hull":20,"width":54,"height":64,"uvs":[0.92905,0,0.97055,0.04048,1,0.13932,1,0.20798,0.93156,0.36597,0.7746,0.63268,0.70439,0.74228,0.41044,0.86519,0.31518,0.92217,0.27802,0.98481,0.24137,1,0.05382,1,0.01818,0.96887,0.01664,0.80999,0.3128,0.71915,0.41828,0.63114,0.51822,0.53016,0.58299,0.25948,0.56301,0.10184,0.76537,0],"triangles":[15,16,6,7,14,15,7,15,6,8,14,7,13,14,8,11,12,13,13,8,11,8,10,11,9,10,8,1,19,0,17,18,19,19,1,2,3,4,2,2,17,19,4,17,2,4,16,17,5,16,4,6,16,5],"vertices":[1,15,-10.86,4.14,1,1,15,-9.03,7.04,1,1,15,-3.45,10.41,1,1,15,0.75,11.7,1,1,15,11.5,11.12,1,2,15,30.3,8,0.99541,16,-8.51,3.09,0.00459,2,15,38.12,6.43,0.4927,16,-1.66,7.17,0.5073,1,16,16,5.8,1,1,16,22.29,6.3,1,1,16,26.06,8.71,1,1,16,28.26,8.54,1,1,16,36.96,3.35,1,1,16,37.59,0.65,1,1,16,32.46,-8.12,1,1,16,15.75,-4.93,1,2,15,35.83,-10.43,0.10946,16,7.97,-6.85,0.89054,2,15,28.08,-7.16,0.79243,16,0.02,-9.64,0.20757,1,15,10.49,-8.87,1,1,15,1.15,-12.85,1,1,15,-8.27,-4.31,1],"edges":[0,38,0,2,2,4,4,6,6,8,8,10,10,12,12,14,14,16,16,18,18,20,20,22,22,24,24,26,26,28,28,30,30,32,32,34,34,36,36,38]}},"nan_nj":{"nan_nj":{"type":"mesh","hull":17,"width":57,"height":63,"uvs":[0.91233,0.01559,0.98317,0.01563,0.98406,0.0845,0.81655,0.2098,0.45024,0.37691,0.38653,0.49545,0.3863,1,0.11491,1,0.01517,0.99972,0.01663,0.91121,0.21018,0.83655,0.20999,0.75926,0.19249,0.70038,0.19258,0.23912,0.28764,0.14811,0.55132,0.06312,0.78089,0.06311],"triangles":[7,9,10,8,9,7,12,13,5,11,12,5,6,10,11,5,6,11,7,10,6,2,3,16,0,2,16,2,0,1,4,14,15,13,14,4,3,4,15,3,15,16,5,13,4],"vertices":[1,40,-9.93,-2.81,1,1,40,-13.59,-1.1,1,1,40,-11.8,2.86,1,1,40,0.19,5.97,1,2,40,23.56,6.68,0.79207,41,2.23,10.41,0.20793,2,40,30.01,11.91,0.10197,41,9.8,7.01,0.89803,2,41,41.58,7.99,0.97801,43,-7.7,4.25,0.02199,1,43,7.75,3.59,1,1,43,13.43,3.34,1,2,41,36.64,-13.24,0.00024,43,13.11,-2.23,0.99976,2,41,31.6,-2.36,0.89087,43,1.89,-6.47,0.10913,2,41,26.73,-2.53,0.99965,43,1.7,-11.33,0.00035,1,41,23.05,-3.64,1,2,40,33.2,-7.4,0.91643,41,-5.99,-4.54,0.08357,1,40,25.86,-10.3,1,1,40,9.98,-8.8,1,1,40,-1.88,-3.26,1],"edges":[0,32,0,2,2,4,4,6,6,8,8,10,10,12,12,14,14,16,16,18,18,20,20,22,22,24,24,26,26,28,28,30,30,32]}},"nv_tou":{"nv_tou":{"type":"mesh","hull":79,"width":44,"height":69,"uvs":[0.54549,0.01435,0.77279,0.04334,0.77282,0.04334,0.81829,0.05784,0.8183,0.05785,0.8865,0.08684,0.88652,0.08685,0.93199,0.11585,0.93201,0.11587,0.95475,0.14487,0.95476,0.14488,0.97749,0.18837,0.9775,0.18839,0.9775,0.31885,0.97749,0.31888,0.93208,0.40576,0.95474,0.42021,0.95477,0.42026,0.95477,0.47827,0.95477,0.4783,0.93203,0.52179,0.93203,0.52179,0.88657,0.59426,0.88657,0.59427,0.86381,0.62329,0.8637,0.62333,0.77271,0.62333,0.77268,0.62333,0.61386,0.5944,0.61386,0.63769,0.61386,0.63772,0.59112,0.68122,0.59109,0.68125,0.56831,0.69578,0.56823,0.6958,0.52263,0.6958,0.5225,0.69571,0.5225,0.6813,0.31841,0.6813,0.31841,0.69566,0.31841,0.69567,0.29568,0.78264,0.29567,0.78264,0.25022,0.8841,0.25022,0.8841,0.20475,0.97108,0.20472,0.97111,0.18195,0.98563,0.18186,0.98565,0.06812,0.98565,0.06801,0.98561,0.04524,0.95657,0.04523,0.95654,0.04523,0.84057,0.04524,0.84054,0.0907,0.76806,0.0907,0.76805,0.15872,0.6813,0.11357,0.6813,0.11346,0.68126,0.06797,0.62325,0.06796,0.62323,0.04523,0.56525,0.04523,0.56524,0,0.39219,0,0.3181,0.02251,0.24634,0.02251,0.24634,0.04524,0.20285,0.04525,0.20284,0.06798,0.17384,0.06799,0.17384,0.11346,0.13035,0.11348,0.13033,0.2726,0.04336,0.27265,0.04334,0.4545,0.01435,0.45453,0.01435,0.54547,0.01435],"triangles":[15,16,17,15,17,18,18,20,15,19,20,18,20,21,15,21,22,15,28,15,27,27,15,22,28,76,15,28,62,70,22,23,27,23,26,27,23,25,26,24,25,23,29,30,28,28,30,32,30,31,32,28,37,38,32,37,28,37,35,36,32,33,37,37,34,35,33,34,37,12,10,11,10,12,8,13,8,12,6,8,13,10,8,9,14,15,13,15,6,13,5,6,15,8,6,7,15,0,1,3,1,2,3,15,1,15,3,4,5,15,4,78,0,15,76,77,78,78,15,76,74,75,76,76,73,74,28,73,76,64,65,66,67,70,66,66,70,64,70,63,64,70,68,69,68,70,67,71,72,73,28,71,73,70,71,28,70,62,63,28,61,62,60,61,28,58,59,60,60,28,58,28,57,58,28,38,57,57,38,39,40,57,39,41,57,40,56,57,41,42,56,41,42,55,56,43,55,42,54,55,43,53,54,43,44,53,43,52,53,44,51,52,47,44,45,52,52,45,47,51,49,50,47,45,46,51,48,49,47,48,51],"vertices":[2,28,-4.75,-3.91,0.93266,33,-7.43,-7.95,0.06734,2,28,-10.48,4.52,0.13199,33,-8.41,2.21,0.86801,2,28,-10.48,4.52,0.13199,33,-8.41,2.21,0.86801,2,28,-11.21,6.64,0.05908,33,-8.03,4.41,0.94092,2,28,-11.21,6.64,0.05908,33,-8.03,4.41,0.94092,3,28,-11.95,10.17,0.00644,33,-6.98,7.86,0.99336,34,-21.6,12.2,0.0002,3,28,-11.95,10.17,0.00644,33,-6.98,7.87,0.99336,34,-21.6,12.2,0.0002,3,28,-11.98,13,0,33,-5.65,10.36,0.99701,34,-19.81,14.4,0.00298,2,33,-5.65,10.36,0.99701,34,-19.81,14.4,0.00299,2,33,-4.02,11.9,0.99085,34,-17.92,15.6,0.00915,2,33,-4.02,11.9,0.99085,34,-17.92,15.6,0.00915,2,33,-1.44,13.72,0.97362,34,-15.04,16.9,0.02638,2,33,-1.43,13.72,0.97361,34,-15.04,16.9,0.02639,2,33,7.18,16.33,0.80605,34,-6.08,17.81,0.19395,2,33,7.18,16.33,0.80601,34,-6.08,17.81,0.19399,2,33,13.5,16.15,0.50322,34,0.09,16.43,0.49678,2,33,14.17,17.39,0.43334,34,0.98,17.53,0.56666,2,33,14.17,17.39,0.43333,34,0.98,17.53,0.56667,2,33,18,18.55,0.29533,34,4.96,17.93,0.70467,2,33,18,18.55,0.29529,34,4.96,17.93,0.70471,2,33,21.16,18.46,0.19894,34,8.05,17.24,0.80106,2,33,21.17,18.46,0.19894,34,8.05,17.24,0.80106,2,33,26.53,17.99,0.07826,34,13.23,15.76,0.92174,2,33,26.53,17.99,0.07826,34,13.23,15.76,0.92174,2,33,28.74,17.61,0.06019,34,15.32,14.97,0.93981,2,33,28.74,17.61,0.06018,34,15.33,14.96,0.93982,2,33,29.9,13.78,0.03985,34,15.73,10.98,0.96015,2,33,29.9,13.78,0.03984,34,15.73,10.98,0.96016,2,33,30.01,6.51,0.00207,34,14.46,3.82,0.99793,2,33,32.87,7.37,0,34,17.43,4.13,1,2,33,32.87,7.37,0,34,17.43,4.13,1,3,31,-1.72,15.58,0.00149,33,36.03,7.28,0,34,20.52,3.44,0.99851,4,31,-1.72,15.58,0.0015,30,18.97,15.21,0,33,36.04,7.28,0,34,20.52,3.44,0.9985,4,31,-0.46,14.93,0.00391,30,19.92,14.17,0.00104,33,37.29,6.61,0,34,21.62,2.54,0.99504,4,31,-0.46,14.92,0.00392,30,19.92,14.16,0.00105,33,37.29,6.61,0,34,21.62,2.54,0.99503,4,31,0.15,13.01,0.01053,30,19.84,12.16,0.00725,33,37.87,4.69,0,34,21.82,0.54,0.98222,4,31,0.15,13.01,0.01054,30,19.83,12.15,0.00726,33,37.86,4.68,0,34,21.82,0.54,0.9822,4,31,-0.8,12.7,0.01809,30,18.84,12.2,0.01651,33,36.91,4.39,0,34,20.83,0.43,0.9654,3,31,1.94,4.15,0.72667,30,18.45,3.22,0.13933,34,21.74,-8.5,0.134,3,31,2.88,4.45,0.88508,30,19.44,3.18,0.05096,34,22.73,-8.4,0.06396,3,31,2.88,4.45,0.88508,30,19.44,3.18,0.05096,34,22.73,-8.4,0.06396,2,32,-2.83,6.1,0.08111,31,8.9,5.33,0.91889,2,32,-2.82,6.1,0.08111,31,8.9,5.33,0.91889,2,32,4.33,4.73,0.9153,31,16.18,5.56,0.0847,2,32,4.33,4.73,0.9153,31,16.18,5.56,0.0847,1,32,10.48,3.27,1,1,32,10.48,3.27,1,1,32,11.57,2.36,1,1,32,11.57,2.35,1,2,32,12.02,-2.63,1,33,62.8,-8.67,0,2,32,12.02,-2.64,1,33,62.79,-8.68,0,2,32,10.11,-3.81,1,33,61.17,-10.22,0,2,32,10.11,-3.81,1,33,61.16,-10.22,0,3,32,2.14,-4.53,0.93248,31,16.07,-3.95,0.06752,33,53.5,-12.53,0,3,32,2.13,-4.53,0.93236,31,16.07,-3.95,0.06764,33,53.5,-12.53,0,3,32,-3.03,-2.98,0.07245,31,10.69,-3.57,0.92755,33,48.14,-12.06,0,3,32,-3.03,-2.98,0.07245,31,10.69,-3.57,0.92755,33,48.14,-12.06,0,3,31,4.08,-2.54,0.8965,30,18.14,-3.8,0.1035,33,41.54,-10.93,0,3,31,4.69,-4.43,0.73059,30,18.06,-5.78,0.26941,33,42.12,-12.83,0,3,31,4.68,-4.44,0.73067,30,18.05,-5.78,0.26933,33,42.11,-12.84,0,3,31,1.48,-7.57,0.34621,30,13.97,-7.61,0.65379,33,38.86,-15.91,0,3,31,1.48,-7.57,0.34621,30,13.97,-7.61,0.65379,33,38.86,-15.91,0,4,31,-2.03,-9.74,0.09749,30,9.93,-8.44,0.9008,29,26.19,-4.1,0.00172,33,35.32,-18.02,0,4,31,-2.03,-9.74,0.09749,30,9.93,-8.44,0.9008,29,26.19,-4.1,0.00172,33,35.32,-18.02,0,3,30,-2.09,-9.91,0.39705,29,15.6,-9.97,0.60295,33,24.46,-23.38,0,3,30,-7.2,-9.68,0.10812,29,10.78,-11.68,0.88771,28,27.07,-5.76,0.00417,3,30,-12.1,-8.48,0.01076,29,5.79,-12.4,0.92299,28,22.89,-8.6,0.06625,3,30,-12.1,-8.48,0.01076,29,5.79,-12.4,0.92299,28,22.89,-8.6,0.06625,3,30,-15.06,-7.35,0.00031,29,2.62,-12.46,0.83433,28,20.08,-10.04,0.16537,3,30,-15.06,-7.35,0.00031,29,2.62,-12.46,0.83433,28,20.07,-10.04,0.16537,2,29,0.4,-12.18,0.73317,28,17.96,-10.77,0.26683,2,29,0.4,-12.18,0.73317,28,17.96,-10.77,0.26683,2,29,-3.09,-11.3,0.52347,28,14.43,-11.51,0.47653,2,29,-3.09,-11.3,0.52339,28,14.43,-11.51,0.47661,2,29,-11.09,-6.7,0.04865,28,5.23,-10.89,0.95135,2,29,-11.09,-6.7,0.04863,28,5.23,-10.89,0.95136,1,28,-1.89,-6.71,1,1,28,-1.89,-6.71,1,2,28,-4.74,-3.91,0.93266,33,-7.43,-7.95,0.06734],"edges":[0,156,0,2,2,4,4,6,6,8,8,10,10,12,12,14,14,16,16,18,18,20,20,22,22,24,24,26,26,28,28,30,30,32,32,34,34,36,36,38,38,40,40,42,42,44,44,46,46,48,48,50,50,52,52,54,54,56,56,58,58,60,60,62,62,64,64,66,66,68,68,70,70,72,72,74,74,76,76,78,78,80,80,82,82,84,84,86,86,88,88,90,90,92,92,94,94,96,96,98,98,100,100,102,102,104,104,106,106,108,108,110,110,112,112,114,114,116,116,118,118,120,120,122,122,124,124,126,126,128,128,130,130,132,132,134,134,136,136,138,138,140,140,142,142,144,144,146,146,148,148,150,150,152,152,154,154,156]}},"nan_ns":{"nan_ns":{"x":-8.14,"y":-21.34,"width":35,"height":54}},"nv_st":{"nv_st":{"type":"mesh","hull":33,"width":74,"height":103,"uvs":[0.17545,0.01894,0.22867,0.01915,0.37872,0.12552,0.37896,0.18049,0.47315,0.19398,0.56794,0.2621,0.56789,0.28159,0.52706,0.31083,0.46342,0.32607,0.50189,0.41301,0.4483,0.47575,0.33303,0.47643,0.37815,0.54355,0.73008,0.54339,0.85191,0.55449,0.89564,0.61189,0.81881,0.83213,0.81113,0.88973,0.91892,0.9415,0.91955,0.98491,0.84431,1,0.78196,1,0.64028,0.9901,0.60934,0.95882,0.66179,0.84273,0.64839,0.7871,0.6476,0.7106,0.4073,0.77717,0.1596,0.77713,0.05413,0.69909,0.01275,0.58447,0.01354,0.282,0.08916,0.08024],"triangles":[9,11,8,9,10,11,5,7,4,6,7,5,8,3,4,8,4,7,3,8,31,32,2,3,2,32,1,32,0,1,3,31,32,8,11,31,30,31,11,12,30,11,12,29,30,26,12,13,28,29,12,27,28,12,26,27,12,13,15,26,14,15,13,15,16,26,25,26,16,24,25,16,17,24,16,23,24,17,22,23,17,21,22,17,20,21,17,18,20,17,19,20,18],"vertices":[3,7,42.61,2.9,0.04358,8,15.75,4.42,0.95618,10,-12.07,13.25,0.00024,2,7,43.06,-1.01,0.0007,8,16.51,0.56,0.9993,2,8,7.98,-12.5,0.25961,10,6.12,9.29,0.74039,2,8,2.43,-13.64,0.03614,10,8.42,4.12,0.96386,1,10,15.36,5.66,1,1,10,24.61,2.07,1,2,10,25.42,0.24,0.99448,27,12.08,17.96,0.00552,2,10,23.87,-3.74,0.91671,27,11.57,13.72,0.08329,2,10,20.2,-7.08,0.53689,27,8.83,9.58,0.46311,2,10,26.42,-14.12,0.02218,27,16.61,4.3,0.97782,3,23,18.36,15.74,0.00116,6,10.66,-20.83,0.01465,27,17.48,-3.24,0.98419,3,23,9.83,15.82,0.17869,6,12.54,-12.51,0.80503,7,-2.77,-14.34,0.01628,2,23,13.04,8.85,0.71884,6,5.05,-14.18,0.28116,2,24,-7.35,-5.86,0.40072,23,39.08,8.39,0.59928,2,24,-7.59,3.23,0.62245,23,48.07,7.08,0.37755,2,24,-2.24,7.33,0.02235,23,51.2,1.11,0.97765,2,26,4.06,11.85,0.01881,24,21.05,5.16,0.98119,2,26,4.96,5.96,0.42936,24,27,5.51,0.57064,1,26,14,2.75,1,1,26,15.14,-1.58,1,1,26,10.13,-4.45,1,1,26,5.65,-5.58,1,2,26,-4.76,-7.16,0.49036,24,39.14,-5.42,0.50964,2,26,-7.77,-4.59,0.34263,24,36.3,-8.17,0.65737,2,24,23.9,-6.15,0.99952,23,33.46,-22.34,0.00048,2,24,18.38,-8.01,0.96224,23,32.57,-16.6,0.03776,2,24,10.6,-9.26,0.45939,23,32.66,-8.72,0.54061,1,23,14.75,-15.25,1,1,23,-3.57,-14.91,1,2,23,-11.23,-6.73,0.9492,6,-5.05,12.83,0.0508,2,23,-14.07,5.13,0.31679,6,7.14,13.11,0.68321,1,7,14.27,11.54,1,3,7,35.57,8.48,0.53783,8,8.29,9.43,0.46214,10,-15.36,4.9,0.00003],"edges":[0,64,0,2,2,4,4,6,6,8,8,10,10,12,12,14,14,16,16,18,18,20,20,22,22,24,24,26,26,28,28,30,30,32,32,34,34,36,36,38,38,40,40,42,42,44,44,46,46,48,48,50,50,52,52,54,54,56,56,58,58,60,60,62,62,64]}}}}],"events":{"plug_into":{},"shoot_sperm":{}},"animations":{"animation":{"slots":{"nv_zui":{"color":[{"color":"ffffffff"},{"time":0.3333,"color":"ffffff00"},{"time":0.8333,"color":"ffffffff"}]}},"bones":{"nan_st6":{"rotate":[{},{"time":0.3333,"angle":-2.08},{"time":0.8333}]},"nv_st":{"translate":[{},{"time":0.3333,"x":8.6,"y":3.01},{"time":0.8333}]},"nv_st5":{"rotate":[{},{"time":0.3333,"angle":-19.65},{"time":0.8333}]},"nv_st6":{"rotate":[{},{"time":0.3333,"angle":39.36},{"time":0.8333}]},"nv_st7":{"rotate":[{},{"time":0.3333,"angle":-15.88},{"time":0.8333}]},"nv_st8":{"rotate":[{"angle":4.13}]},"nv_shou":{"rotate":[{"angle":-8.01}]},"nan_shou2":{"rotate":[{"angle":-0.95}]},"nan_shou3":{"rotate":[{"angle":2.07}]},"nan_st2":{"rotate":[{"angle":0.62}]},"nan_st3":{"rotate":[{"angle":-1.1}]},"nan_st7":{"rotate":[{},{"time":0.3333,"angle":-6.28},{"time":0.8333}]},"nv_st2":{"rotate":[{"angle":-0.61}]},"nv_st3":{"rotate":[{"angle":0.3}]},"nv_tou5":{"rotate":[{},{"time":0.2333,"angle":-6},{"time":0.5,"angle":7.82},{"time":0.8333}]},"nv_tou6":{"rotate":[{},{"time":0.3333,"angle":-25.68},{"time":0.6333,"angle":8.99},{"time":0.8333}]},"target3":{"translate":[{},{"time":0.3333,"x":6.68,"y":8.99},{"time":0.8333}]},"nan_nj2":{"rotate":[{"angle":0.32}]},"nan_nj3":{"rotate":[{"angle":-0.88}]}},"deform":{"default":{"nv_maozi":{"nv_maozi":[{},{"time":0.2667,"vertices":[1.4908,-1.1029,1.81682,-0.37198,0,0,0,0,0,0,0,0,0,0,0,0,0,0,0,0,0,0,0,0,0,0,0,0,1.08253,-1.50572,1.4908,-1.1029,1.08253,-1.50572,1.4908,-1.1029,1.08253,-1.50572,1.4908,-1.1029,1.08253,-1.50572,1.4908,-1.1029,1.08253,-1.50572,1.4908,-1.1029,1.08253,-1.50572,1.4908,-1.1029,1.81682,-0.37198,1.4908,-1.1029,1.81682,-0.37198]},{"time":0.5667,"vertices":[1.22287,1.51877,0.46903,1.89265,0,0,0,0,0,0,0,0,0,0,0,0,0,0,0,0,0,0,0,0,0,0,0,0,1.62849,1.07243,1.22287,1.51877,1.62849,1.07243,1.22287,1.51877,1.62849,1.07243,1.22287,1.51877,1.62849,1.07243,1.22287,1.51877,1.62849,1.07243,1.22287,1.51877,1.62849,1.07243,1.22287,1.51877,0.46903,1.89265,1.22287,1.51877,0.46903,1.89265]},{"time":0.8333}]},"nv_st":{"nv_st":[{},{"time":0.1667,"offset":34,"vertices":[0.15658,-1.38654,-0.0281,-1.14822,-0.51231,-0.25518,-0.2515,0.51412,-0.30489,-0.48436,0,0,0,0,0,0,0,0,0,0,0,0,0,0,0,0,0,0,0,0,0,0,0,0,0,0,0,0,0,0,0,0,0,0,0,0,0,0,0,0,0,0,0,0,0,0,0,0,0,0,0,0,0,0,0,0,0,0,0,0,0,0,0,0,0,0,0.74094,0.4361,0.38851,-0.76123]},{"time":0.3333,"offset":34,"vertices":[-2.3154,-3.50644,-2.5905,-3.3084,-1.02462,-0.51035,-0.503,1.02823,-0.60978,-0.96873,0,0,0,0,0,0,0,0,0,0,0,0,0,0,0,0,0,0,0,0,0,0,0,0,0,0,0,0,0,0,0,0,0,0,0,0,0,0,0,0,0,0,0,0,0,0,0,0,0,0,0,0,0,0,0,0,0,0,0,0,0,0,0,0,0,0,1.48189,0.8722,0.77703,-1.52247]},{"time":0.5,"offset":34,"vertices":[-1.84476,-2.00951,-1.92248,-2.00667,-1.18434,0.03826,0.12163,1.14924,-1.01978,-0.63803,0,0,0,0,0,0,0,0,0,0,0,0,0,0,0,0,0,0,0,0,0,0,0,0,0,0,0,0,0,0,0,0,0,0,0,0,0,0,0,0,0,0,0,0,0,0,0,0,0,0,0,0,0,0,0,0,0,0,0,0,0,0,0,0,0,0,0.69155,0.40702,0.36261,-0.71048]},{"time":0.6667,"offset":34,"vertices":[0.82199,-0.39884,0.65091,-0.10288,1.16005,-0.79465,-0.9986,-1.04097,1.38264,0.06921,0,0,0,0,0,0,0,0,0,0,0,0,0,0,0,0,0,0,0,0,0,0,0,0,0,0,0,0,0,0,0,0,0,0,0,0,0,0,0,0,0,0,0,0,0,0,0,0,0,0,0,0,0,0,0,0,0,0,0,0,0,0,0,0,0,0,0.34577,0.20351,0.18131,-0.35524]},{"time":0.8333}]},"nan_st":{"nan_st":[{},{"time":0.3333,"offset":68,"vertices":[-3.31947,6.7905,-7.51375,-0.82035,-7.51375,-0.82035,5.02966,-5.6423,3.89875,-6.47515]},{"time":0.8333}]},"nan_nj":{"nan_nj":[{},{"time":0.3333,"offset":42,"vertices":[-6.46539,0.59136,-4.79619,1.04958]},{"time":0.8333}]}}},"events":[{"time":0.3333,"name":"plug_into"}]},"duang":{"slots":{"ps":{"attachment":[{"time":0.6667,"name":"s1"},{"time":0.7333,"name":"s2"},{"time":0.8,"name":"s3"},{"time":0.8667,"name":"s4"},{"time":0.9333,"name":null},{"time":1.3333,"name":"s1"},{"time":1.4,"name":"s2"},{"time":1.4667,"name":"s3"},{"time":1.5333,"name":"s4"},{"time":1.6,"name":null},{"time":2,"name":"s1"},{"time":2.0667,"name":"s2"},{"time":2.1333,"name":"s3"},{"time":2.2,"name":"s4"},{"time":2.2667,"name":null}]},"nv_zui":{"color":[{"color":"ffffffff"},{"time":0.1,"color":"ffffff00"},{"time":0.2667,"color":"ffffffff"},{"time":0.3667,"color":"ffffff00"}]}},"bones":{"nan_st6":{"rotate":[{},{"time":0.1,"angle":-2.08},{"time":0.2667},{"time":0.3667,"angle":-2.08}]},"nv_st":{"translate":[{},{"time":0.1,"x":8.6,"y":3.01},{"time":0.2667},{"time":0.3667,"x":8.6,"y":3.01},{"time":0.4,"x":9.51,"y":3.69},{"time":0.4333,"x":9.96,"y":3.01},{"time":0.4667,"x":9.51,"y":2.56},{"time":0.5,"x":9.05,"y":3.24},{"time":0.5333,"x":9.96,"y":3.69},{"time":0.5667,"x":10.42,"y":3.01},{"time":0.6,"x":8.6,"y":3.01},{"time":0.6333,"x":9.51,"y":3.69},{"time":0.6667,"x":9.96,"y":3.01},{"time":0.7,"x":9.51,"y":2.56},{"time":0.7333,"x":9.05,"y":3.24},{"time":0.7667,"x":9.96,"y":3.69},{"time":0.8,"x":10.42,"y":3.01},{"time":0.8333,"x":8.6,"y":3.01},{"time":0.8667,"x":9.51,"y":3.69},{"time":0.9,"x":9.96,"y":3.01},{"time":0.9333,"x":9.51,"y":2.56},{"time":0.9667,"x":9.05,"y":3.24},{"time":1,"x":9.96,"y":3.69},{"time":1.0333,"x":10.42,"y":3.01},{"time":1.0667,"x":9.51,"y":3.69},{"time":1.1,"x":9.96,"y":3.01},{"time":1.1333,"x":9.51,"y":2.56},{"time":1.1667,"x":9.05,"y":3.24},{"time":1.2,"x":9.96,"y":3.69},{"time":1.2333,"x":10.42,"y":3.01},{"time":1.2667,"x":8.6,"y":3.01},{"time":1.3,"x":9.51,"y":3.69},{"time":1.3333,"x":9.96,"y":3.01},{"time":1.3667,"x":9.51,"y":2.56},{"time":1.4,"x":9.05,"y":3.24},{"time":1.4333,"x":9.96,"y":3.69},{"time":1.4667,"x":10.42,"y":3.01},{"time":1.5,"x":8.6,"y":3.01},{"time":1.5333,"x":9.51,"y":3.69},{"time":1.5667,"x":9.96,"y":3.01},{"time":1.6,"x":9.51,"y":2.56},{"time":1.6333,"x":9.05,"y":3.24},{"time":1.6667,"x":9.96,"y":3.69},{"time":1.7,"x":10.42,"y":3.01},{"time":1.7333,"x":9.51,"y":3.69},{"time":1.7667,"x":9.96,"y":3.01},{"time":1.8,"x":9.51,"y":2.56},{"time":1.8333,"x":9.05,"y":3.24},{"time":1.8667,"x":9.96,"y":3.69},{"time":1.9,"x":10.42,"y":3.01},{"time":1.9333,"x":8.6,"y":3.01},{"time":1.9667,"x":9.51,"y":3.69},{"time":2,"x":9.96,"y":3.01},{"time":2.0333,"x":9.51,"y":2.56},{"time":2.0667,"x":9.05,"y":3.24},{"time":2.1,"x":9.96,"y":3.69},{"time":2.1333,"x":10.42,"y":3.01},{"time":2.1667,"x":8.6,"y":3.01},{"time":2.2,"x":9.51,"y":3.69},{"time":2.2333,"x":9.96,"y":3.01},{"time":2.2667,"x":9.51,"y":2.56},{"time":2.3,"x":9.05,"y":3.24},{"time":2.3333,"x":9.96,"y":3.69},{"time":2.3667,"x":10.42,"y":3.01}]},"nv_st5":{"rotate":[{},{"time":0.1,"angle":-19.65},{"time":0.2667},{"time":0.3667,"angle":-19.65}]},"nv_st6":{"rotate":[{},{"time":0.1,"angle":39.36},{"time":0.2667},{"time":0.3667,"angle":39.36}]},"nv_st7":{"rotate":[{},{"time":0.1,"angle":-15.88},{"time":0.2667},{"time":0.3667,"angle":-15.88}]},"nv_st8":{"rotate":[{"angle":4.13}]},"nv_shou":{"rotate":[{"angle":-8.01}]},"nan_shou2":{"rotate":[{"angle":-0.95}]},"nan_shou3":{"rotate":[{"angle":2.07}]},"nan_st2":{"rotate":[{"angle":0.62}]},"nan_st3":{"rotate":[{"angle":-1.1}]},"nan_st7":{"rotate":[{},{"time":0.1,"angle":-6.28},{"time":0.2667},{"time":0.3667,"angle":-6.28}]},"nv_st2":{"rotate":[{"angle":-0.61}]},"nv_st3":{"rotate":[{"angle":0.3}]},"nv_tou5":{"rotate":[{},{"time":0.1,"angle":-6},{"time":0.1667,"angle":7.82},{"time":0.2667},{"time":0.3667,"angle":-6},{"time":0.5333,"angle":9.87},{"time":0.8,"angle":4.83},{"time":1.0333},{"time":1.2,"angle":9.87},{"time":1.4667,"angle":4.83},{"time":1.7},{"time":1.8667,"angle":9.87},{"time":2.1333,"angle":4.83},{"time":2.3667}]},"nv_tou6":{"rotate":[{},{"time":0.1,"angle":-25.68},{"time":0.2333,"angle":8.99},{"time":0.2667},{"time":0.3667,"angle":-25.68},{"time":0.5667,"angle":7.34},{"time":0.8,"angle":-9.84},{"time":1.0333},{"time":1.2333,"angle":7.34},{"time":1.4667,"angle":-9.84},{"time":1.7},{"time":1.9,"angle":7.34},{"time":2.1333,"angle":-9.84},{"time":2.3667}]},"target3":{"translate":[{},{"time":0.1,"x":6.68,"y":8.99},{"time":0.2667},{"time":0.3667,"x":6.68,"y":8.99},{"time":0.4,"x":7.51,"y":10.18},{"time":0.4333,"x":7.75,"y":9.83},{"time":0.4667,"x":7.16,"y":9.83},{"time":0.5,"x":6.92,"y":10.18},{"time":0.5333,"x":7.63,"y":10.18},{"time":0.5667,"x":8.23,"y":9.95},{"time":0.6,"x":7.51,"y":9.95},{"time":0.6333,"x":7.87,"y":10.66},{"time":0.6667,"x":8.35,"y":9.83},{"time":0.7,"x":8.11,"y":9.23},{"time":0.7333,"x":7.16,"y":9.95},{"time":0.7667,"x":8.11,"y":10.18},{"time":0.8,"x":8.59,"y":9.83},{"time":0.8333,"x":7.75,"y":9.71},{"time":0.8667,"x":8.82,"y":9.83},{"time":0.9,"x":9.06,"y":9.47},{"time":0.9333,"x":8.35,"y":9.23},{"time":0.9667,"x":7.28,"y":9.71},{"time":1,"x":7.75,"y":10.07},{"time":1.0333,"x":7.99,"y":9.23},{"time":1.0667,"x":7.51,"y":10.18},{"time":1.1,"x":7.75,"y":9.83},{"time":1.1333,"x":7.16,"y":9.83},{"time":1.1667,"x":6.92,"y":10.18},{"time":1.2,"x":7.63,"y":10.18},{"time":1.2333,"x":8.23,"y":9.95},{"time":1.2667,"x":7.51,"y":9.95},{"time":1.3,"x":7.87,"y":10.66},{"time":1.3333,"x":8.35,"y":9.83},{"time":1.3667,"x":8.11,"y":9.23},{"time":1.4,"x":7.16,"y":9.95},{"time":1.4333,"x":8.11,"y":10.18},{"time":1.4667,"x":8.59,"y":9.83},{"time":1.5,"x":7.75,"y":9.71},{"time":1.5333,"x":8.82,"y":9.83},{"time":1.5667,"x":9.06,"y":9.47},{"time":1.6,"x":8.35,"y":9.23},{"time":1.6333,"x":7.28,"y":9.71},{"time":1.6667,"x":7.75,"y":10.07},{"time":1.7,"x":7.99,"y":9.23},{"time":1.7333,"x":7.51,"y":10.18},{"time":1.7667,"x":7.75,"y":9.83},{"time":1.8,"x":7.16,"y":9.83},{"time":1.8333,"x":6.92,"y":10.18},{"time":1.8667,"x":7.63,"y":10.18},{"time":1.9,"x":8.23,"y":9.95},{"time":1.9333,"x":7.51,"y":9.95},{"time":1.9667,"x":7.87,"y":10.66},{"time":2,"x":8.35,"y":9.83},{"time":2.0333,"x":8.11,"y":9.23},{"time":2.0667,"x":7.16,"y":9.95},{"time":2.1,"x":8.11,"y":10.18},{"time":2.1333,"x":8.59,"y":9.83},{"time":2.1667,"x":7.75,"y":9.71},{"time":2.2,"x":8.82,"y":9.83},{"time":2.2333,"x":9.06,"y":9.47},{"time":2.2667,"x":8.35,"y":9.23},{"time":2.3,"x":7.28,"y":9.71},{"time":2.3333,"x":7.75,"y":10.07},{"time":2.3667,"x":7.99,"y":9.23}]},"nan_nj2":{"rotate":[{"angle":0.32}]},"nan_nj3":{"rotate":[{"angle":-0.88}]}},"deform":{"default":{"nv_maozi":{"nv_maozi":[{},{"time":0.1,"vertices":[1.4908,-1.1029,1.81682,-0.37198,0,0,0,0,0,0,0,0,0,0,0,0,0,0,0,0,0,0,0,0,0,0,0,0,1.08253,-1.50572,1.4908,-1.1029,1.08253,-1.50572,1.4908,-1.1029,1.08253,-1.50572,1.4908,-1.1029,1.08253,-1.50572,1.4908,-1.1029,1.08253,-1.50572,1.4908,-1.1029,1.08253,-1.50572,1.4908,-1.1029,1.81682,-0.37198,1.4908,-1.1029,1.81682,-0.37198]},{"time":0.2,"vertices":[1.22287,1.51877,0.46903,1.89265,0,0,0,0,0,0,0,0,0,0,0,0,0,0,0,0,0,0,0,0,0,0,0,0,1.62849,1.07243,1.22287,1.51877,1.62849,1.07243,1.22287,1.51877,1.62849,1.07243,1.22287,1.51877,1.62849,1.07243,1.22287,1.51877,1.62849,1.07243,1.22287,1.51877,1.62849,1.07243,1.22287,1.51877,0.46903,1.89265,1.22287,1.51877,0.46903,1.89265]},{"time":0.2667},{"time":0.3667,"vertices":[1.4908,-1.1029,1.81682,-0.37198,0,0,0,0,0,0,0,0,0,0,0,0,0,0,0,0,0,0,0,0,0,0,0,0,1.08253,-1.50572,1.4908,-1.1029,1.08253,-1.50572,1.4908,-1.1029,1.08253,-1.50572,1.4908,-1.1029,1.08253,-1.50572,1.4908,-1.1029,1.08253,-1.50572,1.4908,-1.1029,1.08253,-1.50572,1.4908,-1.1029,1.81682,-0.37198,1.4908,-1.1029,1.81682,-0.37198]}]},"nv_st":{"nv_st":[{},{"time":0.0667,"offset":34,"vertices":[0.15658,-1.38654,-0.0281,-1.14822,-0.51231,-0.25518,-0.2515,0.51412,-0.30489,-0.48436,0,0,0,0,0,0,0,0,0,0,0,0,0,0,0,0,0,0,0,0,0,0,0,0,0,0,0,0,0,0,0,0,0,0,0,0,0,0,0,0,0,0,0,0,0,0,0,0,0,0,0,0,0,0,0,0,0,0,0,0,0,0,0,0,0,0,0.74094,0.4361,0.38851,-0.76123]},{"time":0.1,"offset":34,"vertices":[-2.3154,-3.50644,-2.5905,-3.3084,-1.02462,-0.51035,-0.503,1.02823,-0.60978,-0.96873,0,0,0,0,0,0,0,0,0,0,0,0,0,0,0,0,0,0,0,0,0,0,0,0,0,0,0,0,0,0,0,0,0,0,0,0,0,0,0,0,0,0,0,0,0,0,0,0,0,0,0,0,0,0,0,0,0,0,0,0,0,0,0,0,0,0,1.48189,0.8722,0.77703,-1.52247]},{"time":0.1667,"offset":34,"vertices":[-1.84476,-2.00951,-1.92248,-2.00667,-1.18434,0.03826,0.12163,1.14924,-1.01978,-0.63803,0,0,0,0,0,0,0,0,0,0,0,0,0,0,0,0,0,0,0,0,0,0,0,0,0,0,0,0,0,0,0,0,0,0,0,0,0,0,0,0,0,0,0,0,0,0,0,0,0,0,0,0,0,0,0,0,0,0,0,0,0,0,0,0,0,0,0.69155,0.40702,0.36261,-0.71048]},{"time":0.2667},{"time":0.3333,"offset":34,"vertices":[0.15658,-1.38654,-0.0281,-1.14822,-0.51231,-0.25518,-0.2515,0.51412,-0.30489,-0.48436,0,0,0,0,0,0,0,0,0,0,0,0,0,0,0,0,0,0,0,0,0,0,0,0,0,0,0,0,0,0,0,0,0,0,0,0,0,0,0,0,0,0,0,0,0,0,0,0,0,0,0,0,0,0,0,0,0,0,0,0,0,0,0,0,0,0,0.74094,0.4361,0.38851,-0.76123]},{"time":0.3667,"offset":34,"vertices":[-2.3154,-3.50644,-2.5905,-3.3084,-1.02462,-0.51035,-0.503,1.02823,-0.60978,-0.96873,0,0,0,0,0,0,0,0,0,0,0,0,0,0,0,0,0,0,0,0,0,0,0,0,0,0,0,0,0,0,0,0,0,0,0,0,0,0,0,0,0,0,0,0,0,0,0,0,0,0,0,0,0,0,0,0,0,0,0,0,0,0,0,0,0,0,1.48189,0.8722,0.77703,-1.52247]}]},"nan_st":{"nan_st":[{},{"time":0.1,"offset":68,"vertices":[-3.31947,6.7905,-7.51375,-0.82035,-7.51375,-0.82035,5.02966,-5.6423,3.89875,-6.47515]},{"time":0.2667},{"time":0.3667,"offset":68,"vertices":[-3.31947,6.7905,-7.51375,-0.82035,-7.51375,-0.82035,5.02966,-5.6423,3.89875,-6.47515]},{"time":0.4,"offset":68,"vertices":[-3.31947,6.7905,-7.51375,-0.82035,-6.18493,-0.2841,3.82168,-4.87153,2.85418,-5.49424]},{"time":0.4333,"offset":68,"vertices":[-3.31947,6.7905,-7.51375,-0.82035,-8.52233,-0.4601,5.32176,-6.6727,3.9952,-7.54183]},{"time":0.4667,"offset":68,"vertices":[-3.31947,6.7905,-7.51375,-0.82035,-8.42622,0.51649,4.47076,-7.16131,3.0685,-7.8646]},{"time":0.5,"offset":68,"vertices":[-3.31947,6.7905,-7.51375,-0.82035,-8.63439,-0.42007,5.35422,-6.7872,4.00592,-7.66038]},{"time":0.5333,"offset":68,"vertices":[-3.31947,6.7905,-7.51375,-0.82035,-7.18548,0.45239,3.80276,-6.11379,2.60579,-6.71163]},{"time":0.5667,"offset":68,"vertices":[-3.31947,6.7905,-7.51375,-0.82035,-9.97916,0.06028,5.74367,-8.16106,4.1345,-9.08261]},{"time":0.6,"offset":68,"vertices":[-3.31947,6.7905,-7.51375,-0.82035,-10.00314,0.70067,5.23613,-8.55231,3.56335,-9.37323]},{"time":0.6333,"offset":68,"vertices":[-3.31947,6.7905,-7.51375,-0.82035,-9.691,-0.54809,6.07181,-7.57329,4.5657,-8.5657]},{"time":0.6667,"offset":68,"vertices":[-3.31947,6.7905,-7.51375,-0.82035,-7.51375,-0.82035,5.02966,-5.6423,3.89875,-6.47515]},{"time":0.7,"offset":68,"vertices":[-3.31947,6.7905,-7.51375,-0.82035,-6.18493,-0.2841,3.82168,-4.87153,2.85418,-5.49424]},{"time":0.7333,"offset":68,"vertices":[-3.31947,6.7905,-7.51375,-0.82035,-8.52233,-0.4601,5.32176,-6.6727,3.9952,-7.54183]},{"time":0.7667,"offset":68,"vertices":[-3.31947,6.7905,-7.51375,-0.82035,-8.42622,0.51649,4.47076,-7.16131,3.0685,-7.8646]},{"time":0.8,"offset":68,"vertices":[-3.31947,6.7905,-7.51375,-0.82035,-8.63439,-0.42007,5.35422,-6.7872,4.00592,-7.66038]},{"time":0.8333,"offset":68,"vertices":[-3.31947,6.7905,-7.51375,-0.82035,-7.18548,0.45239,3.80276,-6.11379,2.60579,-6.71163]},{"time":0.8667,"offset":68,"vertices":[-3.31947,6.7905,-7.51375,-0.82035,-9.97916,0.06028,5.74367,-8.16106,4.1345,-9.08261]},{"time":0.9,"offset":68,"vertices":[-3.31947,6.7905,-7.51375,-0.82035,-10.00314,0.70067,5.23613,-8.55231,3.56335,-9.37323]},{"time":0.9333,"offset":68,"vertices":[-3.31947,6.7905,-7.51375,-0.82035,-9.691,-0.54809,6.07181,-7.57329,4.5657,-8.5657]},{"time":1.0667,"offset":68,"vertices":[-3.31947,6.7905,-7.51375,-0.82035,-6.18493,-0.2841,3.82168,-4.87153,2.85418,-5.49424]},{"time":1.1,"offset":68,"vertices":[-3.31947,6.7905,-7.51375,-0.82035,-8.52233,-0.4601,5.32176,-6.6727,3.9952,-7.54183]},{"time":1.1333,"offset":68,"vertices":[-3.31947,6.7905,-7.51375,-0.82035,-8.42622,0.51649,4.47076,-7.16131,3.0685,-7.8646]},{"time":1.1667,"offset":68,"vertices":[-3.31947,6.7905,-7.51375,-0.82035,-8.63439,-0.42007,5.35422,-6.7872,4.00592,-7.66038]},{"time":1.2,"offset":68,"vertices":[-3.31947,6.7905,-7.51375,-0.82035,-7.18548,0.45239,3.80276,-6.11379,2.60579,-6.71163]},{"time":1.2333,"offset":68,"vertices":[-3.31947,6.7905,-7.51375,-0.82035,-9.97916,0.06028,5.74367,-8.16106,4.1345,-9.08261]},{"time":1.2667,"offset":68,"vertices":[-3.31947,6.7905,-7.51375,-0.82035,-10.00314,0.70067,5.23613,-8.55231,3.56335,-9.37323]},{"time":1.3,"offset":68,"vertices":[-3.31947,6.7905,-7.51375,-0.82035,-9.691,-0.54809,6.07181,-7.57329,4.5657,-8.5657]},{"time":1.3333,"offset":68,"vertices":[-3.31947,6.7905,-7.51375,-0.82035,-7.51375,-0.82035,5.02966,-5.6423,3.89875,-6.47515]},{"time":1.3667,"offset":68,"vertices":[-3.31947,6.7905,-7.51375,-0.82035,-6.18493,-0.2841,3.82168,-4.87153,2.85418,-5.49424]},{"time":1.4,"offset":68,"vertices":[-3.31947,6.7905,-7.51375,-0.82035,-8.52233,-0.4601,5.32176,-6.6727,3.9952,-7.54183]},{"time":1.4333,"offset":68,"vertices":[-3.31947,6.7905,-7.51375,-0.82035,-8.42622,0.51649,4.47076,-7.16131,3.0685,-7.8646]},{"time":1.4667,"offset":68,"vertices":[-3.31947,6.7905,-7.51375,-0.82035,-8.63439,-0.42007,5.35422,-6.7872,4.00592,-7.66038]},{"time":1.5,"offset":68,"vertices":[-3.31947,6.7905,-7.51375,-0.82035,-7.18548,0.45239,3.80276,-6.11379,2.60579,-6.71163]},{"time":1.5333,"offset":68,"vertices":[-3.31947,6.7905,-7.51375,-0.82035,-9.97916,0.06028,5.74367,-8.16106,4.1345,-9.08261]},{"time":1.5667,"offset":68,"vertices":[-3.31947,6.7905,-7.51375,-0.82035,-10.00314,0.70067,5.23613,-8.55231,3.56335,-9.37323]},{"time":1.6,"offset":68,"vertices":[-3.31947,6.7905,-7.51375,-0.82035,-9.691,-0.54809,6.07181,-7.57329,4.5657,-8.5657]},{"time":1.7333,"offset":68,"vertices":[-3.31947,6.7905,-7.51375,-0.82035,-6.18493,-0.2841,3.82168,-4.87153,2.85418,-5.49424]},{"time":1.7667,"offset":68,"vertices":[-3.31947,6.7905,-7.51375,-0.82035,-8.52233,-0.4601,5.32176,-6.6727,3.9952,-7.54183]},{"time":1.8,"offset":68,"vertices":[-3.31947,6.7905,-7.51375,-0.82035,-8.42622,0.51649,4.47076,-7.16131,3.0685,-7.8646]},{"time":1.8333,"offset":68,"vertices":[-3.31947,6.7905,-7.51375,-0.82035,-8.63439,-0.42007,5.35422,-6.7872,4.00592,-7.66038]},{"time":1.8667,"offset":68,"vertices":[-3.31947,6.7905,-7.51375,-0.82035,-7.18548,0.45239,3.80276,-6.11379,2.60579,-6.71163]},{"time":1.9,"offset":68,"vertices":[-3.31947,6.7905,-7.51375,-0.82035,-9.97916,0.06028,5.74367,-8.16106,4.1345,-9.08261]},{"time":1.9333,"offset":68,"vertices":[-3.31947,6.7905,-7.51375,-0.82035,-10.00314,0.70067,5.23613,-8.55231,3.56335,-9.37323]},{"time":1.9667,"offset":68,"vertices":[-3.31947,6.7905,-7.51375,-0.82035,-9.691,-0.54809,6.07181,-7.57329,4.5657,-8.5657]},{"time":2,"offset":68,"vertices":[-3.31947,6.7905,-7.51375,-0.82035,-7.51375,-0.82035,5.02966,-5.6423,3.89875,-6.47515]},{"time":2.0333,"offset":68,"vertices":[-3.31947,6.7905,-7.51375,-0.82035,-6.18493,-0.2841,3.82168,-4.87153,2.85418,-5.49424]},{"time":2.0667,"offset":68,"vertices":[-3.31947,6.7905,-7.51375,-0.82035,-8.52233,-0.4601,5.32176,-6.6727,3.9952,-7.54183]},{"time":2.1,"offset":68,"vertices":[-3.31947,6.7905,-7.51375,-0.82035,-8.42622,0.51649,4.47076,-7.16131,3.0685,-7.8646]},{"time":2.1333,"offset":68,"vertices":[-3.31947,6.7905,-7.51375,-0.82035,-8.63439,-0.42007,5.35422,-6.7872,4.00592,-7.66038]},{"time":2.1667,"offset":68,"vertices":[-3.31947,6.7905,-7.51375,-0.82035,-7.18548,0.45239,3.80276,-6.11379,2.60579,-6.71163]},{"time":2.2,"offset":68,"vertices":[-3.31947,6.7905,-7.51375,-0.82035,-9.97916,0.06028,5.74367,-8.16106,4.1345,-9.08261]},{"time":2.2333,"offset":68,"vertices":[-3.31947,6.7905,-7.51375,-0.82035,-10.00314,0.70067,5.23613,-8.55231,3.56335,-9.37323]},{"time":2.2667,"offset":68,"vertices":[-3.31947,6.7905,-7.51375,-0.82035,-9.691,-0.54809,6.07181,-7.57329,4.5657,-8.5657]}]},"nan_nj":{"nan_nj":[{},{"time":0.1,"offset":42,"vertices":[-6.46539,0.59136,-4.79619,1.04958]},{"time":0.2667},{"time":0.3667,"offset":42,"vertices":[-6.46539,0.59136,-4.79619,1.04958]}]}}},"events":[{"time":0.1,"name":"plug_into"},{"time":0.3667,"name":"plug_into"},{"time":0.6333,"name":"shoot_sperm"},{"time":1.3,"name":"shoot_sperm"},{"time":1.9667,"name":"shoot_sperm"}]},"shejing":{"slots":{"ps":{"attachment":[{"time":3.2667,"name":"s1"},{"time":3.3333,"name":"s2"},{"time":3.4,"name":"s3"},{"time":3.4667,"name":"s4"},{"time":3.5333,"name":null},{"time":3.9333,"name":"s1"},{"time":4,"name":"s2"},{"time":4.0667,"name":"s3"},{"time":4.1333,"name":"s4"},{"time":4.2,"name":null},{"time":4.6,"name":"s1"},{"time":4.6667,"name":"s2"},{"time":4.7333,"name":"s3"},{"time":4.8,"name":"s4"},{"time":4.8667,"name":null}]},"nv_zui":{"color":[{"color":"ffffffff"},{"time":0.1667,"color":"ffffff00"},{"time":0.4,"color":"ffffffff"},{"time":0.5667,"color":"ffffff00"},{"time":0.8,"color":"ffffffff"},{"time":0.9667,"color":"ffffff00"},{"time":1.2,"color":"ffffffff"},{"time":1.3667,"color":"ffffff00"},{"time":1.6,"color":"ffffffff"},{"time":1.7667,"color":"ffffff00"},{"time":2,"color":"ffffffff"},{"time":2.1333,"color":"ffffff00"},{"time":2.3333,"color":"ffffffff"},{"time":2.4333,"color":"ffffff00"},{"time":2.6,"color":"ffffffff"},{"time":2.7,"color":"ffffff00"},{"time":2.8667,"color":"ffffffff"},{"time":2.9667,"color":"ffffff00"}]}},"bones":{"nan_st6":{"rotate":[{},{"time":0.1667,"angle":-2.08},{"time":0.4},{"time":0.5667,"angle":-2.08},{"time":0.8},{"time":0.9667,"angle":-2.08},{"time":1.2},{"time":1.3667,"angle":-2.08},{"time":1.6},{"time":1.7667,"angle":-2.08},{"time":2},{"time":2.1333,"angle":-2.08},{"time":2.3333},{"time":2.4333,"angle":-2.08},{"time":2.6},{"time":2.7,"angle":-2.08},{"time":2.8667},{"time":2.9667,"angle":-2.08}]},"nv_st":{"translate":[{},{"time":0.1667,"x":8.6,"y":3.01},{"time":0.4},{"time":0.5667,"x":8.6,"y":3.01},{"time":0.8},{"time":0.9667,"x":8.6,"y":3.01},{"time":1.2},{"time":1.3667,"x":8.6,"y":3.01},{"time":1.6},{"time":1.7667,"x":8.6,"y":3.01},{"time":2},{"time":2.1333,"x":8.6,"y":3.01},{"time":2.3333},{"time":2.4333,"x":8.6,"y":3.01},{"time":2.6},{"time":2.7,"x":8.6,"y":3.01},{"time":2.8667},{"time":2.9667,"x":8.6,"y":3.01},{"time":3,"x":9.51,"y":3.69},{"time":3.0333,"x":9.96,"y":3.01},{"time":3.0667,"x":9.51,"y":2.56},{"time":3.1,"x":9.05,"y":3.24},{"time":3.1333,"x":9.96,"y":3.69},{"time":3.1667,"x":10.42,"y":3.01},{"time":3.2,"x":8.6,"y":3.01},{"time":3.2333,"x":9.51,"y":3.69},{"time":3.2667,"x":9.96,"y":3.01},{"time":3.3,"x":9.51,"y":2.56},{"time":3.3333,"x":9.05,"y":3.24},{"time":3.3667,"x":9.96,"y":3.69},{"time":3.4,"x":10.42,"y":3.01},{"time":3.4333,"x":8.6,"y":3.01},{"time":3.4667,"x":9.51,"y":3.69},{"time":3.5,"x":9.96,"y":3.01},{"time":3.5333,"x":9.51,"y":2.56},{"time":3.5667,"x":9.05,"y":3.24},{"time":3.6,"x":9.96,"y":3.69},{"time":3.6333,"x":10.42,"y":3.01},{"time":3.6667,"x":9.51,"y":3.69},{"time":3.7,"x":9.96,"y":3.01},{"time":3.7333,"x":9.51,"y":2.56},{"time":3.7667,"x":9.05,"y":3.24},{"time":3.8,"x":9.96,"y":3.69},{"time":3.8333,"x":10.42,"y":3.01},{"time":3.8667,"x":8.6,"y":3.01},{"time":3.9,"x":9.51,"y":3.69},{"time":3.9333,"x":9.96,"y":3.01},{"time":3.9667,"x":9.51,"y":2.56},{"time":4,"x":9.05,"y":3.24},{"time":4.0333,"x":9.96,"y":3.69},{"time":4.0667,"x":10.42,"y":3.01},{"time":4.1,"x":8.6,"y":3.01},{"time":4.1333,"x":9.51,"y":3.69},{"time":4.1667,"x":9.96,"y":3.01},{"time":4.2,"x":9.51,"y":2.56},{"time":4.2333,"x":9.05,"y":3.24},{"time":4.2667,"x":9.96,"y":3.69},{"time":4.3,"x":10.42,"y":3.01},{"time":4.3333,"x":9.51,"y":3.69},{"time":4.3667,"x":9.96,"y":3.01},{"time":4.4,"x":9.51,"y":2.56},{"time":4.4333,"x":9.05,"y":3.24},{"time":4.4667,"x":9.96,"y":3.69},{"time":4.5,"x":10.42,"y":3.01},{"time":4.5333,"x":8.6,"y":3.01},{"time":4.5667,"x":9.51,"y":3.69},{"time":4.6,"x":9.96,"y":3.01},{"time":4.6333,"x":9.51,"y":2.56},{"time":4.6667,"x":9.05,"y":3.24},{"time":4.7,"x":9.96,"y":3.69},{"time":4.7333,"x":10.42,"y":3.01},{"time":4.7667,"x":8.6,"y":3.01},{"time":4.8,"x":9.51,"y":3.69},{"time":4.8333,"x":9.96,"y":3.01},{"time":4.8667,"x":9.51,"y":2.56},{"time":4.9,"x":9.05,"y":3.24},{"time":4.9333,"x":9.96,"y":3.69},{"time":4.9667,"x":10.42,"y":3.01}]},"nv_st5":{"rotate":[{},{"time":0.1667,"angle":-19.65},{"time":0.4},{"time":0.5667,"angle":-19.65},{"time":0.8},{"time":0.9667,"angle":-19.65},{"time":1.2},{"time":1.3667,"angle":-19.65},{"time":1.6},{"time":1.7667,"angle":-19.65},{"time":2},{"time":2.1333,"angle":-19.65},{"time":2.3333},{"time":2.4333,"angle":-19.65},{"time":2.6},{"time":2.7,"angle":-19.65},{"time":2.8667},{"time":2.9667,"angle":-19.65}]},"nv_st6":{"rotate":[{},{"time":0.1667,"angle":39.36},{"time":0.4},{"time":0.5667,"angle":39.36},{"time":0.8},{"time":0.9667,"angle":39.36},{"time":1.2},{"time":1.3667,"angle":39.36},{"time":1.6},{"time":1.7667,"angle":39.36},{"time":2},{"time":2.1333,"angle":39.36},{"time":2.3333},{"time":2.4333,"angle":39.36},{"time":2.6},{"time":2.7,"angle":39.36},{"time":2.8667},{"time":2.9667,"angle":39.36}]},"nv_st7":{"rotate":[{},{"time":0.1667,"angle":-15.88},{"time":0.4},{"time":0.5667,"angle":-15.88},{"time":0.8},{"time":0.9667,"angle":-15.88},{"time":1.2},{"time":1.3667,"angle":-15.88},{"time":1.6},{"time":1.7667,"angle":-15.88},{"time":2},{"time":2.1333,"angle":-15.88},{"time":2.3333},{"time":2.4333,"angle":-15.88},{"time":2.6},{"time":2.7,"angle":-15.88},{"time":2.8667},{"time":2.9667,"angle":-15.88}]},"nv_st8":{"rotate":[{"angle":4.13}]},"nv_shou":{"rotate":[{"angle":-8.01}]},"nan_shou2":{"rotate":[{"angle":-0.95}]},"nan_shou3":{"rotate":[{"angle":2.07}]},"nan_st2":{"rotate":[{"angle":0.62}]},"nan_st3":{"rotate":[{"angle":-1.1}]},"nan_st7":{"rotate":[{},{"time":0.1667,"angle":-6.28},{"time":0.4},{"time":0.5667,"angle":-6.28},{"time":0.8},{"time":0.9667,"angle":-6.28},{"time":1.2},{"time":1.3667,"angle":-6.28},{"time":1.6},{"time":1.7667,"angle":-6.28},{"time":2},{"time":2.1333,"angle":-6.28},{"time":2.3333},{"time":2.4333,"angle":-6.28},{"time":2.6},{"time":2.7,"angle":-6.28},{"time":2.8667},{"time":2.9667,"angle":-6.28}]},"nv_st2":{"rotate":[{"angle":-0.61}]},"nv_st3":{"rotate":[{"angle":0.3}]},"nv_tou5":{"rotate":[{},{"time":0.1,"angle":-6},{"time":0.2333,"angle":7.82},{"time":0.4},{"time":0.5,"angle":-6},{"time":0.6333,"angle":7.82},{"time":0.8},{"time":0.9,"angle":-6},{"time":1.0333,"angle":7.82},{"time":1.2},{"time":1.3,"angle":-6},{"time":1.4333,"angle":7.82},{"time":1.6},{"time":1.7,"angle":-6},{"time":1.8333,"angle":7.82},{"time":2},{"time":2.1,"angle":-6},{"time":2.2,"angle":7.82},{"time":2.3333},{"time":2.4,"angle":-6},{"time":2.5,"angle":7.82},{"time":2.6},{"time":2.7,"angle":-6},{"time":2.7667,"angle":7.82},{"time":2.8667},{"time":2.9667,"angle":-6},{"time":3.1333,"angle":9.87},{"time":3.4,"angle":4.83},{"time":3.6333},{"time":3.8,"angle":9.87},{"time":4.0667,"angle":4.83},{"time":4.3},{"time":4.4667,"angle":9.87},{"time":4.7333,"angle":4.83},{"time":4.9667}]},"nv_tou6":{"rotate":[{},{"time":0.1667,"angle":-25.68},{"time":0.3,"angle":8.99},{"time":0.4},{"time":0.5667,"angle":-25.68},{"time":0.7,"angle":8.99},{"time":0.8},{"time":0.9667,"angle":-25.68},{"time":1.1,"angle":8.99},{"time":1.2},{"time":1.3667,"angle":-25.68},{"time":1.5,"angle":8.99},{"time":1.6},{"time":1.7667,"angle":-25.68},{"time":1.9,"angle":8.99},{"time":2},{"time":2.1333,"angle":-25.68},{"time":2.2667,"angle":8.99},{"time":2.3333},{"time":2.4333,"angle":-25.68},{"time":2.5667,"angle":8.99},{"time":2.6},{"time":2.7,"angle":-25.68},{"time":2.8333,"angle":8.99},{"time":2.8667},{"time":2.9667,"angle":-25.68},{"time":3.1667,"angle":7.34},{"time":3.4,"angle":-9.84},{"time":3.6333},{"time":3.8333,"angle":7.34},{"time":4.0667,"angle":-9.84},{"time":4.3},{"time":4.5,"angle":7.34},{"time":4.7333,"angle":-9.84},{"time":4.9667}]},"target3":{"translate":[{},{"time":0.1667,"x":6.68,"y":8.99},{"time":0.4},{"time":0.5667,"x":6.68,"y":8.99},{"time":0.8},{"time":0.9667,"x":6.68,"y":8.99},{"time":1.2},{"time":1.3667,"x":6.68,"y":8.99},{"time":1.6},{"time":1.7667,"x":6.68,"y":8.99},{"time":2},{"time":2.1333,"x":6.68,"y":8.99},{"time":2.3333},{"time":2.4333,"x":6.68,"y":8.99},{"time":2.6},{"time":2.7,"x":6.68,"y":8.99},{"time":2.8667},{"time":2.9667,"x":6.68,"y":8.99},{"time":3,"x":7.51,"y":10.18},{"time":3.0333,"x":7.75,"y":9.83},{"time":3.0667,"x":7.16,"y":9.83},{"time":3.1,"x":6.92,"y":10.18},{"time":3.1333,"x":7.63,"y":10.18},{"time":3.1667,"x":8.23,"y":9.95},{"time":3.2,"x":7.51,"y":9.95},{"time":3.2333,"x":7.87,"y":10.66},{"time":3.2667,"x":8.35,"y":9.83},{"time":3.3,"x":8.11,"y":9.23},{"time":3.3333,"x":7.16,"y":9.95},{"time":3.3667,"x":8.11,"y":10.18},{"time":3.4,"x":8.59,"y":9.83},{"time":3.4333,"x":7.75,"y":9.71},{"time":3.4667,"x":8.82,"y":9.83},{"time":3.5,"x":9.06,"y":9.47},{"time":3.5333,"x":8.35,"y":9.23},{"time":3.5667,"x":7.28,"y":9.71},{"time":3.6,"x":7.75,"y":10.07},{"time":3.6333,"x":7.99,"y":9.23},{"time":3.6667,"x":7.51,"y":10.18},{"time":3.7,"x":7.75,"y":9.83},{"time":3.7333,"x":7.16,"y":9.83},{"time":3.7667,"x":6.92,"y":10.18},{"time":3.8,"x":7.63,"y":10.18},{"time":3.8333,"x":8.23,"y":9.95},{"time":3.8667,"x":7.51,"y":9.95},{"time":3.9,"x":7.87,"y":10.66},{"time":3.9333,"x":8.35,"y":9.83},{"time":3.9667,"x":8.11,"y":9.23},{"time":4,"x":7.16,"y":9.95},{"time":4.0333,"x":8.11,"y":10.18},{"time":4.0667,"x":8.59,"y":9.83},{"time":4.1,"x":7.75,"y":9.71},{"time":4.1333,"x":8.82,"y":9.83},{"time":4.1667,"x":9.06,"y":9.47},{"time":4.2,"x":8.35,"y":9.23},{"time":4.2333,"x":7.28,"y":9.71},{"time":4.2667,"x":7.75,"y":10.07},{"time":4.3,"x":7.99,"y":9.23},{"time":4.3333,"x":7.51,"y":10.18},{"time":4.3667,"x":7.75,"y":9.83},{"time":4.4,"x":7.16,"y":9.83},{"time":4.4333,"x":6.92,"y":10.18},{"time":4.4667,"x":7.63,"y":10.18},{"time":4.5,"x":8.23,"y":9.95},{"time":4.5333,"x":7.51,"y":9.95},{"time":4.5667,"x":7.87,"y":10.66},{"time":4.6,"x":8.35,"y":9.83},{"time":4.6333,"x":8.11,"y":9.23},{"time":4.6667,"x":7.16,"y":9.95},{"time":4.7,"x":8.11,"y":10.18},{"time":4.7333,"x":8.59,"y":9.83},{"time":4.7667,"x":7.75,"y":9.71},{"time":4.8,"x":8.82,"y":9.83},{"time":4.8333,"x":9.06,"y":9.47},{"time":4.8667,"x":8.35,"y":9.23},{"time":4.9,"x":7.28,"y":9.71},{"time":4.9333,"x":7.75,"y":10.07},{"time":4.9667,"x":7.99,"y":9.23}]},"nan_nj2":{"rotate":[{"angle":0.32}]},"nan_nj3":{"rotate":[{"angle":-0.88}]}},"deform":{"default":{"nv_maozi":{"nv_maozi":[{},{"time":0.1333,"vertices":[1.4908,-1.1029,1.81682,-0.37198,0,0,0,0,0,0,0,0,0,0,0,0,0,0,0,0,0,0,0,0,0,0,0,0,1.08253,-1.50572,1.4908,-1.1029,1.08253,-1.50572,1.4908,-1.1029,1.08253,-1.50572,1.4908,-1.1029,1.08253,-1.50572,1.4908,-1.1029,1.08253,-1.50572,1.4908,-1.1029,1.08253,-1.50572,1.4908,-1.1029,1.81682,-0.37198,1.4908,-1.1029,1.81682,-0.37198]},{"time":0.2667,"vertices":[1.22287,1.51877,0.46903,1.89265,0,0,0,0,0,0,0,0,0,0,0,0,0,0,0,0,0,0,0,0,0,0,0,0,1.62849,1.07243,1.22287,1.51877,1.62849,1.07243,1.22287,1.51877,1.62849,1.07243,1.22287,1.51877,1.62849,1.07243,1.22287,1.51877,1.62849,1.07243,1.22287,1.51877,1.62849,1.07243,1.22287,1.51877,0.46903,1.89265,1.22287,1.51877,0.46903,1.89265]},{"time":0.4},{"time":0.5333,"vertices":[1.4908,-1.1029,1.81682,-0.37198,0,0,0,0,0,0,0,0,0,0,0,0,0,0,0,0,0,0,0,0,0,0,0,0,1.08253,-1.50572,1.4908,-1.1029,1.08253,-1.50572,1.4908,-1.1029,1.08253,-1.50572,1.4908,-1.1029,1.08253,-1.50572,1.4908,-1.1029,1.08253,-1.50572,1.4908,-1.1029,1.08253,-1.50572,1.4908,-1.1029,1.81682,-0.37198,1.4908,-1.1029,1.81682,-0.37198]},{"time":0.6667,"vertices":[1.22287,1.51877,0.46903,1.89265,0,0,0,0,0,0,0,0,0,0,0,0,0,0,0,0,0,0,0,0,0,0,0,0,1.62849,1.07243,1.22287,1.51877,1.62849,1.07243,1.22287,1.51877,1.62849,1.07243,1.22287,1.51877,1.62849,1.07243,1.22287,1.51877,1.62849,1.07243,1.22287,1.51877,1.62849,1.07243,1.22287,1.51877,0.46903,1.89265,1.22287,1.51877,0.46903,1.89265]},{"time":0.8},{"time":0.9333,"vertices":[1.4908,-1.1029,1.81682,-0.37198,0,0,0,0,0,0,0,0,0,0,0,0,0,0,0,0,0,0,0,0,0,0,0,0,1.08253,-1.50572,1.4908,-1.1029,1.08253,-1.50572,1.4908,-1.1029,1.08253,-1.50572,1.4908,-1.1029,1.08253,-1.50572,1.4908,-1.1029,1.08253,-1.50572,1.4908,-1.1029,1.08253,-1.50572,1.4908,-1.1029,1.81682,-0.37198,1.4908,-1.1029,1.81682,-0.37198]},{"time":1.0667,"vertices":[1.22287,1.51877,0.46903,1.89265,0,0,0,0,0,0,0,0,0,0,0,0,0,0,0,0,0,0,0,0,0,0,0,0,1.62849,1.07243,1.22287,1.51877,1.62849,1.07243,1.22287,1.51877,1.62849,1.07243,1.22287,1.51877,1.62849,1.07243,1.22287,1.51877,1.62849,1.07243,1.22287,1.51877,1.62849,1.07243,1.22287,1.51877,0.46903,1.89265,1.22287,1.51877,0.46903,1.89265]},{"time":1.2},{"time":1.3333,"vertices":[1.4908,-1.1029,1.81682,-0.37198,0,0,0,0,0,0,0,0,0,0,0,0,0,0,0,0,0,0,0,0,0,0,0,0,1.08253,-1.50572,1.4908,-1.1029,1.08253,-1.50572,1.4908,-1.1029,1.08253,-1.50572,1.4908,-1.1029,1.08253,-1.50572,1.4908,-1.1029,1.08253,-1.50572,1.4908,-1.1029,1.08253,-1.50572,1.4908,-1.1029,1.81682,-0.37198,1.4908,-1.1029,1.81682,-0.37198]},{"time":1.4667,"vertices":[1.22287,1.51877,0.46903,1.89265,0,0,0,0,0,0,0,0,0,0,0,0,0,0,0,0,0,0,0,0,0,0,0,0,1.62849,1.07243,1.22287,1.51877,1.62849,1.07243,1.22287,1.51877,1.62849,1.07243,1.22287,1.51877,1.62849,1.07243,1.22287,1.51877,1.62849,1.07243,1.22287,1.51877,1.62849,1.07243,1.22287,1.51877,0.46903,1.89265,1.22287,1.51877,0.46903,1.89265]},{"time":1.6},{"time":1.7333,"vertices":[1.4908,-1.1029,1.81682,-0.37198,0,0,0,0,0,0,0,0,0,0,0,0,0,0,0,0,0,0,0,0,0,0,0,0,1.08253,-1.50572,1.4908,-1.1029,1.08253,-1.50572,1.4908,-1.1029,1.08253,-1.50572,1.4908,-1.1029,1.08253,-1.50572,1.4908,-1.1029,1.08253,-1.50572,1.4908,-1.1029,1.08253,-1.50572,1.4908,-1.1029,1.81682,-0.37198,1.4908,-1.1029,1.81682,-0.37198]},{"time":1.8667,"vertices":[1.22287,1.51877,0.46903,1.89265,0,0,0,0,0,0,0,0,0,0,0,0,0,0,0,0,0,0,0,0,0,0,0,0,1.62849,1.07243,1.22287,1.51877,1.62849,1.07243,1.22287,1.51877,1.62849,1.07243,1.22287,1.51877,1.62849,1.07243,1.22287,1.51877,1.62849,1.07243,1.22287,1.51877,1.62849,1.07243,1.22287,1.51877,0.46903,1.89265,1.22287,1.51877,0.46903,1.89265]},{"time":2},{"time":2.1,"vertices":[1.4908,-1.1029,1.81682,-0.37198,0,0,0,0,0,0,0,0,0,0,0,0,0,0,0,0,0,0,0,0,0,0,0,0,1.08253,-1.50572,1.4908,-1.1029,1.08253,-1.50572,1.4908,-1.1029,1.08253,-1.50572,1.4908,-1.1029,1.08253,-1.50572,1.4908,-1.1029,1.08253,-1.50572,1.4908,-1.1029,1.08253,-1.50572,1.4908,-1.1029,1.81682,-0.37198,1.4908,-1.1029,1.81682,-0.37198]},{"time":2.2333,"vertices":[1.22287,1.51877,0.46903,1.89265,0,0,0,0,0,0,0,0,0,0,0,0,0,0,0,0,0,0,0,0,0,0,0,0,1.62849,1.07243,1.22287,1.51877,1.62849,1.07243,1.22287,1.51877,1.62849,1.07243,1.22287,1.51877,1.62849,1.07243,1.22287,1.51877,1.62849,1.07243,1.22287,1.51877,1.62849,1.07243,1.22287,1.51877,0.46903,1.89265,1.22287,1.51877,0.46903,1.89265]},{"time":2.3333},{"time":2.4,"vertices":[1.4908,-1.1029,1.81682,-0.37198,0,0,0,0,0,0,0,0,0,0,0,0,0,0,0,0,0,0,0,0,0,0,0,0,1.08253,-1.50572,1.4908,-1.1029,1.08253,-1.50572,1.4908,-1.1029,1.08253,-1.50572,1.4908,-1.1029,1.08253,-1.50572,1.4908,-1.1029,1.08253,-1.50572,1.4908,-1.1029,1.08253,-1.50572,1.4908,-1.1029,1.81682,-0.37198,1.4908,-1.1029,1.81682,-0.37198]},{"time":2.5333,"vertices":[1.22287,1.51877,0.46903,1.89265,0,0,0,0,0,0,0,0,0,0,0,0,0,0,0,0,0,0,0,0,0,0,0,0,1.62849,1.07243,1.22287,1.51877,1.62849,1.07243,1.22287,1.51877,1.62849,1.07243,1.22287,1.51877,1.62849,1.07243,1.22287,1.51877,1.62849,1.07243,1.22287,1.51877,1.62849,1.07243,1.22287,1.51877,0.46903,1.89265,1.22287,1.51877,0.46903,1.89265]},{"time":2.6},{"time":2.7,"vertices":[1.4908,-1.1029,1.81682,-0.37198,0,0,0,0,0,0,0,0,0,0,0,0,0,0,0,0,0,0,0,0,0,0,0,0,1.08253,-1.50572,1.4908,-1.1029,1.08253,-1.50572,1.4908,-1.1029,1.08253,-1.50572,1.4908,-1.1029,1.08253,-1.50572,1.4908,-1.1029,1.08253,-1.50572,1.4908,-1.1029,1.08253,-1.50572,1.4908,-1.1029,1.81682,-0.37198,1.4908,-1.1029,1.81682,-0.37198]},{"time":2.8,"vertices":[1.22287,1.51877,0.46903,1.89265,0,0,0,0,0,0,0,0,0,0,0,0,0,0,0,0,0,0,0,0,0,0,0,0,1.62849,1.07243,1.22287,1.51877,1.62849,1.07243,1.22287,1.51877,1.62849,1.07243,1.22287,1.51877,1.62849,1.07243,1.22287,1.51877,1.62849,1.07243,1.22287,1.51877,1.62849,1.07243,1.22287,1.51877,0.46903,1.89265,1.22287,1.51877,0.46903,1.89265]},{"time":2.8667},{"time":2.9667,"vertices":[1.4908,-1.1029,1.81682,-0.37198,0,0,0,0,0,0,0,0,0,0,0,0,0,0,0,0,0,0,0,0,0,0,0,0,1.08253,-1.50572,1.4908,-1.1029,1.08253,-1.50572,1.4908,-1.1029,1.08253,-1.50572,1.4908,-1.1029,1.08253,-1.50572,1.4908,-1.1029,1.08253,-1.50572,1.4908,-1.1029,1.08253,-1.50572,1.4908,-1.1029,1.81682,-0.37198,1.4908,-1.1029,1.81682,-0.37198]}]},"nv_st":{"nv_st":[{},{"time":0.0667,"offset":34,"vertices":[0.15658,-1.38654,-0.0281,-1.14822,-0.51231,-0.25518,-0.2515,0.51412,-0.30489,-0.48436,0,0,0,0,0,0,0,0,0,0,0,0,0,0,0,0,0,0,0,0,0,0,0,0,0,0,0,0,0,0,0,0,0,0,0,0,0,0,0,0,0,0,0,0,0,0,0,0,0,0,0,0,0,0,0,0,0,0,0,0,0,0,0,0,0,0,0.74094,0.4361,0.38851,-0.76123]},{"time":0.1667,"offset":34,"vertices":[-2.3154,-3.50644,-2.5905,-3.3084,-1.02462,-0.51035,-0.503,1.02823,-0.60978,-0.96873,0,0,0,0,0,0,0,0,0,0,0,0,0,0,0,0,0,0,0,0,0,0,0,0,0,0,0,0,0,0,0,0,0,0,0,0,0,0,0,0,0,0,0,0,0,0,0,0,0,0,0,0,0,0,0,0,0,0,0,0,0,0,0,0,0,0,1.48189,0.8722,0.77703,-1.52247]},{"time":0.2333,"offset":34,"vertices":[-1.84476,-2.00951,-1.92248,-2.00667,-1.18434,0.03826,0.12163,1.14924,-1.01978,-0.63803,0,0,0,0,0,0,0,0,0,0,0,0,0,0,0,0,0,0,0,0,0,0,0,0,0,0,0,0,0,0,0,0,0,0,0,0,0,0,0,0,0,0,0,0,0,0,0,0,0,0,0,0,0,0,0,0,0,0,0,0,0,0,0,0,0,0,0.69155,0.40702,0.36261,-0.71048]},{"time":0.3333,"offset":34,"vertices":[0.82199,-0.39884,0.65091,-0.10288,1.16005,-0.79465,-0.9986,-1.04097,1.38264,0.06921,0,0,0,0,0,0,0,0,0,0,0,0,0,0,0,0,0,0,0,0,0,0,0,0,0,0,0,0,0,0,0,0,0,0,0,0,0,0,0,0,0,0,0,0,0,0,0,0,0,0,0,0,0,0,0,0,0,0,0,0,0,0,0,0,0,0,0.34577,0.20351,0.18131,-0.35524]},{"time":0.4},{"time":0.4667,"offset":34,"vertices":[0.15658,-1.38654,-0.0281,-1.14822,-0.51231,-0.25518,-0.2515,0.51412,-0.30489,-0.48436,0,0,0,0,0,0,0,0,0,0,0,0,0,0,0,0,0,0,0,0,0,0,0,0,0,0,0,0,0,0,0,0,0,0,0,0,0,0,0,0,0,0,0,0,0,0,0,0,0,0,0,0,0,0,0,0,0,0,0,0,0,0,0,0,0,0,0.74094,0.4361,0.38851,-0.76123]},{"time":0.5667,"offset":34,"vertices":[-2.3154,-3.50644,-2.5905,-3.3084,-1.02462,-0.51035,-0.503,1.02823,-0.60978,-0.96873,0,0,0,0,0,0,0,0,0,0,0,0,0,0,0,0,0,0,0,0,0,0,0,0,0,0,0,0,0,0,0,0,0,0,0,0,0,0,0,0,0,0,0,0,0,0,0,0,0,0,0,0,0,0,0,0,0,0,0,0,0,0,0,0,0,0,1.48189,0.8722,0.77703,-1.52247]},{"time":0.6333,"offset":34,"vertices":[-1.84476,-2.00951,-1.92248,-2.00667,-1.18434,0.03826,0.12163,1.14924,-1.01978,-0.63803,0,0,0,0,0,0,0,0,0,0,0,0,0,0,0,0,0,0,0,0,0,0,0,0,0,0,0,0,0,0,0,0,0,0,0,0,0,0,0,0,0,0,0,0,0,0,0,0,0,0,0,0,0,0,0,0,0,0,0,0,0,0,0,0,0,0,0.69155,0.40702,0.36261,-0.71048]},{"time":0.7333,"offset":34,"vertices":[0.82199,-0.39884,0.65091,-0.10288,1.16005,-0.79465,-0.9986,-1.04097,1.38264,0.06921,0,0,0,0,0,0,0,0,0,0,0,0,0,0,0,0,0,0,0,0,0,0,0,0,0,0,0,0,0,0,0,0,0,0,0,0,0,0,0,0,0,0,0,0,0,0,0,0,0,0,0,0,0,0,0,0,0,0,0,0,0,0,0,0,0,0,0.34577,0.20351,0.18131,-0.35524]},{"time":0.8},{"time":0.8667,"offset":34,"vertices":[0.15658,-1.38654,-0.0281,-1.14822,-0.51231,-0.25518,-0.2515,0.51412,-0.30489,-0.48436,0,0,0,0,0,0,0,0,0,0,0,0,0,0,0,0,0,0,0,0,0,0,0,0,0,0,0,0,0,0,0,0,0,0,0,0,0,0,0,0,0,0,0,0,0,0,0,0,0,0,0,0,0,0,0,0,0,0,0,0,0,0,0,0,0,0,0.74094,0.4361,0.38851,-0.76123]},{"time":0.9667,"offset":34,"vertices":[-2.3154,-3.50644,-2.5905,-3.3084,-1.02462,-0.51035,-0.503,1.02823,-0.60978,-0.96873,0,0,0,0,0,0,0,0,0,0,0,0,0,0,0,0,0,0,0,0,0,0,0,0,0,0,0,0,0,0,0,0,0,0,0,0,0,0,0,0,0,0,0,0,0,0,0,0,0,0,0,0,0,0,0,0,0,0,0,0,0,0,0,0,0,0,1.48189,0.8722,0.77703,-1.52247]},{"time":1.0333,"offset":34,"vertices":[-1.84476,-2.00951,-1.92248,-2.00667,-1.18434,0.03826,0.12163,1.14924,-1.01978,-0.63803,0,0,0,0,0,0,0,0,0,0,0,0,0,0,0,0,0,0,0,0,0,0,0,0,0,0,0,0,0,0,0,0,0,0,0,0,0,0,0,0,0,0,0,0,0,0,0,0,0,0,0,0,0,0,0,0,0,0,0,0,0,0,0,0,0,0,0.69155,0.40702,0.36261,-0.71048]},{"time":1.1333,"offset":34,"vertices":[0.82199,-0.39884,0.65091,-0.10288,1.16005,-0.79465,-0.9986,-1.04097,1.38264,0.06921,0,0,0,0,0,0,0,0,0,0,0,0,0,0,0,0,0,0,0,0,0,0,0,0,0,0,0,0,0,0,0,0,0,0,0,0,0,0,0,0,0,0,0,0,0,0,0,0,0,0,0,0,0,0,0,0,0,0,0,0,0,0,0,0,0,0,0.34577,0.20351,0.18131,-0.35524]},{"time":1.2},{"time":1.2667,"offset":34,"vertices":[0.15658,-1.38654,-0.0281,-1.14822,-0.51231,-0.25518,-0.2515,0.51412,-0.30489,-0.48436,0,0,0,0,0,0,0,0,0,0,0,0,0,0,0,0,0,0,0,0,0,0,0,0,0,0,0,0,0,0,0,0,0,0,0,0,0,0,0,0,0,0,0,0,0,0,0,0,0,0,0,0,0,0,0,0,0,0,0,0,0,0,0,0,0,0,0.74094,0.4361,0.38851,-0.76123]},{"time":1.3667,"offset":34,"vertices":[-2.3154,-3.50644,-2.5905,-3.3084,-1.02462,-0.51035,-0.503,1.02823,-0.60978,-0.96873,0,0,0,0,0,0,0,0,0,0,0,0,0,0,0,0,0,0,0,0,0,0,0,0,0,0,0,0,0,0,0,0,0,0,0,0,0,0,0,0,0,0,0,0,0,0,0,0,0,0,0,0,0,0,0,0,0,0,0,0,0,0,0,0,0,0,1.48189,0.8722,0.77703,-1.52247]},{"time":1.4333,"offset":34,"vertices":[-1.84476,-2.00951,-1.92248,-2.00667,-1.18434,0.03826,0.12163,1.14924,-1.01978,-0.63803,0,0,0,0,0,0,0,0,0,0,0,0,0,0,0,0,0,0,0,0,0,0,0,0,0,0,0,0,0,0,0,0,0,0,0,0,0,0,0,0,0,0,0,0,0,0,0,0,0,0,0,0,0,0,0,0,0,0,0,0,0,0,0,0,0,0,0.69155,0.40702,0.36261,-0.71048]},{"time":1.5333,"offset":34,"vertices":[0.82199,-0.39884,0.65091,-0.10288,1.16005,-0.79465,-0.9986,-1.04097,1.38264,0.06921,0,0,0,0,0,0,0,0,0,0,0,0,0,0,0,0,0,0,0,0,0,0,0,0,0,0,0,0,0,0,0,0,0,0,0,0,0,0,0,0,0,0,0,0,0,0,0,0,0,0,0,0,0,0,0,0,0,0,0,0,0,0,0,0,0,0,0.34577,0.20351,0.18131,-0.35524]},{"time":1.6},{"time":1.6667,"offset":34,"vertices":[0.15658,-1.38654,-0.0281,-1.14822,-0.51231,-0.25518,-0.2515,0.51412,-0.30489,-0.48436,0,0,0,0,0,0,0,0,0,0,0,0,0,0,0,0,0,0,0,0,0,0,0,0,0,0,0,0,0,0,0,0,0,0,0,0,0,0,0,0,0,0,0,0,0,0,0,0,0,0,0,0,0,0,0,0,0,0,0,0,0,0,0,0,0,0,0.74094,0.4361,0.38851,-0.76123]},{"time":1.7667,"offset":34,"vertices":[-2.3154,-3.50644,-2.5905,-3.3084,-1.02462,-0.51035,-0.503,1.02823,-0.60978,-0.96873,0,0,0,0,0,0,0,0,0,0,0,0,0,0,0,0,0,0,0,0,0,0,0,0,0,0,0,0,0,0,0,0,0,0,0,0,0,0,0,0,0,0,0,0,0,0,0,0,0,0,0,0,0,0,0,0,0,0,0,0,0,0,0,0,0,0,1.48189,0.8722,0.77703,-1.52247]},{"time":1.8333,"offset":34,"vertices":[-1.84476,-2.00951,-1.92248,-2.00667,-1.18434,0.03826,0.12163,1.14924,-1.01978,-0.63803,0,0,0,0,0,0,0,0,0,0,0,0,0,0,0,0,0,0,0,0,0,0,0,0,0,0,0,0,0,0,0,0,0,0,0,0,0,0,0,0,0,0,0,0,0,0,0,0,0,0,0,0,0,0,0,0,0,0,0,0,0,0,0,0,0,0,0.69155,0.40702,0.36261,-0.71048]},{"time":1.9333,"offset":34,"vertices":[0.82199,-0.39884,0.65091,-0.10288,1.16005,-0.79465,-0.9986,-1.04097,1.38264,0.06921,0,0,0,0,0,0,0,0,0,0,0,0,0,0,0,0,0,0,0,0,0,0,0,0,0,0,0,0,0,0,0,0,0,0,0,0,0,0,0,0,0,0,0,0,0,0,0,0,0,0,0,0,0,0,0,0,0,0,0,0,0,0,0,0,0,0,0.34577,0.20351,0.18131,-0.35524]},{"time":2},{"time":2.0667,"offset":34,"vertices":[0.15658,-1.38654,-0.0281,-1.14822,-0.51231,-0.25518,-0.2515,0.51412,-0.30489,-0.48436,0,0,0,0,0,0,0,0,0,0,0,0,0,0,0,0,0,0,0,0,0,0,0,0,0,0,0,0,0,0,0,0,0,0,0,0,0,0,0,0,0,0,0,0,0,0,0,0,0,0,0,0,0,0,0,0,0,0,0,0,0,0,0,0,0,0,0.74094,0.4361,0.38851,-0.76123]},{"time":2.1333,"offset":34,"vertices":[-2.3154,-3.50644,-2.5905,-3.3084,-1.02462,-0.51035,-0.503,1.02823,-0.60978,-0.96873,0,0,0,0,0,0,0,0,0,0,0,0,0,0,0,0,0,0,0,0,0,0,0,0,0,0,0,0,0,0,0,0,0,0,0,0,0,0,0,0,0,0,0,0,0,0,0,0,0,0,0,0,0,0,0,0,0,0,0,0,0,0,0,0,0,0,1.48189,0.8722,0.77703,-1.52247]},{"time":2.2,"offset":34,"vertices":[-1.84476,-2.00951,-1.92248,-2.00667,-1.18434,0.03826,0.12163,1.14924,-1.01978,-0.63803,0,0,0,0,0,0,0,0,0,0,0,0,0,0,0,0,0,0,0,0,0,0,0,0,0,0,0,0,0,0,0,0,0,0,0,0,0,0,0,0,0,0,0,0,0,0,0,0,0,0,0,0,0,0,0,0,0,0,0,0,0,0,0,0,0,0,0.69155,0.40702,0.36261,-0.71048]},{"time":2.3,"offset":34,"vertices":[0.82199,-0.39884,0.65091,-0.10288,1.16005,-0.79465,-0.9986,-1.04097,1.38264,0.06921,0,0,0,0,0,0,0,0,0,0,0,0,0,0,0,0,0,0,0,0,0,0,0,0,0,0,0,0,0,0,0,0,0,0,0,0,0,0,0,0,0,0,0,0,0,0,0,0,0,0,0,0,0,0,0,0,0,0,0,0,0,0,0,0,0,0,0.34577,0.20351,0.18131,-0.35524]},{"time":2.3333},{"time":2.4,"offset":34,"vertices":[0.15658,-1.38654,-0.0281,-1.14822,-0.51231,-0.25518,-0.2515,0.51412,-0.30489,-0.48436,0,0,0,0,0,0,0,0,0,0,0,0,0,0,0,0,0,0,0,0,0,0,0,0,0,0,0,0,0,0,0,0,0,0,0,0,0,0,0,0,0,0,0,0,0,0,0,0,0,0,0,0,0,0,0,0,0,0,0,0,0,0,0,0,0,0,0.74094,0.4361,0.38851,-0.76123]},{"time":2.4333,"offset":34,"vertices":[-2.3154,-3.50644,-2.5905,-3.3084,-1.02462,-0.51035,-0.503,1.02823,-0.60978,-0.96873,0,0,0,0,0,0,0,0,0,0,0,0,0,0,0,0,0,0,0,0,0,0,0,0,0,0,0,0,0,0,0,0,0,0,0,0,0,0,0,0,0,0,0,0,0,0,0,0,0,0,0,0,0,0,0,0,0,0,0,0,0,0,0,0,0,0,1.48189,0.8722,0.77703,-1.52247]},{"time":2.5,"offset":34,"vertices":[-1.84476,-2.00951,-1.92248,-2.00667,-1.18434,0.03826,0.12163,1.14924,-1.01978,-0.63803,0,0,0,0,0,0,0,0,0,0,0,0,0,0,0,0,0,0,0,0,0,0,0,0,0,0,0,0,0,0,0,0,0,0,0,0,0,0,0,0,0,0,0,0,0,0,0,0,0,0,0,0,0,0,0,0,0,0,0,0,0,0,0,0,0,0,0.69155,0.40702,0.36261,-0.71048]},{"time":2.5667,"offset":34,"vertices":[0.82199,-0.39884,0.65091,-0.10288,1.16005,-0.79465,-0.9986,-1.04097,1.38264,0.06921,0,0,0,0,0,0,0,0,0,0,0,0,0,0,0,0,0,0,0,0,0,0,0,0,0,0,0,0,0,0,0,0,0,0,0,0,0,0,0,0,0,0,0,0,0,0,0,0,0,0,0,0,0,0,0,0,0,0,0,0,0,0,0,0,0,0,0.34577,0.20351,0.18131,-0.35524]},{"time":2.6},{"time":2.6667,"offset":34,"vertices":[0.15658,-1.38654,-0.0281,-1.14822,-0.51231,-0.25518,-0.2515,0.51412,-0.30489,-0.48436,0,0,0,0,0,0,0,0,0,0,0,0,0,0,0,0,0,0,0,0,0,0,0,0,0,0,0,0,0,0,0,0,0,0,0,0,0,0,0,0,0,0,0,0,0,0,0,0,0,0,0,0,0,0,0,0,0,0,0,0,0,0,0,0,0,0,0.74094,0.4361,0.38851,-0.76123]},{"time":2.7,"offset":34,"vertices":[-2.3154,-3.50644,-2.5905,-3.3084,-1.02462,-0.51035,-0.503,1.02823,-0.60978,-0.96873,0,0,0,0,0,0,0,0,0,0,0,0,0,0,0,0,0,0,0,0,0,0,0,0,0,0,0,0,0,0,0,0,0,0,0,0,0,0,0,0,0,0,0,0,0,0,0,0,0,0,0,0,0,0,0,0,0,0,0,0,0,0,0,0,0,0,1.48189,0.8722,0.77703,-1.52247]},{"time":2.7667,"offset":34,"vertices":[-1.84476,-2.00951,-1.92248,-2.00667,-1.18434,0.03826,0.12163,1.14924,-1.01978,-0.63803,0,0,0,0,0,0,0,0,0,0,0,0,0,0,0,0,0,0,0,0,0,0,0,0,0,0,0,0,0,0,0,0,0,0,0,0,0,0,0,0,0,0,0,0,0,0,0,0,0,0,0,0,0,0,0,0,0,0,0,0,0,0,0,0,0,0,0.69155,0.40702,0.36261,-0.71048]},{"time":2.8667},{"time":2.9333,"offset":34,"vertices":[0.15658,-1.38654,-0.0281,-1.14822,-0.51231,-0.25518,-0.2515,0.51412,-0.30489,-0.48436,0,0,0,0,0,0,0,0,0,0,0,0,0,0,0,0,0,0,0,0,0,0,0,0,0,0,0,0,0,0,0,0,0,0,0,0,0,0,0,0,0,0,0,0,0,0,0,0,0,0,0,0,0,0,0,0,0,0,0,0,0,0,0,0,0,0,0.74094,0.4361,0.38851,-0.76123]},{"time":2.9667,"offset":34,"vertices":[-2.3154,-3.50644,-2.5905,-3.3084,-1.02462,-0.51035,-0.503,1.02823,-0.60978,-0.96873,0,0,0,0,0,0,0,0,0,0,0,0,0,0,0,0,0,0,0,0,0,0,0,0,0,0,0,0,0,0,0,0,0,0,0,0,0,0,0,0,0,0,0,0,0,0,0,0,0,0,0,0,0,0,0,0,0,0,0,0,0,0,0,0,0,0,1.48189,0.8722,0.77703,-1.52247]}]},"nan_st":{"nan_st":[{},{"time":0.1667,"offset":68,"vertices":[-3.31947,6.7905,-7.51375,-0.82035,-7.51375,-0.82035,5.02966,-5.6423,3.89875,-6.47515]},{"time":0.4},{"time":0.5667,"offset":68,"vertices":[-3.31947,6.7905,-7.51375,-0.82035,-7.51375,-0.82035,5.02966,-5.6423,3.89875,-6.47515]},{"time":0.8},{"time":0.9667,"offset":68,"vertices":[-3.31947,6.7905,-7.51375,-0.82035,-7.51375,-0.82035,5.02966,-5.6423,3.89875,-6.47515]},{"time":1.2},{"time":1.3667,"offset":68,"vertices":[-3.31947,6.7905,-7.51375,-0.82035,-7.51375,-0.82035,5.02966,-5.6423,3.89875,-6.47515]},{"time":1.6},{"time":1.7667,"offset":68,"vertices":[-3.31947,6.7905,-7.51375,-0.82035,-7.51375,-0.82035,5.02966,-5.6423,3.89875,-6.47515]},{"time":2},{"time":2.1333,"offset":68,"vertices":[-3.31947,6.7905,-7.51375,-0.82035,-7.51375,-0.82035,5.02966,-5.6423,3.89875,-6.47515]},{"time":2.3333},{"time":2.4333,"offset":68,"vertices":[-3.31947,6.7905,-7.51375,-0.82035,-7.51375,-0.82035,5.02966,-5.6423,3.89875,-6.47515]},{"time":2.6},{"time":2.7,"offset":68,"vertices":[-3.31947,6.7905,-7.51375,-0.82035,-7.51375,-0.82035,5.02966,-5.6423,3.89875,-6.47515]},{"time":2.8667},{"time":2.9667,"offset":68,"vertices":[-3.31947,6.7905,-7.51375,-0.82035,-7.51375,-0.82035,5.02966,-5.6423,3.89875,-6.47515]},{"time":3,"offset":68,"vertices":[-3.31947,6.7905,-7.51375,-0.82035,-6.18493,-0.2841,3.82168,-4.87153,2.85418,-5.49424]},{"time":3.0333,"offset":68,"vertices":[-3.31947,6.7905,-7.51375,-0.82035,-8.52233,-0.4601,5.32176,-6.6727,3.9952,-7.54183]},{"time":3.0667,"offset":68,"vertices":[-3.31947,6.7905,-7.51375,-0.82035,-8.42622,0.51649,4.47076,-7.16131,3.0685,-7.8646]},{"time":3.1,"offset":68,"vertices":[-3.31947,6.7905,-7.51375,-0.82035,-8.63439,-0.42007,5.35422,-6.7872,4.00592,-7.66038]},{"time":3.1333,"offset":68,"vertices":[-3.31947,6.7905,-7.51375,-0.82035,-7.18548,0.45239,3.80276,-6.11379,2.60579,-6.71163]},{"time":3.1667,"offset":68,"vertices":[-3.31947,6.7905,-7.51375,-0.82035,-9.97916,0.06028,5.74367,-8.16106,4.1345,-9.08261]},{"time":3.2,"offset":68,"vertices":[-3.31947,6.7905,-7.51375,-0.82035,-10.00314,0.70067,5.23613,-8.55231,3.56335,-9.37323]},{"time":3.2333,"offset":68,"vertices":[-3.31947,6.7905,-7.51375,-0.82035,-9.691,-0.54809,6.07181,-7.57329,4.5657,-8.5657]},{"time":3.2667,"offset":68,"vertices":[-3.31947,6.7905,-7.51375,-0.82035,-7.51375,-0.82035,5.02966,-5.6423,3.89875,-6.47515]},{"time":3.3,"offset":68,"vertices":[-3.31947,6.7905,-7.51375,-0.82035,-6.18493,-0.2841,3.82168,-4.87153,2.85418,-5.49424]},{"time":3.3333,"offset":68,"vertices":[-3.31947,6.7905,-7.51375,-0.82035,-8.52233,-0.4601,5.32176,-6.6727,3.9952,-7.54183]},{"time":3.3667,"offset":68,"vertices":[-3.31947,6.7905,-7.51375,-0.82035,-8.42622,0.51649,4.47076,-7.16131,3.0685,-7.8646]},{"time":3.4,"offset":68,"vertices":[-3.31947,6.7905,-7.51375,-0.82035,-8.63439,-0.42007,5.35422,-6.7872,4.00592,-7.66038]},{"time":3.4333,"offset":68,"vertices":[-3.31947,6.7905,-7.51375,-0.82035,-7.18548,0.45239,3.80276,-6.11379,2.60579,-6.71163]},{"time":3.4667,"offset":68,"vertices":[-3.31947,6.7905,-7.51375,-0.82035,-9.97916,0.06028,5.74367,-8.16106,4.1345,-9.08261]},{"time":3.5,"offset":68,"vertices":[-3.31947,6.7905,-7.51375,-0.82035,-10.00314,0.70067,5.23613,-8.55231,3.56335,-9.37323]},{"time":3.5333,"offset":68,"vertices":[-3.31947,6.7905,-7.51375,-0.82035,-9.691,-0.54809,6.07181,-7.57329,4.5657,-8.5657]},{"time":3.6667,"offset":68,"vertices":[-3.31947,6.7905,-7.51375,-0.82035,-6.18493,-0.2841,3.82168,-4.87153,2.85418,-5.49424]},{"time":3.7,"offset":68,"vertices":[-3.31947,6.7905,-7.51375,-0.82035,-8.52233,-0.4601,5.32176,-6.6727,3.9952,-7.54183]},{"time":3.7333,"offset":68,"vertices":[-3.31947,6.7905,-7.51375,-0.82035,-8.42622,0.51649,4.47076,-7.16131,3.0685,-7.8646]},{"time":3.7667,"offset":68,"vertices":[-3.31947,6.7905,-7.51375,-0.82035,-8.63439,-0.42007,5.35422,-6.7872,4.00592,-7.66038]},{"time":3.8,"offset":68,"vertices":[-3.31947,6.7905,-7.51375,-0.82035,-7.18548,0.45239,3.80276,-6.11379,2.60579,-6.71163]},{"time":3.8333,"offset":68,"vertices":[-3.31947,6.7905,-7.51375,-0.82035,-9.97916,0.06028,5.74367,-8.16106,4.1345,-9.08261]},{"time":3.8667,"offset":68,"vertices":[-3.31947,6.7905,-7.51375,-0.82035,-10.00314,0.70067,5.23613,-8.55231,3.56335,-9.37323]},{"time":3.9,"offset":68,"vertices":[-3.31947,6.7905,-7.51375,-0.82035,-9.691,-0.54809,6.07181,-7.57329,4.5657,-8.5657]},{"time":3.9333,"offset":68,"vertices":[-3.31947,6.7905,-7.51375,-0.82035,-7.51375,-0.82035,5.02966,-5.6423,3.89875,-6.47515]},{"time":3.9667,"offset":68,"vertices":[-3.31947,6.7905,-7.51375,-0.82035,-6.18493,-0.2841,3.82168,-4.87153,2.85418,-5.49424]},{"time":4,"offset":68,"vertices":[-3.31947,6.7905,-7.51375,-0.82035,-8.52233,-0.4601,5.32176,-6.6727,3.9952,-7.54183]},{"time":4.0333,"offset":68,"vertices":[-3.31947,6.7905,-7.51375,-0.82035,-8.42622,0.51649,4.47076,-7.16131,3.0685,-7.8646]},{"time":4.0667,"offset":68,"vertices":[-3.31947,6.7905,-7.51375,-0.82035,-8.63439,-0.42007,5.35422,-6.7872,4.00592,-7.66038]},{"time":4.1,"offset":68,"vertices":[-3.31947,6.7905,-7.51375,-0.82035,-7.18548,0.45239,3.80276,-6.11379,2.60579,-6.71163]},{"time":4.1333,"offset":68,"vertices":[-3.31947,6.7905,-7.51375,-0.82035,-9.97916,0.06028,5.74367,-8.16106,4.1345,-9.08261]},{"time":4.1667,"offset":68,"vertices":[-3.31947,6.7905,-7.51375,-0.82035,-10.00314,0.70067,5.23613,-8.55231,3.56335,-9.37323]},{"time":4.2,"offset":68,"vertices":[-3.31947,6.7905,-7.51375,-0.82035,-9.691,-0.54809,6.07181,-7.57329,4.5657,-8.5657]},{"time":4.3333,"offset":68,"vertices":[-3.31947,6.7905,-7.51375,-0.82035,-6.18493,-0.2841,3.82168,-4.87153,2.85418,-5.49424]},{"time":4.3667,"offset":68,"vertices":[-3.31947,6.7905,-7.51375,-0.82035,-8.52233,-0.4601,5.32176,-6.6727,3.9952,-7.54183]},{"time":4.4,"offset":68,"vertices":[-3.31947,6.7905,-7.51375,-0.82035,-8.42622,0.51649,4.47076,-7.16131,3.0685,-7.8646]},{"time":4.4333,"offset":68,"vertices":[-3.31947,6.7905,-7.51375,-0.82035,-8.63439,-0.42007,5.35422,-6.7872,4.00592,-7.66038]},{"time":4.4667,"offset":68,"vertices":[-3.31947,6.7905,-7.51375,-0.82035,-7.18548,0.45239,3.80276,-6.11379,2.60579,-6.71163]},{"time":4.5,"offset":68,"vertices":[-3.31947,6.7905,-7.51375,-0.82035,-9.97916,0.06028,5.74367,-8.16106,4.1345,-9.08261]},{"time":4.5333,"offset":68,"vertices":[-3.31947,6.7905,-7.51375,-0.82035,-10.00314,0.70067,5.23613,-8.55231,3.56335,-9.37323]},{"time":4.5667,"offset":68,"vertices":[-3.31947,6.7905,-7.51375,-0.82035,-9.691,-0.54809,6.07181,-7.57329,4.5657,-8.5657]},{"time":4.6,"offset":68,"vertices":[-3.31947,6.7905,-7.51375,-0.82035,-7.51375,-0.82035,5.02966,-5.6423,3.89875,-6.47515]},{"time":4.6333,"offset":68,"vertices":[-3.31947,6.7905,-7.51375,-0.82035,-6.18493,-0.2841,3.82168,-4.87153,2.85418,-5.49424]},{"time":4.6667,"offset":68,"vertices":[-3.31947,6.7905,-7.51375,-0.82035,-8.52233,-0.4601,5.32176,-6.6727,3.9952,-7.54183]},{"time":4.7,"offset":68,"vertices":[-3.31947,6.7905,-7.51375,-0.82035,-8.42622,0.51649,4.47076,-7.16131,3.0685,-7.8646]},{"time":4.7333,"offset":68,"vertices":[-3.31947,6.7905,-7.51375,-0.82035,-8.63439,-0.42007,5.35422,-6.7872,4.00592,-7.66038]},{"time":4.7667,"offset":68,"vertices":[-3.31947,6.7905,-7.51375,-0.82035,-7.18548,0.45239,3.80276,-6.11379,2.60579,-6.71163]},{"time":4.8,"offset":68,"vertices":[-3.31947,6.7905,-7.51375,-0.82035,-9.97916,0.06028,5.74367,-8.16106,4.1345,-9.08261]},{"time":4.8333,"offset":68,"vertices":[-3.31947,6.7905,-7.51375,-0.82035,-10.00314,0.70067,5.23613,-8.55231,3.56335,-9.37323]},{"time":4.8667,"offset":68,"vertices":[-3.31947,6.7905,-7.51375,-0.82035,-9.691,-0.54809,6.07181,-7.57329,4.5657,-8.5657]}]},"nan_nj":{"nan_nj":[{},{"time":0.1667,"offset":42,"vertices":[-6.46539,0.59136,-4.79619,1.04958]},{"time":0.4},{"time":0.5667,"offset":42,"vertices":[-6.46539,0.59136,-4.79619,1.04958]},{"time":0.8},{"time":0.9667,"offset":42,"vertices":[-6.46539,0.59136,-4.79619,1.04958]},{"time":1.2},{"time":1.3667,"offset":42,"vertices":[-6.46539,0.59136,-4.79619,1.04958]},{"time":1.6},{"time":1.7667,"offset":42,"vertices":[-6.46539,0.59136,-4.79619,1.04958]},{"time":2},{"time":2.1333,"offset":42,"vertices":[-6.46539,0.59136,-4.79619,1.04958]},{"time":2.3333},{"time":2.4333,"offset":42,"vertices":[-6.46539,0.59136,-4.79619,1.04958]},{"time":2.6},{"time":2.7,"offset":42,"vertices":[-6.46539,0.59136,-4.79619,1.04958]},{"time":2.8667},{"time":2.9667,"offset":42,"vertices":[-6.46539,0.59136,-4.79619,1.04958]}]}}},"events":[{"time":0.1667,"name":"plug_into"},{"time":0.5667,"name":"plug_into"},{"time":0.9667,"name":"plug_into"},{"time":1.3667,"name":"plug_into"},{"time":1.7667,"name":"plug_into"},{"time":2.1333,"name":"plug_into"},{"time":2.4333,"name":"plug_into"},{"time":2.7,"name":"plug_into"},{"time":2.9667,"name":"plug_into"},{"time":3.2333,"name":"shoot_sperm"},{"time":3.9,"name":"shoot_sperm"},{"time":4.5667,"name":"shoot_sperm"}]}}},[0]]],0,0,[0],[-1],[0]]