[1,["8aTWQaEXVMz4xeRuLxNdPR","c29TyvfC9OJqsjdFXLUxKq"],0,[["sp.SkeletonData",["_name","_atlasText","textureNames","_skeletonJson","textures"],-1,3]],[[0,0,1,2,3,4,5]],[[0,"skeleton","\nskeleton.png\nsize: 2039,1944\nformat: RGBA8888\nfilter: Linear,Linear\nrepeat: none\nh_00000\n  rotate: false\n  xy: 818, 1383\n  size: 480, 270\n  orig: 480, 270\n  offset: 0, 0\n  index: -1\nh_00001\n  rotate: false\n  xy: 546, 1111\n  size: 480, 270\n  orig: 480, 270\n  offset: 0, 0\n  index: -1\nh_00002\n  rotate: false\n  xy: 1028, 1090\n  size: 480, 270\n  orig: 480, 270\n  offset: 0, 0\n  index: -1\nh_00003\n  rotate: false\n  xy: 2, 900\n  size: 480, 270\n  orig: 480, 270\n  offset: 0, 0\n  index: -1\nh_00004\n  rotate: false\n  xy: 1510, 869\n  size: 480, 270\n  orig: 480, 270\n  offset: 0, 0\n  index: -1\nh_00005\n  rotate: false\n  xy: 484, 839\n  size: 479, 270\n  orig: 480, 270\n  offset: 0, 0\n  index: -1\nh_00006\n  rotate: false\n  xy: 965, 818\n  size: 479, 270\n  orig: 480, 270\n  offset: 0, 0\n  index: -1\nh_00007\n  rotate: false\n  xy: 2, 628\n  size: 478, 270\n  orig: 480, 270\n  offset: 0, 0\n  index: -1\nh_00008\n  rotate: false\n  xy: 1446, 597\n  size: 478, 270\n  orig: 480, 270\n  offset: 0, 0\n  index: -1\nh_00009\n  rotate: false\n  xy: 482, 567\n  size: 477, 270\n  orig: 480, 270\n  offset: 0, 0\n  index: -1\nh_00010\n  rotate: false\n  xy: 961, 546\n  size: 476, 270\n  orig: 480, 270\n  offset: 0, 0\n  index: -1\nh_00011\n  rotate: false\n  xy: 2, 356\n  size: 476, 270\n  orig: 480, 270\n  offset: 0, 0\n  index: -1\nh_00012\n  rotate: false\n  xy: 1439, 325\n  size: 475, 270\n  orig: 480, 270\n  offset: 0, 0\n  index: -1\nh_00013\n  rotate: false\n  xy: 480, 295\n  size: 475, 270\n  orig: 480, 270\n  offset: 0, 0\n  index: -1\nh_00014\n  rotate: false\n  xy: 957, 274\n  size: 474, 270\n  orig: 480, 270\n  offset: 0, 0\n  index: -1\nh_00015\n  rotate: false\n  xy: 2, 84\n  size: 474, 270\n  orig: 480, 270\n  offset: 0, 0\n  index: -1\nh_00016\n  rotate: false\n  xy: 1433, 53\n  size: 473, 270\n  orig: 480, 270\n  offset: 0, 0\n  index: -1\nh_00017\n  rotate: false\n  xy: 478, 23\n  size: 473, 270\n  orig: 480, 270\n  offset: 0, 0\n  index: -1\nh_00018\n  rotate: false\n  xy: 1583, 1141\n  size: 454, 270\n  orig: 480, 270\n  offset: 0, 0\n  index: -1\nh_00019\n  rotate: false\n  xy: 953, 2\n  size: 453, 270\n  orig: 480, 270\n  offset: 0, 0\n  index: -1\nh_00028\n  rotate: true\n  xy: 274, 1172\n  size: 319, 270\n  orig: 480, 270\n  offset: 0, 0\n  index: -1\nh_00029\n  rotate: true\n  xy: 2, 1230\n  size: 300, 270\n  orig: 480, 270\n  offset: 0, 0\n  index: -1\nh_00030\n  rotate: false\n  xy: 1300, 1362\n  size: 281, 270\n  orig: 480, 270\n  offset: 0, 0\n  index: -1\nh_00031\n  rotate: true\n  xy: 1599, 1413\n  size: 262, 270\n  orig: 480, 270\n  offset: 0, 0\n  index: -1\nh_00032\n  rotate: true\n  xy: 546, 1434\n  size: 261, 270\n  orig: 480, 270\n  offset: 0, 0\n  index: -1\nh_00033\n  rotate: true\n  xy: 274, 1493\n  size: 242, 270\n  orig: 480, 270\n  offset: 0, 0\n  index: -1\nh_00034\n  rotate: true\n  xy: 2, 1532\n  size: 223, 270\n  orig: 480, 270\n  offset: 0, 0\n  index: -1\nh_00035\n  rotate: true\n  xy: 1328, 1634\n  size: 204, 269\n  orig: 480, 270\n  offset: 0, 1\n  index: -1\nh_00036\n  rotate: true\n  xy: 1059, 1655\n  size: 202, 267\n  orig: 480, 270\n  offset: 2, 1\n  index: -1\nh_00037\n  rotate: false\n  xy: 1807, 1677\n  size: 181, 265\n  orig: 480, 270\n  offset: 3, 2\n  index: -1\nh_00038\n  rotate: true\n  xy: 793, 1697\n  size: 162, 264\n  orig: 480, 270\n  offset: 3, 2\n  index: -1\nh_00039\n  rotate: true\n  xy: 528, 1737\n  size: 142, 263\n  orig: 480, 270\n  offset: 4, 3\n  index: -1\nh_00040\n  rotate: true\n  xy: 265, 1757\n  size: 141, 261\n  orig: 480, 270\n  offset: 5, 4\n  index: -1\nh_00041\n  rotate: true\n  xy: 2, 1796\n  size: 122, 261\n  orig: 480, 270\n  offset: 5, 4\n  index: -1\nh_00042\n  rotate: true\n  xy: 1546, 1840\n  size: 102, 259\n  orig: 480, 270\n  offset: 6, 5\n  index: -1\nh_00043\n  rotate: true\n  xy: 1286, 1859\n  size: 83, 258\n  orig: 480, 270\n  offset: 6, 5\n  index: -1\nh_00044\n  rotate: true\n  xy: 1027, 1861\n  size: 81, 257\n  orig: 480, 270\n  offset: 7, 6\n  index: -1\nh_00045\n  rotate: true\n  xy: 769, 1881\n  size: 61, 256\n  orig: 480, 270\n  offset: 8, 6\n  index: -1\nh_00046\n  rotate: true\n  xy: 512, 1900\n  size: 42, 255\n  orig: 480, 270\n  offset: 8, 7\n  index: -1\nh_00047\n  rotate: true\n  xy: 257, 1920\n  size: 22, 253\n  orig: 480, 270\n  offset: 9, 8\n  index: -1\nh_00048\n  rotate: true\n  xy: 2, 1939\n  size: 3, 253\n  orig: 480, 270\n  offset: 9, 8\n  index: -1\n\nskeleton2.png\nsize: 1535,546\nformat: RGBA8888\nfilter: Linear,Linear\nrepeat: none\nh_00020\n  rotate: false\n  xy: 2, 274\n  size: 434, 270\n  orig: 480, 270\n  offset: 0, 0\n  index: -1\nh_00021\n  rotate: false\n  xy: 2, 2\n  size: 415, 270\n  orig: 480, 270\n  offset: 0, 0\n  index: -1\nh_00022\n  rotate: false\n  xy: 419, 2\n  size: 396, 270\n  orig: 480, 270\n  offset: 0, 0\n  index: -1\nh_00023\n  rotate: false\n  xy: 438, 274\n  size: 395, 270\n  orig: 480, 270\n  offset: 0, 0\n  index: -1\nh_00024\n  rotate: false\n  xy: 817, 2\n  size: 376, 270\n  orig: 480, 270\n  offset: 0, 0\n  index: -1\nh_00025\n  rotate: false\n  xy: 835, 274\n  size: 357, 270\n  orig: 480, 270\n  offset: 0, 0\n  index: -1\nh_00026\n  rotate: false\n  xy: 1194, 274\n  size: 338, 270\n  orig: 480, 270\n  offset: 0, 0\n  index: -1\nh_00027\n  rotate: false\n  xy: 1195, 2\n  size: 338, 270\n  orig: 480, 270\n  offset: 0, 0\n  index: -1\n",["skeleton.png","skeleton2.png"],{"skeleton":{"hash":"g4kNuG5248ryYqK6UKXNsN/n+Io","spine":"3.8.75","x":-960.28,"y":-540.5,"width":1920.56,"height":1081,"images":"../拆解图片/","audio":""},"bones":[{"name":"root"},{"name":"hm","parent":"root","scaleX":4,"scaleY":4},{"name":"hm2","parent":"root","rotation":179.97,"scaleX":4,"scaleY":4}],"slots":[{"name":"h","bone":"hm","attachment":"h_00000"},{"name":"h2","bone":"hm2","attachment":"h_00048"}],"skins":[{"name":"default","attachments":{"h2":{"h_00000":{"width":480,"height":270},"h_00001":{"width":480,"height":270},"h_00002":{"width":480,"height":270},"h_00003":{"width":480,"height":270},"h_00004":{"width":480,"height":270},"h_00005":{"width":480,"height":270},"h_00006":{"width":480,"height":270},"h_00007":{"width":480,"height":270},"h_00008":{"width":480,"height":270},"h_00009":{"width":480,"height":270},"h_00010":{"width":480,"height":270},"h_00011":{"width":480,"height":270},"h_00012":{"width":480,"height":270},"h_00013":{"width":480,"height":270},"h_00014":{"width":480,"height":270},"h_00015":{"width":480,"height":270},"h_00016":{"width":480,"height":270},"h_00017":{"width":480,"height":270},"h_00018":{"width":480,"height":270},"h_00019":{"width":480,"height":270},"h_00020":{"width":480,"height":270},"h_00021":{"width":480,"height":270},"h_00022":{"width":480,"height":270},"h_00023":{"width":480,"height":270},"h_00024":{"width":480,"height":270},"h_00025":{"width":480,"height":270},"h_00026":{"width":480,"height":270},"h_00027":{"width":480,"height":270},"h_00028":{"width":480,"height":270},"h_00029":{"width":480,"height":270},"h_00030":{"width":480,"height":270},"h_00031":{"width":480,"height":270},"h_00032":{"width":480,"height":270},"h_00033":{"width":480,"height":270},"h_00034":{"width":480,"height":270},"h_00035":{"width":480,"height":270},"h_00036":{"width":480,"height":270},"h_00037":{"width":480,"height":270},"h_00038":{"width":480,"height":270},"h_00039":{"width":480,"height":270},"h_00040":{"width":480,"height":270},"h_00041":{"width":480,"height":270},"h_00042":{"width":480,"height":270},"h_00043":{"width":480,"height":270},"h_00044":{"width":480,"height":270},"h_00045":{"width":480,"height":270},"h_00046":{"width":480,"height":270},"h_00047":{"width":480,"height":270},"h_00048":{"width":480,"height":270}},"h":{"h_00000":{"width":480,"height":270},"h_00001":{"width":480,"height":270},"h_00002":{"width":480,"height":270},"h_00003":{"width":480,"height":270},"h_00004":{"width":480,"height":270},"h_00005":{"width":480,"height":270},"h_00006":{"width":480,"height":270},"h_00007":{"width":480,"height":270},"h_00008":{"width":480,"height":270},"h_00009":{"width":480,"height":270},"h_00010":{"width":480,"height":270},"h_00011":{"width":480,"height":270},"h_00012":{"width":480,"height":270},"h_00013":{"width":480,"height":270},"h_00014":{"width":480,"height":270},"h_00015":{"width":480,"height":270},"h_00016":{"width":480,"height":270},"h_00017":{"width":480,"height":270},"h_00018":{"width":480,"height":270},"h_00019":{"width":480,"height":270},"h_00020":{"width":480,"height":270},"h_00021":{"width":480,"height":270},"h_00022":{"width":480,"height":270},"h_00023":{"width":480,"height":270},"h_00024":{"width":480,"height":270},"h_00025":{"width":480,"height":270},"h_00026":{"width":480,"height":270},"h_00027":{"width":480,"height":270},"h_00028":{"width":480,"height":270},"h_00029":{"width":480,"height":270},"h_00030":{"width":480,"height":270},"h_00031":{"width":480,"height":270},"h_00032":{"width":480,"height":270},"h_00033":{"width":480,"height":270},"h_00034":{"width":480,"height":270},"h_00035":{"width":480,"height":270},"h_00036":{"width":480,"height":270},"h_00037":{"width":480,"height":270},"h_00038":{"width":480,"height":270},"h_00039":{"width":480,"height":270},"h_00040":{"width":480,"height":270},"h_00041":{"width":480,"height":270},"h_00042":{"width":480,"height":270},"h_00043":{"width":480,"height":270},"h_00044":{"width":480,"height":270},"h_00045":{"width":480,"height":270},"h_00046":{"width":480,"height":270},"h_00047":{"width":480,"height":270},"h_00048":{"width":480,"height":270}}}}],"animations":{"cx":{"slots":{"h2":{"attachment":[{"name":null}]},"h":{"attachment":[{"name":null},{"time":0.0333,"name":"h_00048"},{"time":0.0667,"name":"h_00047"},{"time":0.1,"name":"h_00046"},{"time":0.1333,"name":"h_00045"},{"time":0.1667,"name":"h_00044"},{"time":0.2,"name":"h_00043"},{"time":0.2333,"name":"h_00042"},{"time":0.2667,"name":"h_00041"},{"time":0.3,"name":"h_00040"},{"time":0.3333,"name":"h_00039"},{"time":0.3667,"name":"h_00038"},{"time":0.4,"name":"h_00037"},{"time":0.4333,"name":"h_00036"},{"time":0.4667,"name":"h_00035"},{"time":0.5,"name":"h_00034"},{"time":0.5333,"name":"h_00033"},{"time":0.5667,"name":"h_00032"},{"time":0.6,"name":"h_00031"},{"time":0.6333,"name":"h_00030"},{"time":0.6667,"name":"h_00029"},{"time":0.7,"name":"h_00028"},{"time":0.7333,"name":"h_00027"},{"time":0.7667,"name":"h_00026"},{"time":0.8,"name":"h_00025"},{"time":0.8333,"name":"h_00024"},{"time":0.8667,"name":"h_00023"},{"time":0.9,"name":"h_00022"},{"time":0.9333,"name":"h_00021"},{"time":0.9667,"name":"h_00020"},{"time":1,"name":"h_00019"},{"time":1.0333,"name":"h_00018"},{"time":1.0667,"name":"h_00017"},{"time":1.1,"name":"h_00016"},{"time":1.1333,"name":"h_00015"},{"time":1.1667,"name":"h_00014"},{"time":1.2,"name":"h_00013"},{"time":1.2333,"name":"h_00012"},{"time":1.2667,"name":"h_00011"},{"time":1.3,"name":"h_00010"},{"time":1.3333,"name":"h_00009"},{"time":1.3667,"name":"h_00008"},{"time":1.4,"name":"h_00007"},{"time":1.4333,"name":"h_00006"},{"time":1.4667,"name":"h_00005"},{"time":1.5,"name":"h_00004"},{"time":1.5333,"name":"h_00003"},{"time":1.5667,"name":"h_00002"},{"time":1.6,"name":"h_00001"},{"time":1.6333,"name":"h_00000"}]}}},"xs":{"slots":{"h2":{"attachment":[{"name":"h_00000"},{"time":0.0333,"name":"h_00001"},{"time":0.0667,"name":"h_00002"},{"time":0.1,"name":"h_00003"},{"time":0.1333,"name":"h_00004"},{"time":0.1667,"name":"h_00005"},{"time":0.2,"name":"h_00006"},{"time":0.2333,"name":"h_00007"},{"time":0.2667,"name":"h_00008"},{"time":0.3,"name":"h_00009"},{"time":0.3333,"name":"h_00010"},{"time":0.3667,"name":"h_00011"},{"time":0.4,"name":"h_00012"},{"time":0.4333,"name":"h_00013"},{"time":0.4667,"name":"h_00014"},{"time":0.5,"name":"h_00015"},{"time":0.5333,"name":"h_00016"},{"time":0.5667,"name":"h_00017"},{"time":0.6,"name":"h_00018"},{"time":0.6333,"name":"h_00019"},{"time":0.6667,"name":"h_00020"},{"time":0.7,"name":"h_00021"},{"time":0.7333,"name":"h_00022"},{"time":0.7667,"name":"h_00023"},{"time":0.8,"name":"h_00024"},{"time":0.8333,"name":"h_00025"},{"time":0.8667,"name":"h_00026"},{"time":0.9,"name":"h_00027"},{"time":0.9333,"name":"h_00028"},{"time":0.9667,"name":"h_00029"},{"time":1,"name":"h_00030"},{"time":1.0333,"name":"h_00031"},{"time":1.0667,"name":"h_00032"},{"time":1.1,"name":"h_00033"},{"time":1.1333,"name":"h_00034"},{"time":1.1667,"name":"h_00035"},{"time":1.2,"name":"h_00036"},{"time":1.2333,"name":"h_00037"},{"time":1.2667,"name":"h_00038"},{"time":1.3,"name":"h_00039"},{"time":1.3333,"name":"h_00040"},{"time":1.3667,"name":"h_00041"},{"time":1.4,"name":"h_00042"},{"time":1.4333,"name":"h_00043"},{"time":1.4667,"name":"h_00044"},{"time":1.5,"name":"h_00045"},{"time":1.5333,"name":"h_00046"},{"time":1.5667,"name":"h_00047"},{"time":1.6,"name":"h_00048"},{"time":1.6333,"name":null}]},"h":{"attachment":[{"name":null}]}}}}},[0,1]]],0,0,[0,0],[-1,-2],[0,1]]