[1,["ecpdLyjvZBwrvm+cedCcQy","59QOjhpsdJiZPufGpMPU3v","ddXEz4OJ9FlLNgNJGpzJWV","36FfP5UmNBfImZUd4hci2r","d39Lkm7hdDoLQp18M+B2Rn","53ntSR2H5LNqzkRthnQBvP","dedg+E0bdCnIFENmyFBkMT","a2MjXRFdtLlYQ5ouAFv/+R","ebstOkV2hNBqskHjxwj0WP","0dS0yMAgZN0bQFX5ujHdlf","40pWiFUvNCbKtf9SVssThJ"],["node","_spriteFrame","_N$normalSprite","_N$pressedSprite","_N$hoverSprite","_N$disabledSprite","_parent","_textureSetter","scene"],[["cc.Node",["_name","_active","_id","_objFlags","_contentSize","_components","_parent","_trs","_children","_color"],-1,5,9,1,7,12,5],["cc.Node",["_name","_active","_children","_parent","_components","_contentSize","_trs"],1,2,1,9,5,7],"cc.SpriteFrame",["cc.Widget",["_alignFlags","_originalWidth","_originalHeight","node"],0,1],["cc.Sprite",["_sizeMode","node","_materials","_spriteFrame"],2,1,3,6],["cc.SceneAsset",["_name","asyncLoadAssets"],1],["cc.Canvas",["node","_designResolution"],3,1,5],["a024csZbR9KGabEBkjyHLF3",["node"],3,1],["cc.Button",["_N$transition","node","clickEvents","_N$normalSprite","_N$pressedSprite","_N$hoverSprite","_N$disabledSprite"],2,1,9,6,6,6,6],["cc.ClickEvent",["_componentId","handler","target"],1,1],["cc.Label",["_string","_fontSize","_lineHeight","_N$horizontalAlign","_N$verticalAlign","node","_materials"],-2,1,3],["27dabkcX5pKDqf0pU5LwpqQ",["_langId","node"],2,1],["cc.Scene",["_name","_active","_children","_anchorPoint","_trs"],1,2,5,7],["cc.Camera",["_clearFlags","_depth","node"],1,1]],[[4,1,2,3,1],[0,0,6,5,4,7,2],[8,0,1,2,3,4,5,6,2],[9,0,1,2,3],[10,0,1,2,3,4,5,6,6],[11,0,1,2],[1,0,3,2,4,5,6,2],[5,0,1,3],[0,0,2,8,5,4,7,3],[0,0,1,6,4,3],[0,0,1,6,5,9,4,3],[0,0,3,6,5,4,3],[1,0,2,2],[1,0,3,2,4,5,2],[1,0,1,3,2,4,5,6,3],[6,0,1,1],[3,0,3,2],[3,0,1,2,3,4],[7,0,1],[4,0,1,2,3,2],[12,0,1,2,3,4,3],[13,0,1,2,3]],[[[[7,"Start",null],[8,"Canvas","a5esZu+45LA5mBpvttspPD",[[-4,-5,[9,"pnlUiLayer",false,-6,[5,1920,1080]],-7],1,1,4,1],[[15,-1,[5,1920,1080]],[16,45,-2],[18,-3]],[5,1920,1080],[960,540,0,0,0,0,1,1,1,1]],[12,"pnlBtnContent",[-8,-9,-10,-11,-12]],[13,"pnlContent",1,[-14,-15,2],[[0,-13,[39],40]],[5,1920,1080]],[6,"btnStart",2,[-18],[[0,-16,[5],6],[2,2,-17,[[3,"a024csZbR9KGabEBkjyHLF3","onBtnStart",1]],7,8,9,10]],[5,855,125],[36.344,-92.043,0,0,0,0,1,1,1,0]],[6,"btnArchive",2,[-21],[[2,2,-19,[[3,"a024csZbR9KGabEBkjyHLF3","onBtnArchive",1]],12,13,14,15],[0,-20,[16],17]],[5,855,125],[36.344,-222.628,0,0,0,0,1,1,1,0]],[6,"btnMemoir",2,[-24],[[0,-22,[19],20],[2,2,-23,[[3,"a024csZbR9KGabEBkjyHLF3","onBtnMemoir",1]],21,22,23,24]],[5,855,125],[36.344,-351.942,0,0,0,0,1,1,1,0]],[6,"btnSetting",2,[-27],[[0,-25,[26],27],[2,2,-26,[[3,"a024csZbR9KGabEBkjyHLF3","onBtnSetting",1]],28,29,30,31]],[5,855,125],[36.344,-477.619,0,0,0,0,1,1,1,0]],[14,"btnExit",false,2,[-30],[[0,-28,[33],34],[2,3,-29,[[3,"a024csZbR9KGabEBkjyHLF3","onBtnExit",1]],35,36,37,38]],[5,494,88],[955.42,-465.462,0,0,0,0,1,1,1,0]],[1,"lbName",4,[[4,"开始",46,46,1,1,-31,[4]],[5,15,-32]],[5,92,57.96],[0.397,7.048,0,0,0,0,1,1,1,1]],[1,"lbName",5,[[4,"载入存档",46,46,1,1,-33,[11]],[5,16,-34]],[5,184,57.96],[3,7.048,0,0,0,0,1,1,1,1]],[1,"lbName",6,[[4,"回忆录",46,46,1,1,-35,[18]],[5,17,-36]],[5,138,57.96],[3,7.048,0,0,0,0,1,1,1,1]],[1,"lbName",7,[[4,"系统",46,46,1,1,-37,[25]],[5,49,-38]],[5,92,57.96],[3,7.048,0,0,0,0,1,1,1,1]],[1,"lbName",8,[[4,"离开",36,36,1,1,-39,[32]],[5,19,-40]],[5,72,45.36],[-116.55,7.048,0,0,0,0,1,1,1,1]],[10,"pnlBlack",false,1,[[19,0,-41,[41],42],[17,45,100,100,-42]],[4,4278190080],[5,1920,1080]],[20,"New Node",false,[1],[0,0,0],[0,0,0,0,0,0,1,1,1,1]],[11,"Main Camera",512,1,[[21,7,-1,-43]],[5,960,640]],[1,"imgFigure",3,[[0,-44,[0],1]],[5,1365,1080],[-767.579,0,0,0,0,0,1,1,1,1]],[1,"imgLogo",3,[[0,-45,[2],3]],[5,1408,259],[235.393,246.371,0,0,0,0,1,1,1,1]]],0,[0,0,1,0,0,1,0,0,1,0,-1,16,0,-2,3,0,6,1,0,-4,14,0,-1,4,0,-2,5,0,-3,6,0,-4,7,0,-5,8,0,0,3,0,-1,17,0,-2,18,0,0,4,0,0,4,0,-1,9,0,0,5,0,0,5,0,-1,10,0,0,6,0,0,6,0,-1,11,0,0,7,0,0,7,0,-1,12,0,0,8,0,0,8,0,-1,13,0,0,9,0,0,9,0,0,10,0,0,10,0,0,11,0,0,11,0,0,12,0,0,12,0,0,13,0,0,13,0,0,14,0,0,14,0,0,16,0,0,17,0,0,18,0,8,15,1,6,15,2,6,3,45],[0,0,0,0,0,0,0,0,0,0,0,0,0,0,0,0,0,0,0,0,0,0,0,0,0,0,0,0,0,0,0,0,0,0,0,0,0,0,0,0,0,0,0],[-1,1,-1,1,-1,-1,1,2,3,4,5,-1,2,3,4,5,-1,1,-1,-1,1,2,3,4,5,-1,-1,1,2,3,4,5,-1,-1,1,2,3,4,5,-1,1,-1,1],[0,4,0,5,0,0,1,1,2,2,1,0,1,2,2,1,0,1,0,0,1,1,2,2,1,0,0,1,1,2,2,1,0,0,3,3,2,2,1,0,6,0,7]],[[{"name":"dl_logo","rect":[0,0,1408,259],"offset":[0,0],"originalSize":[1408,259],"capInsets":[0,0,0,0]}],[2],0,[0],[7],[8]],[[{"name":"dl_nv","rect":[0,0,1365,1080],"offset":[0,0],"originalSize":[1365,1080],"capInsets":[0,0,0,0]}],[2],0,[0],[7],[9]],[[{"name":"startBG","rect":[0,0,1920,1080],"offset":[0,0],"originalSize":[1920,1080],"capInsets":[0,0,0,0]}],[2],0,[0],[7],[10]]]]