{"paths":{},"types":[],"uuids":["e4Cl0WiD5FFYKujBPsZ0Ws","13fEfZmPpODogrmBAFs2wU","0dS0yMAgZN0bQFX5ujHdlf","ebstOkV2hNBqskHjxwj0WP","40pWiFUvNCbKtf9SVssThJ","ecpdLyjvZBwrvm+cedCcQy","d39Lkm7hdDoLQp18M+B2Rn","53ntSR2H5LNqzkRthnQBvP","59QOjhpsdJiZPufGpMPU3v","ddXEz4OJ9FlLNgNJGpzJWV","36FfP5UmNBfImZUd4hci2r","dedg+E0bdCnIFENmyFBkMT","a2MjXRFdtLlYQ5ouAFv/+R"],"scenes":{"db://assets/scenes/Game.fire":0,"db://assets/scenes/Start.fire":1},"redirect":[5,0,8,1,9,1,10,1,12,1],"deps":["internal","resources"],"packs":{"085be9390":[1,7,6,11],"0ce33b46d":[2,4,3]},"name":"main","importBase":"import","nativeBase":"native","debug":false,"isZip":false,"encrypted":true,"versions":{"import":["085be9390","8771a","0ce33b46d","c36e8",0,"3959b"],"native":[2,"19638",4,"2fc4e",3,"8cb51"]}}